tf,horizon,offset,method,n,mean_RUB,total_RUB,realized_mdd_RUB
D1,four_weeks,0,atrD_0.025,28,2175.2874357142955,60908.048200000274,48796.158199999976
D1,four_weeks,0,atrD_0.05,28,2118.7280642857318,59324.38580000049,47855.16655000014
D1,four_weeks,0,atrD_0.1,28,2635.773676785732,73801.6629500005,38492.50089999998
D1,four_weeks,0,atrD_0.25,28,1620.6553928571545,45378.35100000033,37916.4995
D1,four_weeks,0,atrH_0.1,28,2131.688175000009,59687.26890000024,50026.94514999994
D1,four_weeks,0,atrH_0.25,28,1911.3268946428689,53517.15305000033,48637.231750000006
D1,four_weeks,0,atrH_0.5,28,2513.8246339285856,70387.08975000039,39208.84499999992
D1,four_weeks,0,atrH_1,28,2030.6467357142924,56858.10860000019,40338.39110000001
D1,four_weeks,0,combo_0.25_1,9,3799.7755111111055,34197.97959999995,37767.22630000004
D1,four_weeks,0,combo_0.5_2,9,3124.5053611111102,28120.548249999993,39457.11399999999
D1,four_weeks,0,combo_1_2,9,2609.1768833333317,23482.591949999987,40338.39110000001
D1,four_weeks,0,fixed_0,28,2493.1692696428904,69808.73955000093,48381.77629999987
D1,four_weeks,0,fixed_0.01,28,2423.443571428585,67856.42000000038,48779.226050000005
D1,four_weeks,0,fixed_0.03,28,2320.9989303571683,64987.97005000072,49566.94514999991
D1,four_weeks,0,fixed_0.05,28,2081.0412464285705,58269.15489999997,48027.88225000011
D1,four_weeks,0,fixed_0.1,28,1587.2754178571427,44443.71169999999,52478.8170000001
D1,four_weeks,0,fixed_0.2,28,1940.618876785728,54337.328550000384,39145.63469999999
D1,four_weeks,0,fixed_0.5,28,891.1972142857288,24953.52200000041,42111.85379999994
D1,four_weeks,0,price_0.0005,28,2086.398528571424,58419.158799999874,48077.88225000013
D1,four_weeks,0,price_0.001,28,2695.935016071437,75486.18045000023,38595.38050000003
D1,four_weeks,0,price_0.002,28,1994.8079089285748,55854.62145000009,38804.70280000003
D1,four_weeks,0,price_0.005,28,1010.715073214289,28300.02205000009,41073.56875000003
D1,four_weeks,0,q_0.5,28,2403.7180464285825,67304.10530000032,48381.77629999987
D1,four_weeks,0,q_0.75,28,836.6256017857164,23425.51685000006,18377.100699999988
D1,four_weeks,0,q_0.9,28,-348.5322642857133,-9758.903399999974,13290.449749999972
D1,four_weeks,0,selected_atrD,28,1378.8218285714393,38607.0112000003,50796.76344999998
D1,four_weeks,0,selected_atrH,28,1273.853405357153,35667.89535000028,54354.880499999934
D1,four_weeks,0,selected_combo,9,3026.58568333333,27239.27114999997,40338.39110000001
D1,four_weeks,0,selected_fixed,28,1175.7622250000127,32921.34230000035,57492.37624999997
D1,four_weeks,0,selected_price,28,1658.3656696428645,46434.23875000021,51645.644450000094
D1,four_weeks,0,selected_q,28,-348.5322642857133,-9758.903399999974,13290.449749999972
D1,four_weeks,1,atrD_0.025,28,3153.0226553571533,88284.6343500003,48796.158199999976
D1,four_weeks,1,atrD_0.05,28,3100.8118910714466,86822.7329500005,47855.16655000014
D1,four_weeks,1,atrD_0.1,28,3529.439646428589,98824.3101000005,38492.50089999998
D1,four_weeks,1,atrD_0.25,28,2446.4817267857266,68501.48835000035,37916.499500000005
D1,four_weeks,1,atrH_0.1,28,3110.8519660714387,87103.85505000029,50026.94514999995
D1,four_weeks,1,atrH_0.25,28,2801.7785785714404,78449.80020000033,48637.231750000006
D1,four_weeks,1,atrH_0.5,28,3412.8477464285866,95559.73690000043,39208.84499999992
D1,four_weeks,1,atrH_1,28,2861.830212500008,80131.24595000023,40338.39110000001
D1,four_weeks,1,combo_0.25_1,9,3799.7755111111055,34197.97959999995,37767.22630000004
D1,four_weeks,1,combo_0.5_2,9,3124.5053611111102,28120.548249999993,39457.11399999999
D1,four_weeks,1,combo_1_2,9,2609.1768833333317,23482.591949999987,40338.39110000001
D1,four_weeks,1,fixed_0,28,3552.718505357177,99476.11815000096,48381.77629999987
D1,four_weeks,1,fixed_0.01,28,3484.421378571443,97563.7986000004,48779.22605000001
D1,four_weeks,1,fixed_0.03,28,3298.734150000026,92364.55620000073,49566.94514999991
D1,four_weeks,1,fixed_0.05,28,3061.6336089285724,85725.74105000003,48027.882250000104
D1,four_weeks,1,fixed_0.1,28,2478.7985303571436,69406.35885000002,52478.817000000105
D1,four_weeks,1,fixed_0.2,28,2842.856275000014,79599.9757000004,39145.63469999998
D1,four_weeks,1,fixed_0.5,28,1653.5644375000145,46299.80425000041,42111.85379999994
D1,four_weeks,1,price_0.0005,28,3066.9908910714257,85875.74494999992,48077.88225000013
D1,four_weeks,1,price_0.001,28,3587.458128571438,100448.82760000027,38595.380500000036
D1,four_weeks,1,price_0.002,28,2895.973878571433,81087.26860000013,38804.70280000003
D1,four_weeks,1,price_0.005,28,1768.8458410714327,49527.68355000012,41073.56875000003
D1,four_weeks,1,q_0.5,28,3381.4532660714403,94680.69145000033,48381.77629999987
D1,four_weeks,1,q_0.75,28,1084.7050625000024,30371.741750000067,18377.100699999988
D1,four_weeks,1,q_0.9,28,-186.5525339285702,-5223.470949999965,13290.44974999997
D1,four_weeks,1,selected_atrD,28,2204.6481625000115,61730.14855000032,50796.763449999984
D1,four_weeks,1,selected_atrH,28,2105.036882142867,58941.03270000027,54354.880499999934
D1,four_weeks,1,selected_combo,9,3026.58568333333,27239.27114999997,40338.39110000001
D1,four_weeks,1,selected_fixed,28,1938.1294482142985,54267.62455000036,57492.37624999997
D1,four_weeks,1,selected_price,28,2549.888782142865,71396.88590000021,51645.644450000094
D1,four_weeks,1,selected_q,28,-186.5525339285702,-5223.470949999965,13290.44974999997
D1,four_weeks,2,atrD_0.025,28,1772.5899517857226,49632.51865000023,62266.84820000002
D1,four_weeks,2,atrD_0.05,28,1829.8211053571451,51234.990950000065,59180.741550000166
D1,four_weeks,2,atrD_0.1,28,2313.319558928582,64772.94765000029,49968.0759
D1,four_weeks,2,atrD_0.25,28,1348.5474928571518,37759.329800000254,49942.074500000024
D1,four_weeks,2,atrH_0.1,28,1733.276405357156,48531.73935000037,63557.635149999944
D1,four_weeks,2,atrH_0.25,28,1528.9068839285774,42809.39275000017,60112.80675000003
D1,four_weeks,2,atrH_0.5,28,2176.1111625000162,60931.11255000046,51034.41999999992
D1,four_weeks,2,atrH_1,28,1830.5046178571527,51254.12930000028,52863.966100000005
D1,four_weeks,2,combo_0.25_1,9,3799.7755111111055,34197.97959999995,37767.22630000004
D1,four_weeks,2,combo_0.5_2,9,3124.5053611111102,28120.548249999993,39457.11399999999
D1,four_weeks,2,combo_1_2,9,2609.1768833333317,23482.591949999987,40338.39110000001
D1,four_weeks,2,fixed_0,28,2026.405700000015,56739.35960000042,61740.69109999986
D1,four_weeks,2,fixed_0.01,28,1971.664812500009,55206.614750000255,62198.140850000025
D1,four_weeks,2,fixed_0.03,28,1914.859014285725,53616.0524000003,63097.635149999915
D1,four_weeks,2,fixed_0.05,28,1825.0812589285767,51102.27525000015,59403.45725000009
D1,four_weeks,2,fixed_0.1,28,1188.4189607142857,33275.7309,64104.39200000014
D1,four_weeks,2,fixed_0.2,28,1712.8052750000115,47958.54770000032,51271.20969999999
D1,four_weeks,2,fixed_0.5,28,824.3455214285816,23081.674600000286,53012.31379999993
D1,four_weeks,2,price_0.0005,28,1830.4385410714308,51252.27915000006,59453.45725000011
D1,four_weeks,2,price_0.001,28,2298.864273214296,64368.19965000029,50170.95550000004
D1,four_weeks,2,price_0.002,28,1797.4661535714351,50329.052300000185,50830.277800000054
D1,four_weeks,2,price_0.005,28,958.3416714285776,26833.56680000017,51774.02875000003
D1,four_weeks,2,q_0.5,28,2006.020562500013,56168.57575000037,61852.46629999992
D1,four_weeks,2,q_0.75,28,714.6758321428588,20010.923300000046,23697.20865000003
D1,four_weeks,2,q_0.9,28,-486.95415357142747,-13634.71629999997,18908.539849999986
D1,four_weeks,2,selected_atrD,28,1106.7139285714366,30987.990000000224,62822.33845000001
D1,four_weeks,2,selected_atrH,28,1073.7112875000123,30063.91605000034,66880.45549999992
D1,four_weeks,2,selected_combo,9,3026.58568333333,27239.27114999997,40338.39110000001
D1,four_weeks,2,selected_fixed,28,1108.9105321428651,31049.494900000223,68392.83624999996
D1,four_weeks,2,selected_price,28,1261.2949267857225,35316.25795000023,63221.2194500001
D1,four_weeks,2,selected_q,28,-486.95415357142747,-13634.71629999997,18908.539849999986
D1,four_weeks,3,atrD_0.025,28,1154.0418589285803,32313.17205000025,62266.84820000002
D1,four_weeks,3,atrD_0.05,28,1206.8572553571455,33792.00315000008,59180.74155000016
D1,four_weeks,3,atrD_0.1,28,1680.1598446428688,47044.47565000033,49968.0759
D1,four_weeks,3,atrD_0.25,28,775.8616000000102,21724.124800000285,49942.07450000003
D1,four_weeks,3,atrH_0.1,28,1116.1568839285858,31252.3927500004,63557.635149999944
D1,four_weeks,3,atrH_0.25,28,907.3716053571495,25406.404950000186,60112.80675000003
D1,four_weeks,3,atrH_0.5,28,1547.2371625000176,43322.64055000049,51034.41999999992
D1,four_weeks,3,atrH_1,28,1186.0450750000114,33209.26210000032,52863.966100000005
D1,four_weeks,3,combo_0.25_1,9,3799.7755111111055,34197.97959999995,37767.22630000004
D1,four_weeks,3,combo_0.5_2,9,3124.5053611111102,28120.548249999993,39457.11399999999
D1,four_weeks,3,combo_1_2,9,2609.1768833333317,23482.591949999987,40338.39110000001
D1,four_weeks,3,fixed_0,28,1364.4056642857304,38203.35860000045,61740.69109999985
D1,four_weeks,3,fixed_0.01,28,1357.207569642867,38001.81195000027,62198.140850000025
D1,four_weeks,3,fixed_0.03,28,1297.739492857155,36336.70580000034,63097.63514999991
D1,four_weeks,3,fixed_0.05,28,1204.9745517857211,33739.28745000019,59403.45725000008
D1,four_weeks,3,fixed_0.1,28,561.2340749999997,15714.554099999994,64104.39200000013
D1,four_weeks,3,fixed_0.2,28,1071.2037750000127,29993.705700000355,51271.20969999999
D1,four_weeks,3,fixed_0.5,28,228.99515000001142,6411.86420000032,53012.31379999993
D1,four_weeks,3,price_0.0005,28,1210.3318339285756,33889.291350000116,59453.45725000011
D1,four_weeks,3,price_0.001,28,1673.1079589285825,46847.022850000314,50170.95550000004
D1,four_weeks,3,price_0.002,28,1158.721796428578,32444.210300000188,50830.277800000054
D1,four_weeks,3,price_0.005,28,369.9386000000069,10358.280800000193,51774.02875000003
D1,four_weeks,3,q_0.5,28,1388.9010410714423,38889.229150000385,61852.46629999991
D1,four_weeks,3,q_0.75,28,461.4103321428589,12919.48930000005,23697.20865000003
D1,four_weeks,3,q_0.9,28,-486.95415357142747,-13634.71629999997,18908.539849999986
D1,four_weeks,3,selected_atrD,28,534.0280357142946,14952.785000000247,62822.33845
D1,four_weeks,3,selected_atrH,28,429.25174464287136,12019.048850000398,66880.45549999992
D1,four_weeks,3,selected_combo,9,3026.58568333333,27239.27114999997,40338.39110000001
D1,four_weeks,3,selected_fixed,28,513.560160714295,14379.68450000026,68392.83624999996
D1,four_weeks,3,selected_price,28,635.5386125000093,17795.08115000026,63221.2194500001
D1,four_weeks,3,selected_q,28,-486.95415357142747,-13634.71629999997,18908.539849999986
D1,four_weeks,4,atrD_0.025,28,1246.7509000000061,34909.02520000017,72688.15920000002
D1,four_weeks,4,atrD_0.05,28,1270.1617535714279,35564.52909999998,69702.05255000014
D1,four_weeks,4,atrD_0.1,28,1768.953616071431,49530.70125000007,60691.64190000002
D1,four_weeks,4,atrD_0.25,28,940.0785125000049,26322.198350000137,58930.040900000015
D1,four_weeks,4,atrH_0.1,28,1200.6516392857213,33618.2459000002,74028.94614999997
D1,four_weeks,4,atrH_0.25,28,986.6366553571435,27625.826350000018,70736.37275000005
D1,four_weeks,4,atrH_0.5,28,1791.0925053571511,50150.59015000023,59731.45199999992
D1,four_weeks,4,atrH_1,28,1322.0004339285765,37016.01215000014,61970.094099999995
D1,four_weeks,4,combo_0.25_1,9,3799.7755111111055,34197.97959999995,37767.22630000004
D1,four_weeks,4,combo_0.5_2,9,3124.5053611111102,28120.548249999993,39457.11399999999
D1,four_weeks,4,combo_1_2,9,2609.1768833333317,23482.591949999987,40338.39110000001
D1,four_weeks,4,fixed_0,28,1489.5977267857252,41708.736350000305,72062.00209999987
D1,four_weeks,4,fixed_0.01,28,1437.3771500000025,40246.56020000007,72569.45185
D1,four_weeks,4,fixed_0.03,28,1387.2342482142935,38842.55895000022,73568.94614999993
D1,four_weeks,4,fixed_0.05,28,1263.6361928571434,35381.813400000014,69974.76825000008
D1,four_weeks,4,fixed_0.1,28,706.760003571424,19789.280099999873,74927.95800000012
D1,four_weeks,4,fixed_0.2,28,1230.6843767857183,34459.16255000011,60337.33770000002
D1,four_weeks,4,fixed_0.5,28,257.09453214286503,7198.646900000222,65636.83599999995
D1,four_weeks,4,price_0.0005,28,1268.9934749999982,35531.81729999995,70024.76825000011
D1,four_weeks,4,price_0.001,28,1817.2053160714347,50881.74885000017,60994.52150000003
D1,four_weeks,4,price_0.002,28,1291.8041678571458,36170.51670000008,59856.40580000005
D1,four_weeks,4,price_0.005,28,485.63973928571755,13597.912700000092,64278.57135000003
D1,four_weeks,4,q_0.5,28,1475.1815107142932,41305.082300000206,72273.7772999999
D1,four_weeks,4,q_0.75,28,-26.904408928571375,-753.3234499999985,32829.75905000002
D1,four_weeks,4,q_0.9,28,-745.6121339285712,-20877.139749999995,24591.51984999999
D1,four_weeks,4,selected_atrD,28,698.2449482142895,19550.858550000106,71810.30484999999
D1,four_weeks,4,selected_atrH,28,565.2071035714364,15825.79890000022,75986.58349999992
D1,four_weeks,4,selected_combo,9,3026.58568333333,27239.27114999997,40338.39110000001
D1,four_weeks,4,selected_fixed,28,541.6595428571485,15166.467200000157,81017.35844999999
D1,four_weeks,4,selected_price,28,779.635969642861,21829.80715000011,74044.78545000008
D1,four_weeks,4,selected_q,28,-745.6121339285712,-20877.139749999995,24591.51984999999
D1,four_weeks,5,atrD_0.025,27,1405.3820370370488,37945.315000000315,48796.158199999976
D1,four_weeks,5,atrD_0.05,27,1348.9311407407415,36421.14080000002,47855.16655000014
D1,four_weeks,5,atrD_0.1,27,1879.279668518523,50740.551050000126,38492.500899999985
D1,four_weeks,5,atrD_0.25,27,1032.7903796296396,27885.34025000027,37916.49949999999
D1,four_weeks,5,atrH_0.1,27,1361.6494703703825,36764.53570000033,50026.94514999995
D1,four_weeks,5,atrH_0.25,27,1064.247890740745,28734.693050000118,48637.231750000006
D1,four_weeks,5,atrH_0.5,27,1863.6225092592726,50317.807750000364,39208.84499999993
D1,four_weeks,5,atrH_1,27,1468.244061111116,39642.58965000013,40338.39110000001
D1,four_weeks,5,combo_0.25_1,9,3799.7755111111055,34197.97959999995,37767.22630000004
D1,four_weeks,5,combo_0.5_2,9,3124.5053611111102,28120.548249999993,39457.11399999999
D1,four_weeks,5,combo_1_2,9,2609.1768833333317,23482.591949999987,40338.39110000001
D1,four_weeks,5,fixed_0,27,1629.8722944444546,44006.55195000028,48381.77629999987
D1,four_weeks,5,fixed_0.01,27,1567.5694740740798,42324.375800000154,48779.22605
D1,four_weeks,5,fixed_0.03,27,1544.3120611111174,41696.42565000017,49566.94514999991
D1,four_weeks,5,fixed_0.05,27,1346.409555555558,36353.05800000006,48027.8822500001
D1,four_weeks,5,fixed_0.1,27,877.0948388888843,23681.560649999876,52478.8170000001
D1,four_weeks,5,fixed_0.2,27,1323.027187037047,35721.73405000027,39145.63469999998
D1,four_weeks,5,fixed_0.5,27,947.4584481481578,25581.37810000026,42111.85379999994
D1,four_weeks,5,price_0.0005,27,1351.9652555555551,36503.061899999986,48077.882250000126
D1,four_weeks,5,price_0.001,27,2026.8159037037087,54724.02940000014,38595.38050000003
D1,four_weeks,5,price_0.002,27,1390.1143777777843,37533.08820000017,38804.70280000003
D1,four_weeks,5,price_0.005,27,1107.9466962963024,29914.560800000163,41073.56875000003
D1,four_weeks,5,q_0.5,27,1642.273040740754,44341.37210000036,48381.77629999987
D1,four_weeks,5,q_0.75,27,1157.6846092592605,31257.484450000033,18377.100699999988
D1,four_weeks,5,q_0.9,27,-221.14074074073966,-5970.799999999971,13290.44974999997
D1,four_weeks,5,selected_atrD,27,782.0000166666755,21114.00045000024,50796.76344999997
D1,four_weeks,5,selected_atrH,27,683.4213481481563,18452.37640000022,54354.880499999934
D1,four_weeks,5,selected_combo,9,3026.58568333333,27239.27114999997,40338.39110000001
D1,four_weeks,5,selected_fixed,27,1242.562903703711,33549.1984000002,57492.37624999997
D1,four_weeks,5,selected_price,27,950.8180629629666,25672.0877000001,51645.644450000094
D1,four_weeks,5,selected_q,27,-221.14074074073966,-5970.799999999971,13290.44974999997
D1,four_weeks,10,atrD_0.025,27,784.335303703711,21177.0532000002,72688.15920000001
D1,four_weeks,10,atrD_0.05,27,808.6132259259261,21832.557100000005,69702.05255000014
D1,four_weeks,10,atrD_0.1,27,1325.8788611111145,35798.72925000009,60691.64190000002
D1,four_weeks,10,atrD_0.25,27,551.069938888895,14878.888350000165,58930.04090000001
D1,four_weeks,10,atrH_0.1,27,736.5286629629713,19886.273900000226,74028.94614999997
D1,four_weeks,10,atrH_0.25,27,514.5871981481496,13893.854350000038,70736.37275000007
D1,four_weeks,10,atrH_0.5,27,1348.8377092592689,36418.61815000026,59731.45199999992
D1,four_weeks,10,atrH_1,27,947.1371166666728,25572.702150000165,61970.09409999999
D1,four_weeks,10,combo_0.25_1,9,3799.7755111111055,34197.97959999995,37767.22630000004
D1,four_weeks,10,combo_0.5_2,9,3124.5053611111102,28120.548249999993,39457.11399999999
D1,four_weeks,10,combo_1_2,9,2609.1768833333317,23482.591949999987,40338.39110000001
D1,four_weeks,10,fixed_0,27,1036.1764574074198,27976.764350000332,72062.00209999987
D1,four_weeks,10,fixed_0.01,27,982.021785185189,26514.5882000001,72569.45184999998
D1,four_weeks,10,fixed_0.03,27,930.0217388888976,25110.586950000237,73568.94614999992
D1,four_weeks,10,fixed_0.05,27,801.8459777777796,21649.84140000005,69974.76825000008
D1,four_weeks,10,fixed_0.1,27,224.34474444444052,6057.308099999894,74927.95800000012
D1,four_weeks,10,fixed_0.2,27,852.4389833333383,23015.852550000134,60337.33770000001
D1,four_weeks,10,fixed_0.5,27,-72.44448518517642,-1956.0010999997633,65636.83599999995
D1,four_weeks,10,price_0.0005,27,807.4016777777767,21799.84529999997,70024.76825000011
D1,four_weeks,10,price_0.001,27,1375.9176611111182,37149.77685000019,60994.521500000024
D1,four_weeks,10,price_0.002,27,915.8224703703743,24727.206700000104,59856.40580000006
D1,four_weeks,10,price_0.005,27,79.80010000000415,2154.6027000001122,64278.571350000035
D1,four_weeks,10,q_0.5,27,1021.2263074074161,27573.110300000237,72273.77729999991
D1,four_weeks,10,q_0.75,27,-197.43138703703673,-5330.647449999991,32829.75905000002
D1,four_weeks,10,q_0.9,27,-857.9926574074069,-23165.801749999988,24591.51984999999
D1,four_weeks,10,selected_atrD,27,300.2795759259309,8107.548550000134,71810.30485
D1,four_weeks,10,selected_atrH,27,162.31440370371294,4382.4889000002495,75986.58349999992
D1,four_weeks,10,selected_combo,9,3026.58568333333,27239.27114999997,40338.39110000001
D1,four_weeks,10,selected_fixed,27,222.6599703703767,6011.819200000171,81017.35844999999
D1,four_weeks,10,selected_price,27,299.91982037037536,8097.835150000135,74044.78545000008
D1,four_weeks,10,selected_q,27,-857.9926574074069,-23165.801749999988,24591.51984999999
D1,intraday,0,atrD_0.025,175,-413.2251257142938,-72314.39700000142,93898.81825000078
D1,intraday,0,atrD_0.05,175,-406.47719971429035,-71133.50995000081,90176.37335000029
D1,intraday,0,atrD_0.1,175,-386.22453457143365,-67589.29355000089,84233.76325000038
D1,intraday,0,atrD_0.25,175,-257.10304571428804,-44993.03300000041,76736.74590000011
D1,intraday,0,atrH_0.1,175,-395.24245914286615,-69167.43035000158,91479.37065000056
D1,intraday,0,atrH_0.25,175,-396.8164385714332,-69442.87675000081,88835.65179999983
D1,intraday,0,atrH_0.5,175,-378.8782265714341,-66303.68965000096,85169.83110000037
D1,intraday,0,atrH_1,175,-323.6405362857168,-56637.093850000434,83660.68245000021
D1,intraday,0,combo_0.25_1,54,334.6850037036954,18072.99019999955,21917.27540000004
D1,intraday,0,combo_0.5_2,54,303.6700083333264,16398.180449999625,21268.582750000158
D1,intraday,0,combo_1_2,54,453.26593611110667,24476.36054999976,20797.004750000007
D1,intraday,0,fixed_0,175,-393.9368365714326,-68938.9464000007,92567.69965000039
D1,intraday,0,fixed_0.01,175,-383.7232305714325,-67151.56535000069,89574.91720000004
D1,intraday,0,fixed_0.03,175,-399.7399165714343,-69954.48540000101,91560.95865000064
D1,intraday,0,fixed_0.05,175,-414.2540308571507,-72494.45540000137,91576.4176000004
D1,intraday,0,fixed_0.1,175,-400.3872857142921,-70067.77500000111,88431.34620000035
D1,intraday,0,fixed_0.2,175,-220.59134857143243,-38603.486000000674,74810.88570000039
D1,intraday,0,fixed_0.5,175,-203.8592554285744,-35675.36970000052,60661.71930000029
D1,intraday,0,price_0.0005,175,-414.28644771429236,-72500.12835000116,92888.78905000033
D1,intraday,0,price_0.001,175,-403.4933171428612,-70611.33050000071,89110.0102500004
D1,intraday,0,price_0.002,175,-407.16436771429176,-71253.76435000106,85119.46600000052
D1,intraday,0,price_0.005,175,-198.861477428574,-34800.75855000045,64039.13015000019
D1,intraday,0,q_0.5,175,-393.9368365714326,-68938.9464000007,92567.69965000039
D1,intraday,0,q_0.75,175,-393.9368365714326,-68938.9464000007,92567.69965000039
D1,intraday,0,q_0.9,175,-393.9368365714326,-68938.9464000007,92567.69965000039
D1,intraday,0,selected_atrD,175,-413.87483714286265,-72428.09650000096,91470.95990000041
D1,intraday,0,selected_atrH,175,-425.83713114286513,-74521.4979500014,96833.4382500004
D1,intraday,0,selected_combo,54,290.48999907406613,15686.459949999571,21268.582750000158
D1,intraday,0,selected_fixed,175,-405.72350028571924,-71001.61255000086,93424.96440000022
D1,intraday,0,selected_price,175,-428.5698271428634,-74999.7197500011,95388.38045000027
D1,intraday,0,selected_q,175,-393.9368365714326,-68938.9464000007,92567.69965000039
D1,intraday,1,atrD_0.025,174,-404.21611839081265,-70333.6046000014,91918.02585000075
D1,intraday,1,atrD_0.05,174,-397.42941120690097,-69152.71755000077,88195.58095000025
D1,intraday,1,atrD_0.1,174,-379.9063175287406,-66103.69925000086,82748.16895000038
D1,intraday,1,atrD_0.25,174,-250.04275114942757,-43507.4387000004,75251.1516000001
D1,intraday,1,atrH_0.1,174,-386.1301031609284,-67186.63795000155,89498.57825000056
D1,intraday,1,atrH_0.25,174,-390.5590945402344,-67957.28245000078,87350.0574999998
D1,intraday,1,atrH_0.5,174,-372.5177893678215,-64818.095350000935,83684.23680000035
D1,intraday,1,atrH_1,174,-316.9626410919564,-55151.499550000415,82175.08815000017
D1,intraday,1,combo_0.25_1,54,334.6850037036954,18072.99019999955,21917.27540000004
D1,intraday,1,combo_0.5_2,54,303.6700083333264,16398.180449999625,21268.582750000158
D1,intraday,1,combo_1_2,54,453.26593611110667,24476.36054999976,20797.004750000007
D1,intraday,1,fixed_0,174,-384.8169770114982,-66958.15400000068,90586.90725000035
D1,intraday,1,fixed_0.01,174,-374.5446721264406,-65170.77295000067,87594.1248
D1,intraday,1,fixed_0.03,174,-390.6534080459827,-67973.69300000099,89580.16625000064
D1,intraday,1,fixed_0.05,174,-405.25093678161704,-70513.66300000137,89595.62520000036
D1,intraday,1,fixed_0.1,174,-394.1504637931097,-68582.18070000109,86945.75190000032
D1,intraday,1,fixed_0.2,174,-213.32121666667038,-37117.89170000065,73325.29140000031
D1,intraday,1,fixed_0.5,174,-196.49296206896835,-34189.77540000049,59176.12500000026
D1,intraday,1,price_0.0005,174,-405.2835399425353,-70519.33595000114,90907.99665000029
D1,intraday,1,price_0.001,174,-397.2743459770154,-69125.73620000068,87624.41595000037
D1,intraday,1,price_0.002,174,-400.96649454023583,-69768.17005000103,83633.8717000005
D1,intraday,1,price_0.005,174,-191.46646120689903,-33315.16425000043,62553.53585000016
D1,intraday,1,q_0.5,174,-384.8169770114982,-66958.15400000068,90586.90725000035
D1,intraday,1,q_0.75,174,-384.8169770114982,-66958.15400000068,90586.90725000035
D1,intraday,1,q_0.9,174,-384.8169770114982,-66958.15400000068,90586.90725000035
D1,intraday,1,selected_atrD,174,-407.71552988506295,-70942.50220000095,89985.36560000041
D1,intraday,1,selected_atrH,174,-419.7465727011574,-73035.90365000139,95347.84395000037
D1,intraday,1,selected_combo,54,290.48999907406613,15686.459949999571,21268.582750000158
D1,intraday,1,selected_fixed,174,-399.5173462643727,-69516.01825000085,91939.37010000019
D1,intraday,1,selected_price,174,-422.49497385058095,-73514.12545000108,93902.78615000025
D1,intraday,1,selected_q,174,-384.8169770114982,-66958.15400000068,90586.90725000035
D1,intraday,2,atrD_0.025,173,-394.6815705202392,-68279.91170000138,90833.10460000078
D1,intraday,2,atrD_0.05,173,-387.8556338150333,-67099.02465000076,87110.65970000025
D1,intraday,2,atrD_0.1,173,-370.2312505780395,-64050.00635000084,81663.24770000039
D1,intraday,2,atrD_0.25,173,-241.31289306358596,-41747.13050000037,74588.79095000011
D1,intraday,2,atrH_0.1,173,-376.49101184971977,-65132.945050001515,88413.65700000059
D1,intraday,2,atrH_0.25,173,-380.94560433526453,-65903.58955000076,86265.1362499998
D1,intraday,2,atrH_0.5,173,-362.80001416185496,-62764.40245000091,82599.31555000038
D1,intraday,2,atrH_1,173,-308.619603179193,-53391.191350000394,80719.0892500002
D1,intraday,2,combo_0.25_1,54,334.6850037036954,18072.99019999955,21917.27540000004
D1,intraday,2,combo_0.5_2,54,303.6700083333264,16398.180449999625,21268.582750000158
D1,intraday,2,combo_1_2,54,453.26593611110667,24476.36054999976,20797.004750000007
D1,intraday,2,fixed_0,173,-373.47443005780724,-64611.07640000065,89208.60130000039
D1,intraday,2,fixed_0.01,173,-363.14274768786504,-62823.69535000065,86215.81885000001
D1,intraday,2,fixed_0.03,173,-381.0404630057859,-65920.00010000097,88495.24500000066
D1,intraday,2,fixed_0.05,173,-395.7223705202388,-68459.97010000132,88510.70395000036
D1,intraday,2,fixed_0.1,173,-384.557732947983,-66528.48780000106,85860.83065000035
D1,intraday,2,fixed_0.2,173,-202.68323005780707,-35064.198800000624,71575.90780000034
D1,intraday,2,fixed_0.5,173,-189.14943294797968,-32722.851900000485,57905.139500000274
D1,intraday,2,price_0.0005,173,-395.7551621387347,-68465.6430500011,89823.07540000032
D1,intraday,2,price_0.001,173,-387.6996722543391,-67072.04330000066,86539.4947000004
D1,intraday,2,price_0.002,173,-391.41316271676885,-67714.47715000101,81884.48810000051
D1,intraday,2,price_0.005,173,-184.09387716763246,-31848.240750000416,62184.55990000019
D1,intraday,2,q_0.5,173,-373.47443005780724,-64611.07640000065,89208.60130000039
D1,intraday,2,q_0.75,173,-373.47443005780724,-64611.07640000065,89208.60130000039
D1,intraday,2,q_0.9,173,-373.47443005780724,-64611.07640000065,89208.60130000039
D1,intraday,2,selected_atrD,173,-399.89707514451396,-69182.19400000092,89323.00495000044
D1,intraday,2,selected_atrH,173,-411.9976615607015,-71275.59545000136,93891.8450500004
D1,intraday,2,selected_combo,54,290.48999907406613,15686.459949999571,21268.582750000158
D1,intraday,2,selected_fixed,173,-393.34736849711464,-68049.09475000083,90668.38460000022
D1,intraday,2,selected_price,173,-413.06608410405227,-71460.43255000105,92153.4025500003
D1,intraday,2,selected_q,173,-373.47443005780724,-64611.07640000065,89208.60130000039
D1,intraday,3,atrD_0.025,173,-356.3368407514529,-61646.27345000135,90833.10460000076
D1,intraday,3,atrD_0.05,173,-349.51090404624694,-60465.386400000716,87110.65970000022
D1,intraday,3,atrD_0.1,173,-331.88652080925317,-57416.3681000008,81663.24770000031
D1,intraday,3,atrD_0.25,173,-207.5556676300598,-35907.13050000034,74588.79095000013
D1,intraday,3,atrH_0.1,173,-338.1462820809334,-58499.30680000148,88413.65700000054
D1,intraday,3,atrH_0.25,173,-342.6008745664782,-59269.95130000073,86265.13624999976
D1,intraday,3,atrH_0.5,173,-324.45528439306867,-56130.76420000088,82599.31555000033
D1,intraday,3,atrH_1,173,-270.2748734104067,-46757.55310000036,80719.08925000012
D1,intraday,3,combo_0.25_1,54,334.6850037036954,18072.99019999955,21917.27540000004
D1,intraday,3,combo_0.5_2,54,303.6700083333264,16398.180449999625,21268.582750000158
D1,intraday,3,combo_1_2,54,453.26593611110667,24476.36054999976,20797.004750000007
D1,intraday,3,fixed_0,173,-331.27789826589947,-57311.07640000061,89208.60130000036
D1,intraday,3,fixed_0.01,173,-324.7980179190787,-56190.05710000061,86215.81885
D1,intraday,3,fixed_0.03,173,-342.69573323699956,-59286.361850000925,88495.24500000062
D1,intraday,3,fixed_0.05,173,-357.3776407514525,-61826.33185000128,88510.70395000034
D1,intraday,3,fixed_0.1,173,-346.2130031791967,-59894.849550001025,85860.83065000034
D1,intraday,3,fixed_0.2,173,-164.3385002890207,-28430.56055000058,71575.90780000036
D1,intraday,3,fixed_0.5,173,-155.3922075144535,-26882.851900000456,57905.13950000028
D1,intraday,3,price_0.0005,173,-357.4104323699483,-61832.00480000106,89823.07540000028
D1,intraday,3,price_0.001,173,-349.35494248555267,-60438.40505000061,86539.49470000033
D1,intraday,3,price_0.002,173,-353.0684329479825,-61080.83890000098,81884.48810000051
D1,intraday,3,price_0.005,173,-150.33665173410628,-26008.240750000386,62184.55990000018
D1,intraday,3,q_0.5,173,-331.27789826589947,-57311.07640000061,89208.60130000036
D1,intraday,3,q_0.75,173,-331.27789826589947,-57311.07640000061,89208.60130000036
D1,intraday,3,q_0.9,173,-331.27789826589947,-57311.07640000061,89208.60130000036
D1,intraday,3,selected_atrD,173,-366.1398497109878,-63342.19400000088,89323.00495000041
D1,intraday,3,selected_atrH,173,-373.65293179191525,-64641.957200001336,93891.84505000041
D1,intraday,3,selected_combo,54,290.48999907406613,15686.459949999571,21268.582750000158
D1,intraday,3,selected_fixed,173,-359.59014306358847,-62209.094750000804,90668.3846000002
D1,intraday,3,selected_price,173,-374.72135433526597,-64826.79430000101,92153.40255000023
D1,intraday,3,selected_q,173,-331.27789826589947,-57311.07640000061,89208.60130000036
D1,intraday,4,atrD_0.025,172,-373.90535145349634,-64311.72045000137,90833.10460000076
D1,intraday,4,atrD_0.05,172,-367.0397290697717,-63130.83340000073,87110.65970000024
D1,intraday,4,atrD_0.1,172,-349.31287848837684,-60081.815100000815,81663.24770000037
D1,intraday,4,atrD_0.25,172,-224.25917151162994,-38572.57750000035,74588.79095000011
D1,intraday,4,atrH_0.1,172,-355.60903372093895,-61164.753800001505,88413.65700000054
D1,intraday,4,atrH_0.25,172,-360.08952500000436,-61935.39830000075,86265.13624999979
D1,intraday,4,atrH_0.5,172,-341.83843720930753,-58796.21120000089,82599.31555000036
D1,intraday,4,atrH_1,172,-287.3430238372115,-49423.000100000376,80719.08925000018
D1,intraday,4,combo_0.25_1,54,334.6850037036954,18072.99019999955,21917.27540000004
D1,intraday,4,combo_0.5_2,54,303.6700083333264,16398.180449999625,21268.582750000158
D1,intraday,4,combo_1_2,54,453.26593611110667,24476.36054999976,20797.004750000007
D1,intraday,4,fixed_0,172,-352.5749136627944,-60642.885150000635,89208.60130000037
D1,intraday,4,fixed_0.01,172,-342.18316337209666,-58855.504100000624,86215.81885000003
D1,intraday,4,fixed_0.03,172,-360.1849351744241,-61951.80885000094,88495.24500000062
D1,intraday,4,fixed_0.05,172,-374.9522026162866,-64491.7788500013,88510.70395000037
D1,intraday,4,fixed_0.1,172,-363.72265436047115,-62560.29655000104,85860.83065000037
D1,intraday,4,fixed_0.2,172,-180.79074156977092,-31096.0075500006,71575.90780000036
D1,intraday,4,fixed_0.5,172,-171.79243546511898,-29548.298900000464,57905.13950000028
D1,intraday,4,price_0.0005,172,-374.9851848837272,-64497.45180000108,89823.0754000003
D1,intraday,4,price_0.001,172,-366.8828607558176,-63103.85205000063,86539.49470000039
D1,intraday,4,price_0.002,172,-370.6179412790755,-63746.28590000099,81884.48810000054
D1,intraday,4,price_0.005,172,-166.70748691860697,-28673.6877500004,62184.559900000175
D1,intraday,4,q_0.5,172,-352.5749136627944,-60642.885150000635,89208.60130000037
D1,intraday,4,q_0.75,172,-352.5749136627944,-60642.885150000635,89208.60130000037
D1,intraday,4,q_0.9,172,-352.5749136627944,-60642.885150000635,89208.60130000037
D1,intraday,4,selected_atrD,172,-383.7653546511681,-66007.6410000009,89323.00495000041
D1,intraday,4,selected_atrH,172,-391.3221174418684,-67307.40420000136,93891.84505000041
D1,intraday,4,selected_combo,54,290.48999907406613,15686.459949999571,21268.582750000158
D1,intraday,4,selected_fixed,172,-377.17756831395826,-64874.54175000082,90668.38460000022
D1,intraday,4,selected_price,172,-392.3967517441921,-67492.24130000104,92153.40255000026
D1,intraday,4,selected_q,172,-352.5749136627944,-60642.885150000635,89208.60130000037
D1,intraday,5,atrD_0.025,171,-399.4064008772012,-68298.4945500014,90833.10460000078
D1,intraday,5,atrD_0.05,171,-392.5006286549752,-67117.60750000075,87110.65970000025
D1,intraday,5,atrD_0.1,171,-374.67011228070663,-64068.58920000084,81663.24770000039
D1,intraday,5,atrD_0.25,171,-244.9993523391835,-41894.88925000038,74588.79095000013
D1,intraday,5,atrH_0.1,171,-381.0030871345119,-65151.52790000153,88413.65700000056
D1,intraday,5,atrH_0.25,171,-385.50978011696355,-65922.17240000077,86265.1362499998
D1,intraday,5,atrH_0.5,171,-367.15196081871875,-62782.98530000091,82599.31555000038
D1,intraday,5,atrH_1,171,-308.45211608187367,-52745.3118500004,80719.0892500002
D1,intraday,5,combo_0.25_1,54,334.6850037036954,18072.99019999955,21917.27540000004
D1,intraday,5,combo_0.5_2,54,303.6700083333264,16398.180449999625,21268.582750000158
D1,intraday,5,combo_1_2,54,453.26593611110667,24476.36054999976,20797.004750000007
D1,intraday,5,fixed_0,171,-377.9512236842143,-64629.65925000065,89208.60130000039
D1,intraday,5,fixed_0.01,171,-367.4987029239804,-62842.27820000065,86215.81885000001
D1,intraday,5,fixed_0.03,171,-385.60574824561974,-65938.58295000097,88495.24500000064
D1,intraday,5,fixed_0.05,171,-400.4593739766159,-68478.55295000132,88510.70395000036
D1,intraday,5,fixed_0.1,171,-389.1641558479594,-66547.07065000106,85860.83065000035
D1,intraday,5,fixed_0.2,171,-201.27672105263525,-34418.31930000063,71575.90780000034
D1,intraday,5,fixed_0.5,171,-188.34004853801449,-32206.148300000477,57905.13950000028
D1,intraday,5,price_0.0005,171,-400.4925491228135,-68484.22590000111,89823.07540000029
D1,intraday,5,price_0.001,171,-392.34284298245996,-67090.62615000065,86539.4947000004
D1,intraday,5,price_0.002,171,-392.2140213450352,-67068.59765000101,81884.4881000005
D1,intraday,5,price_0.005,171,-187.11110818713695,-31995.999500000416,62184.5599000002
D1,intraday,5,q_0.5,171,-377.9512236842143,-64629.65925000065,89208.60130000039
D1,intraday,5,q_0.75,171,-377.9512236842143,-64629.65925000065,89208.60130000039
D1,intraday,5,q_0.9,171,-377.9512236842143,-64629.65925000065,89208.60130000039
D1,intraday,5,selected_atrD,171,-405.43832017544395,-69329.95275000091,89323.00495000044
D1,intraday,5,selected_atrH,171,-413.03927456141156,-70629.71595000138,93891.84505000041
D1,intraday,5,selected_combo,54,290.48999907406613,15686.459949999571,21268.582750000158
D1,intraday,5,selected_fixed,171,-394.9262640350926,-67532.39115000083,90668.38460000021
D1,intraday,5,selected_price,171,-414.12019327485996,-70814.55305000105,92153.40255000029
D1,intraday,5,selected_q,171,-377.9512236842143,-64629.65925000065,89208.60130000039
D1,intraday,10,atrD_0.025,167,-366.7167494012057,-61241.697150001346,88930.30945000061
D1,intraday,10,atrD_0.05,167,-362.75170299401617,-60579.5344000007,85726.58885000007
D1,intraday,10,atrD_0.1,167,-346.8619107784479,-57925.9391000008,80299.35100000021
D1,intraday,10,atrD_0.25,167,-221.34798652694826,-36965.11375000036,73427.21520000002
D1,intraday,10,atrH_0.1,167,-347.87263772455975,-58094.730500001475,86510.8618500004
D1,intraday,10,atrH_0.25,167,-356.51469640719,-59537.95430000073,85034.92039999962
D1,intraday,10,atrH_0.5,167,-340.08497125749034,-56794.190200000885,80973.15585000024
D1,intraday,10,atrH_1,167,-287.63792425149927,-48035.533350000376,80152.75935000007
D1,intraday,10,combo_0.25_1,54,334.6850037036954,18072.99019999955,21917.27540000004
D1,intraday,10,combo_0.5_2,54,303.6700083333264,16398.180449999625,21268.582750000158
D1,intraday,10,combo_1_2,54,453.26593611110667,24476.36054999976,20797.004750000007
D1,intraday,10,fixed_0,167,-342.9051008982072,-57265.1518500006,87107.68955000023
D1,intraday,10,fixed_0.01,167,-333.12350778443465,-55631.62580000059,84268.76209999983
D1,intraday,10,fixed_0.03,167,-352.5855422155743,-58881.78555000091,86592.44985000047
D1,intraday,10,fixed_0.05,167,-370.9010769461155,-61940.479850001284,86751.38425000019
D1,intraday,10,fixed_0.1,167,-363.8879631736588,-60769.28985000103,84336.09185000023
D1,intraday,10,fixed_0.2,167,-176.0528790419198,-29400.830800000607,70326.61905000026
D1,intraday,10,fixed_0.5,167,-172.27799101796688,-28770.42450000047,57355.015600000224
D1,intraday,10,price_0.0005,167,-370.93504670659314,-61946.15280000106,88063.75570000014
D1,intraday,10,price_0.001,167,-367.1427865269498,-61312.84535000062,85014.75590000025
D1,intraday,10,price_0.002,167,-371.56352784431726,-62051.109150000986,80635.19935000042
D1,intraday,10,price_0.005,167,-172.83811317365516,-28863.96490000041,61434.92255000011
D1,intraday,10,q_0.5,167,-342.9051008982072,-57265.1518500006,87107.68955000023
D1,intraday,10,q_0.75,167,-342.9051008982072,-57265.1518500006,87107.68955000023
D1,intraday,10,q_0.9,167,-342.9051008982072,-57265.1518500006,87107.68955000023
D1,intraday,10,selected_atrD,167,-385.6298038922208,-64400.17725000088,88161.4292000003
D1,intraday,10,selected_atrH,167,-394.7301643712656,-65919.93745000135,93325.51515000031
D1,intraday,10,selected_combo,54,290.48999907406613,15686.459949999571,21268.582750000158
D1,intraday,10,selected_fixed,167,-383.81237934132224,-64096.66735000082,90118.26070000014
D1,intraday,10,selected_price,167,-393.9943985030002,-65797.06455000103,90904.11380000014
D1,intraday,10,selected_q,167,-342.9051008982072,-57265.1518500006,87107.68955000023
D1,two_weeks,0,atrD_0.025,51,-2501.1707617647153,-127559.70885000049,160291.66355000023
D1,two_weeks,0,atrD_0.05,51,-2514.0250186274575,-128215.27595000033,160298.48560000007
D1,two_weeks,0,atrD_0.1,51,-1717.8173980392198,-87608.68730000021,118268.7747500001
D1,two_weeks,0,atrD_0.25,51,-1924.6266882352932,-98155.96109999996,130329.39374999993
D1,two_weeks,0,atrH_0.1,51,-2504.0520627451097,-127706.65520000059,160872.96889999998
D1,two_weeks,0,atrH_0.25,51,-2489.372759803928,-126958.01075000034,161685.18889999972
D1,two_weeks,0,atrH_0.5,51,-1842.215640196084,-93952.99765000028,124464.10764999993
D1,two_weeks,0,atrH_1,51,-1794.212300980392,-91504.82734999999,129331.02124999986
D1,two_weeks,0,combo_0.25_1,15,402.7221233333073,6040.831849999609,50345.866950000025
D1,two_weeks,0,combo_0.5_2,15,-440.7977100000061,-6611.965650000091,50314.990499999985
D1,two_weeks,0,combo_1_2,15,282.56270333333197,4238.440549999979,50029.10594999993
D1,two_weeks,0,fixed_0,51,-2322.4436333333474,-118444.62530000071,153291.03565000047
D1,two_weeks,0,fixed_0.01,51,-2387.691971568634,-121772.29055000034,155964.34189999988
D1,two_weeks,0,fixed_0.03,51,-2464.09501568629,-125668.8458000008,158400.80050000057
D1,two_weeks,0,fixed_0.05,51,-2501.1812098039354,-127560.24170000071,159197.8374000002
D1,two_weeks,0,fixed_0.1,51,-2557.2424176470695,-130419.36330000055,162672.90020000006
D1,two_weeks,0,fixed_0.2,51,-1789.611999019613,-91270.21195000026,130998.66620000018
D1,two_weeks,0,fixed_0.5,51,-2091.18230686275,-106650.29765000026,132095.16955000025
D1,two_weeks,0,price_0.0005,51,-2507.1479362745176,-127864.54475000041,159600.40895
D1,two_weeks,0,price_0.001,51,-2168.2735441176546,-110581.9507500004,143154.8732500002
D1,two_weeks,0,price_0.002,51,-2048.021903921578,-104449.11710000048,131156.83535000004
D1,two_weeks,0,price_0.005,51,-1948.7840568627464,-99387.98690000006,127814.58310000002
D1,two_weeks,0,q_0.5,51,-2322.4436333333474,-118444.62530000071,153291.03565000047
D1,two_weeks,0,q_0.75,51,-2134.099893137254,-108839.09454999997,121555.67264999996
D1,two_weeks,0,q_0.9,51,-1787.5637137254905,-91165.74940000002,99035.48039999999
D1,two_weeks,0,selected_atrD,51,-2354.9151696078475,-120100.67365000022,146385.5040500001
D1,two_weeks,0,selected_atrH,51,-2766.717944117654,-141102.61515000035,172137.61079999976
D1,two_weeks,0,selected_combo,15,-410.47748333335136,-6157.16225000027,50029.10594999993
D1,two_weeks,0,selected_fixed,51,-2572.8890313725587,-131217.3406000005,162627.34595000034
D1,two_weeks,0,selected_price,51,-2588.900929411773,-132033.94740000044,164606.8699000003
D1,two_weeks,0,selected_q,51,-1787.5637137254905,-91165.74940000002,99035.48039999999
D1,two_weeks,1,atrD_0.025,51,-1964.3749549019697,-100183.12270000046,160291.66355000026
D1,two_weeks,1,atrD_0.05,51,-1974.8417411764774,-100716.92880000034,160298.48560000004
D1,two_weeks,1,atrD_0.1,51,-1227.177257843141,-62586.04015000019,118268.7747500001
D1,two_weeks,1,atrD_0.25,51,-1471.2318382352928,-75032.82374999994,130329.39374999993
D1,two_weeks,1,atrH_0.1,51,-1966.471942156874,-100290.06905000057,160872.9689
D1,two_weeks,1,atrH_0.25,51,-2000.4973254902022,-102025.36360000032,161685.18889999972
D1,two_weeks,1,atrH_0.5,51,-1348.6343235294166,-68780.35050000025,124464.10764999993
D1,two_weeks,1,atrH_1,51,-1337.8762745098036,-68231.68999999999,129331.02124999983
D1,two_weeks,1,combo_0.25_1,15,402.7221233333073,6040.831849999609,50345.866950000025
D1,two_weeks,1,combo_0.5_2,15,-440.7977100000061,-6611.965650000091,50314.990499999985
D1,two_weeks,1,combo_1_2,15,282.56270333333197,4238.440549999979,50029.10594999993
D1,two_weeks,1,fixed_0,51,-1740.7303274509945,-88777.24670000072,153291.0356500005
D1,two_weeks,1,fixed_0.01,51,-1805.1943519607908,-92064.91195000033,155964.34189999988
D1,two_weeks,1,fixed_0.03,51,-1927.2992088235449,-98292.2596500008,158400.8005000006
D1,two_weeks,1,fixed_0.05,51,-1962.816775490209,-100103.65555000067,159197.8374000002
D1,two_weeks,1,fixed_0.1,51,-2067.7787480392262,-105456.71615000053,162672.90020000006
D1,two_weeks,1,fixed_0.2,51,-1294.2659764705932,-66007.56480000025,130998.66620000018
D1,two_weeks,1,fixed_0.5,51,-1672.6277529411816,-85304.01540000027,132095.16955000022
D1,two_weeks,1,price_0.0005,51,-1968.7835019607915,-100407.95860000036,159600.40894999995
D1,two_weeks,1,price_0.001,51,-1678.8098745098112,-85619.30360000036,143154.87325000024
D1,two_weeks,1,price_0.002,51,-1553.2641166666756,-79216.46995000045,131156.83535000004
D1,two_weeks,1,price_0.005,51,-1532.5554000000009,-78160.32540000005,127814.58310000002
D1,two_weeks,1,q_0.5,51,-1740.7303274509945,-88777.24670000072,153291.0356500005
D1,two_weeks,1,q_0.75,51,-1794.515779411764,-91520.30474999997,121555.67264999995
D1,two_weeks,1,q_0.9,51,-1681.1358225490198,-85737.92695000001,99035.48039999997
D1,two_weeks,1,selected_atrD,51,-1901.5203196078467,-96977.53630000018,146385.5040500001
D1,two_weeks,1,selected_atrH,51,-2310.3819176470656,-117829.47780000036,172137.6107999998
D1,two_weeks,1,selected_combo,15,-410.47748333335136,-6157.16225000027,50029.10594999993
D1,two_weeks,1,selected_fixed,51,-2154.3344774509897,-109871.05835000047,162627.34595000028
D1,two_weeks,1,selected_price,51,-2099.43725980393,-107071.30025000044,164606.86990000028
D1,two_weeks,1,selected_q,51,-1681.1358225490198,-85737.92695000001,99035.48039999997
D1,two_weeks,2,atrD_0.025,50,-2076.702277000012,-103835.1138500006,151006.7073500001
D1,two_weeks,2,atrD_0.05,50,-2094.109167000007,-104705.45835000035,151530.10709999982
D1,two_weeks,2,atrD_0.1,50,-1330.8055740000054,-66540.27870000027,108253.26054999998
D1,two_weeks,2,atrD_0.25,50,-1552.853876999999,-77642.69384999995,120296.2837499999
D1,two_weeks,2,atrH_0.1,50,-2078.841204000014,-103942.0602000007,151673.4511999999
D1,two_weeks,2,atrH_0.25,50,-2132.026071000006,-106601.3035500003,152728.9387499996
D1,two_weeks,2,atrH_0.5,50,-1489.772189000007,-74488.60945000035,113641.90284999995
D1,two_weeks,2,atrH_1,50,-1446.7020540000012,-72335.10270000006,119743.18524999969
D1,two_weeks,2,combo_0.25_1,15,402.7221233333073,6040.831849999609,50345.866950000025
D1,two_weeks,2,combo_0.5_2,15,-440.7977100000061,-6611.965650000091,50314.990499999985
D1,two_weeks,2,combo_1_2,15,282.56270333333197,4238.440549999979,50029.10594999993
D1,two_weeks,2,fixed_0,50,-1861.6853020000158,-93084.26510000079,146006.97415000026
D1,two_weeks,2,fixed_0.01,50,-1936.586815000007,-96829.34075000035,147810.79754999967
D1,two_weeks,2,fixed_0.03,50,-2036.4850160000174,-101824.25080000087,149049.8505000003
D1,two_weeks,2,fixed_0.05,50,-2079.443702000016,-103972.18510000079,149355.06730000008
D1,two_weeks,2,fixed_0.1,50,-2224.79091600001,-111239.54580000049,152512.67649999994
D1,two_weeks,2,fixed_0.2,50,-1418.9389830000061,-70946.9491500003,120965.55620000017
D1,two_weeks,2,fixed_0.5,50,-2009.6115130000067,-100480.57565000033,132095.16955000025
D1,two_weeks,2,price_0.0005,50,-2085.5297630000096,-104276.48815000047,149757.63884999987
D1,two_weeks,2,price_0.001,50,-1828.0426650000068,-91402.13325000033,132994.64955000012
D1,two_weeks,2,price_0.002,50,-1685.1170860000109,-84255.85430000054,121038.38735000006
D1,two_weeks,2,price_0.005,50,-1930.5991770000026,-96529.95885000013,127814.5831
D1,two_weeks,2,q_0.5,50,-1861.6853020000158,-93084.26510000079,146006.97415000026
D1,two_weeks,2,q_0.75,50,-2082.062375,-104103.11875000001,121555.67264999993
D1,two_weeks,2,q_0.9,50,-1779.7101000000007,-88985.50500000003,99035.48039999999
D1,two_weeks,2,selected_atrD,50,-1991.7481280000038,-99587.4064000002,136352.39405000006
D1,two_weeks,2,selected_atrH,50,-2438.6578100000092,-121932.89050000046,162549.77479999964
D1,two_weeks,2,selected_combo,15,-410.47748333335136,-6157.16225000027,50029.10594999993
D1,two_weeks,2,selected_fixed,50,-2500.952372000011,-125047.61860000055,162627.34595000034
D1,two_weeks,2,selected_price,50,-2257.082598000008,-112854.12990000041,154446.6462000002
D1,two_weeks,2,selected_q,50,-1779.7101000000007,-88985.50500000003,99035.48039999999
D1,two_weeks,3,atrD_0.025,50,-2235.692477000011,-111784.62385000056,151006.7073500001
D1,two_weeks,3,atrD_0.05,50,-2253.099367000006,-112654.9683500003,151530.10709999982
D1,two_weeks,3,atrD_0.1,50,-1489.7957740000045,-74489.78870000022,108253.26054999999
D1,two_weeks,3,atrD_0.25,50,-1695.6362769999985,-84781.81384999992,120296.28374999993
D1,two_weeks,3,atrH_0.1,50,-2237.831404000013,-111891.57020000066,151673.4511999999
D1,two_weeks,3,atrH_0.25,50,-2291.0162710000054,-114550.81355000027,152728.93874999962
D1,two_weeks,3,atrH_0.5,50,-1648.7623890000064,-82438.11945000032,113641.90284999993
D1,two_weeks,3,atrH_1,50,-1605.6922540000003,-80284.61270000001,119743.18524999972
D1,two_weeks,3,combo_0.25_1,15,402.7221233333073,6040.831849999609,50345.866950000025
D1,two_weeks,3,combo_0.5_2,15,-440.7977100000061,-6611.965650000091,50314.990499999985
D1,two_weeks,3,combo_1_2,15,282.56270333333197,4238.440549999979,50029.10594999993
D1,two_weeks,3,fixed_0,50,-2040.1633020000147,-102008.16510000074,146006.97415000023
D1,two_weeks,3,fixed_0.01,50,-2095.577015000006,-104778.8507500003,147810.79754999967
D1,two_weeks,3,fixed_0.03,50,-2195.475216000016,-109773.76080000082,149049.8505000003
D1,two_weeks,3,fixed_0.05,50,-2238.4339020000148,-111921.69510000074,149355.06730000008
D1,two_weeks,3,fixed_0.1,50,-2383.7811160000088,-119189.05580000044,152512.67649999994
D1,two_weeks,3,fixed_0.2,50,-1577.9291830000052,-78896.45915000026,120965.55620000015
D1,two_weeks,3,fixed_0.5,50,-2152.393913000006,-107619.6956500003,132095.16955000022
D1,two_weeks,3,price_0.0005,50,-2244.5199630000084,-112225.99815000042,149757.63884999987
D1,two_weeks,3,price_0.001,50,-1987.0328650000063,-99351.64325000031,132994.64955000015
D1,two_weeks,3,price_0.002,50,-1844.10728600001,-92205.3643000005,121038.38735000003
D1,two_weeks,3,price_0.005,50,-2073.381577000002,-103669.07885000009,127814.5831
D1,two_weeks,3,q_0.5,50,-2040.1633020000147,-102008.16510000074,146006.97415000023
D1,two_weeks,3,q_0.75,50,-2189.1491749999996,-109457.45874999998,121555.67264999996
D1,two_weeks,3,q_0.9,50,-1815.4057000000007,-90770.28500000003,99035.4804
D1,two_weeks,3,selected_atrD,50,-2134.5305280000034,-106726.52640000016,136352.39405000012
D1,two_weeks,3,selected_atrH,50,-2597.648010000008,-129882.4005000004,162549.77479999966
D1,two_weeks,3,selected_combo,15,-410.47748333335136,-6157.16225000027,50029.10594999993
D1,two_weeks,3,selected_fixed,50,-2643.7347720000103,-132186.7386000005,162627.34595000034
D1,two_weeks,3,selected_price,50,-2416.072798000007,-120803.63990000036,154446.6462000002
D1,two_weeks,3,selected_q,50,-1815.4057000000007,-90770.28500000003,99035.4804
D1,two_weeks,4,atrD_0.025,50,-2341.1733970000096,-117058.66985000049,160291.66355000023
D1,two_weeks,4,atrD_0.05,50,-2351.8495190000067,-117592.47595000034,160298.48560000007
D1,two_weeks,4,atrD_0.1,50,-1589.2317460000043,-79461.58730000022,118268.7747500001
D1,two_weeks,4,atrD_0.25,50,-1789.951568999999,-89497.57844999994,130329.39374999993
D1,two_weeks,4,atrH_0.1,50,-2343.3123240000114,-117165.61620000057,160872.96890000004
D1,two_weeks,4,atrH_0.25,50,-2378.0182150000064,-118900.91075000032,161685.18889999972
D1,two_weeks,4,atrH_0.5,50,-1713.1179530000059,-85655.89765000029,124464.10764999993
D1,two_weeks,4,atrH_1,50,-1653.928894,-82696.4447,129331.02124999986
D1,two_weeks,4,combo_0.25_1,15,402.7221233333073,6040.831849999609,50345.866950000025
D1,two_weeks,4,combo_0.5_2,15,-440.7977100000061,-6611.965650000091,50314.990499999985
D1,two_weeks,4,combo_1_2,15,282.56270333333197,4238.440549999979,50029.10594999993
D1,two_weeks,4,fixed_0,50,-2161.271726000014,-108063.58630000071,153291.0356500005
D1,two_weeks,4,fixed_0.01,50,-2227.0250310000065,-111351.25155000034,155964.34189999988
D1,two_weeks,4,fixed_0.03,50,-2303.3561360000162,-115167.8068000008,158400.8005000006
D1,two_weeks,4,fixed_0.05,50,-2339.5840540000136,-116979.20270000068,159197.8374000002
D1,two_weeks,4,fixed_0.1,50,-2446.6452660000105,-122332.26330000052,162672.90020000006
D1,two_weeks,4,fixed_0.2,50,-1657.6622390000057,-82883.11195000028,130998.66620000018
D1,two_weeks,4,fixed_0.5,50,-1947.159553000005,-97357.97765000025,132095.16955000022
D1,two_weeks,4,price_0.0005,50,-2345.670115000007,-117283.50575000036,159600.40895
D1,two_weeks,4,price_0.001,50,-2049.8970150000073,-102494.85075000036,143154.87325000024
D1,two_weeks,4,price_0.002,50,-1921.8403420000093,-96092.01710000046,131156.83535000004
D1,two_weeks,4,price_0.005,50,-1804.285753000001,-90214.28765000006,127814.58309999999
D1,two_weeks,4,q_0.5,50,-2161.271726000014,-108063.58630000071,153291.0356500005
D1,two_weeks,4,q_0.75,50,-2023.269490999999,-101163.47454999996,121555.67264999995
D1,two_weeks,4,q_0.9,50,-1762.9743880000005,-88148.71940000003,99035.4804
D1,two_weeks,4,selected_atrD,50,-2228.8458200000036,-111442.29100000019,146385.5040500001
D1,two_weeks,4,selected_atrH,50,-2645.8846500000077,-132294.2325000004,172137.6107999998
D1,two_weeks,4,selected_combo,15,-410.47748333335136,-6157.16225000027,50029.10594999993
D1,two_weeks,4,selected_fixed,50,-2438.50041200001,-121925.02060000048,162627.3459500003
D1,two_weeks,4,selected_price,50,-2478.9369480000087,-123946.84740000044,164606.86990000028
D1,two_weeks,4,selected_q,50,-1762.9743880000005,-88148.71940000003,99035.4804
D1,two_weeks,5,atrD_0.025,49,-2106.428903061234,-103215.01625000047,151006.7073500001
D1,two_weeks,5,atrD_0.05,49,-2093.508031632647,-102581.89354999972,151530.10709999985
D1,two_weeks,5,atrD_0.1,49,-1320.8771306122371,-64722.97939999962,105954.69749999995
D1,two_weeks,5,atrD_0.25,49,-1546.0141836734633,-75754.6949999997,113170.17519999982
D1,two_weeks,5,atrH_0.1,49,-2105.75433877552,-103181.96260000048,151673.4511999999
D1,two_weeks,5,atrH_0.25,49,-2126.3472275510203,-104191.01415,152728.93874999962
D1,two_weeks,5,atrH_0.5,49,-1401.0544112244909,-68651.66615000005,108432.65984999994
D1,two_weeks,5,atrH_1,49,-1407.938422448975,-68988.98269999977,112607.20874999969
D1,two_weeks,5,combo_0.25_1,15,402.7221233333073,6040.831849999609,50345.866950000025
D1,two_weeks,5,combo_0.5_2,15,-440.7977100000061,-6611.965650000091,50314.990499999985
D1,two_weeks,5,combo_1_2,15,282.56270333333197,4238.440549999979,50029.10594999993
D1,two_weeks,5,fixed_0,49,-1875.189577551019,-91884.28929999993,146006.97415000026
D1,two_weeks,5,fixed_0.01,49,-1935.8215561224456,-94855.25624999983,147810.79754999967
D1,two_weeks,5,fixed_0.03,49,-2059.721077551024,-100926.33280000016,149049.8505000003
D1,two_weeks,5,fixed_0.05,49,-2092.6779714285844,-102541.22060000064,149355.06730000008
D1,two_weeks,5,fixed_0.1,49,-2190.9416704081686,-107356.14185000026,150089.25694999984
D1,two_weeks,5,fixed_0.2,49,-1418.7450591836725,-69518.50789999995,115457.4278500001
D1,two_weeks,5,fixed_0.5,49,-1998.8043908163281,-97941.41515000007,121389.83644999994
D1,two_weeks,5,price_0.0005,49,-2098.8882377551085,-102845.52365000031,149757.63884999987
D1,two_weeks,5,price_0.001,49,-1786.0965163265332,-87518.72930000012,130641.23000000005
D1,two_weeks,5,price_0.002,49,-1680.7494744898045,-82356.72425000042,115390.8469499999
D1,two_weeks,5,price_0.005,49,-1897.1118520408168,-92958.48075000002,117687.27239999991
D1,two_weeks,5,q_0.5,49,-1875.189577551019,-91884.28929999993,146006.97415000026
D1,two_weeks,5,q_0.75,49,-1710.2601969387713,-83802.7496499998,114228.34979999987
D1,two_weeks,5,q_0.9,49,-1565.1810367346927,-76693.87079999995,95416.42929999996
D1,two_weeks,5,selected_atrD,49,-1993.8654602040806,-97699.40754999995,129226.28549999997
D1,two_weeks,5,selected_atrH,49,-2420.1381734693914,-118586.77050000017,155413.79829999962
D1,two_weeks,5,selected_combo,15,-410.47748333335136,-6157.16225000027,50029.10594999993
D1,two_weeks,5,selected_fixed,49,-2500.1726142857196,-122508.45810000027,151922.01285000003
D1,two_weeks,5,selected_price,49,-2223.8923663265346,-108970.7259500002,152093.22665000008
D1,two_weeks,5,selected_q,49,-1565.1810367346927,-76693.87079999995,95416.42929999996
D1,two_weeks,10,atrD_0.025,48,-2541.3523635416764,-121984.91345000046,151006.7073500001
D1,two_weeks,10,atrD_0.05,48,-2547.2468239583372,-122267.84755000018,151530.10709999985
D1,two_weeks,10,atrD_0.1,48,-1715.425764583336,-82340.43670000014,108253.26054999998
D1,two_weeks,10,atrD_0.25,48,-1880.8920885416635,-90282.82024999984,120296.28374999993
D1,two_weeks,10,atrH_0.1,48,-2543.580412500012,-122091.85980000056,151673.4511999999
D1,two_weeks,10,atrH_0.25,48,-2574.50588229167,-123576.28235000015,152728.9387499996
D1,two_weeks,10,atrH_0.5,48,-1868.7782718750047,-89701.35705000022,113641.90284999994
D1,two_weeks,10,atrH_1,48,-1774.9626812499992,-85198.20869999996,119743.18524999973
D1,two_weeks,10,combo_0.25_1,15,402.7221233333073,6040.831849999609,50345.866950000025
D1,two_weeks,10,combo_0.5_2,15,-440.7977100000061,-6611.965650000091,50314.990499999985
D1,two_weeks,10,combo_1_2,15,282.56270333333197,4238.440549999979,50029.10594999993
D1,two_weeks,10,fixed_0,48,-2341.8517812500127,-112408.88550000062,146006.97415000023
D1,two_weeks,10,fixed_0.01,48,-2407.636473958337,-115566.55075000017,147810.79754999967
D1,two_weeks,10,fixed_0.03,48,-2499.459383333348,-119974.0504000007,149049.8505000003
D1,two_weeks,10,fixed_0.05,48,-2531.97029791668,-121534.57430000065,149355.0673000001
D1,two_weeks,10,fixed_0.1,48,-2646.6604958333405,-127039.70380000034,152512.67649999994
D1,two_weeks,10,fixed_0.2,48,-1770.5182489583374,-84984.87595000019,120965.55620000018
D1,two_weeks,10,fixed_0.5,48,-2295.4927093750052,-110183.65005000026,132095.16955000022
D1,two_weeks,10,price_0.0005,48,-2538.3099447916734,-121838.87735000032,149757.6388499999
D1,two_weeks,10,price_0.001,48,-2233.381067708338,-107202.29125000021,132994.64955000012
D1,two_weeks,10,price_0.002,48,-2047.787106250009,-98293.78110000043,121038.38735000005
D1,two_weeks,10,price_0.005,48,-2213.188192708334,-106233.03325000004,127814.58310000002
D1,two_weeks,10,q_0.5,48,-2341.8517812500127,-112408.88550000062,146006.97415000023
D1,two_weeks,10,q_0.75,48,-2305.128365624999,-110646.16154999995,121555.67264999993
D1,two_weeks,10,q_0.9,48,-1895.2232458333337,-90970.71580000002,99035.4804
D1,two_weeks,10,selected_atrD,48,-2338.0736000000015,-112227.53280000007,136352.3940500001
D1,two_weeks,10,selected_atrH,48,-2808.24992708334,-134795.99650000033,162549.77479999966
D1,two_weeks,10,selected_combo,15,-410.47748333335136,-6157.16225000027,50029.10594999993
D1,two_weeks,10,selected_fixed,48,-2807.3061041666765,-134750.69300000046,162627.34595000034
D1,two_weeks,10,selected_price,48,-2680.2976645833387,-128654.28790000026,154446.64620000022
D1,two_weeks,10,selected_q,48,-1895.2232458333337,-90970.71580000002,99035.4804
D1,week,0,atrD_0.025,83,169.17242951805179,14041.311649998297,87354.27635000064
D1,week,0,atrD_0.05,83,214.61827710841794,17813.31699999869,80169.71165000033
D1,week,0,atrD_0.1,83,149.28720722889844,12390.83819999857,81597.21485000034
D1,week,0,atrD_0.25,83,2.527725903605215,209.80124999923282,87425.82430000033
D1,week,0,atrH_0.1,83,219.65966325298916,18231.7520499981,85574.34455000068
D1,week,0,atrH_0.25,83,219.9501397590205,18255.8615999987,80876.00335000007
D1,week,0,atrH_0.5,83,-65.49903192772598,-5436.419650001257,88365.30625000021
D1,week,0,atrH_1,83,25.614765662644295,2126.0255499994764,80295.95165000024
D1,week,0,combo_0.25_1,28,1670.4651553571161,46773.02434999925,46313.64215000013
D1,week,0,combo_0.5_2,28,1128.311351785699,31592.71784999957,50616.30975000007
D1,week,0,combo_1_2,28,1450.9120999999898,40625.53879999971,44234.12690000003
D1,week,0,fixed_0,83,337.00034156625355,27971.028349999044,83788.63475000013
D1,week,0,fixed_0.01,83,290.5250662650533,24113.58049999942,85831.10075000004
D1,week,0,fixed_0.03,83,206.12241746986612,17108.16064999889,86952.61935000033
D1,week,0,fixed_0.05,83,233.54923554214412,19384.586549997963,81983.15915000057
D1,week,0,fixed_0.1,83,119.57366084335852,9924.613849998757,81355.35860000034
D1,week,0,fixed_0.2,83,175.20694999998796,14542.176849999,87255.78265000027
D1,week,0,fixed_0.5,83,-267.03284759037086,-22163.726350000783,86723.00755000065
D1,week,0,price_0.0005,83,253.70519939756784,21057.53154999813,81983.15915000057
D1,week,0,price_0.001,83,160.5278963855288,13323.815399998892,82481.83310000031
D1,week,0,price_0.002,83,-163.45687891568008,-13566.920950001446,86848.09500000047
D1,week,0,price_0.005,83,-174.48200843374593,-14482.006700000911,82363.6914500008
D1,week,0,q_0.5,83,337.00034156625355,27971.028349999044,83788.63475000013
D1,week,0,q_0.75,83,-36.578447590369976,-3036.011150000708,86356.55785000027
D1,week,0,q_0.9,83,-390.40958012048765,-32403.995150000475,64580.135100000385
D1,week,0,selected_atrD,83,-39.039716867487044,-3240.2965000014246,87425.82430000033
D1,week,0,selected_atrH,83,95.95691506022335,7964.423949998538,80295.95165000024
D1,week,0,selected_combo,28,1357.2938785714057,38004.22859999936,44234.12690000003
D1,week,0,selected_fixed,83,18.59906265059139,1543.7221999990852,80847.24110000019
D1,week,0,selected_price,83,91.66537710841467,7608.226299998418,80640.34950000035
D1,week,0,selected_q,83,-2.2058650602492813,-183.08680000069035,65240.398350000556
D1,week,1,atrD_0.025,83,499.0108168674494,41417.8977999983,87354.27635000064
D1,week,1,atrD_0.05,83,545.9236644578157,45311.6641499987,80169.71165000033
D1,week,1,atrD_0.1,83,450.7648837349226,37413.48534999858,81597.21485000035
D1,week,1,atrD_0.25,83,281.1197421686659,23332.938599999266,87425.82430000033
D1,week,1,atrH_0.1,83,549.9799783132305,45648.338199998136,85574.34455000068
D1,week,1,atrH_0.25,83,520.3434789156472,43188.50874999872,80876.00335000007
D1,week,1,atrH_0.5,83,237.78587349396102,19736.227499998764,88365.30625000021
D1,week,1,atrH_1,83,306.0140108433672,25399.16289999948,80295.95165000024
D1,week,1,combo_0.25_1,28,1670.4651553571161,46773.02434999925,46313.64215000013
D1,week,1,combo_0.5_2,28,1128.311351785699,31592.71784999957,50616.30975000007
D1,week,1,combo_1_2,28,1450.9120999999898,40625.53879999971,44234.12690000003
D1,week,1,fixed_0,83,694.4386379517957,57638.406949999044,83788.63475000013
D1,week,1,fixed_0.01,83,648.445290361439,53820.95909999943,85831.10075000004
D1,week,1,fixed_0.03,83,535.9608048192637,44484.74679999889,86952.61935000033
D1,week,1,fixed_0.05,83,564.3514783132289,46841.172699997995,81983.15915000059
D1,week,1,fixed_0.1,83,420.3284457831176,34887.26099999876,81355.35860000033
D1,week,1,fixed_0.2,83,479.57619277107233,39804.823999999004,87255.78265000028
D1,week,1,fixed_0.5,83,-9.84872409639476,-817.444100000765,86723.00755000065
D1,week,1,price_0.0005,83,584.5074421686527,48514.117699998176,81983.15915000059
D1,week,1,price_0.001,83,461.28268132528825,38286.46254999893,82481.83310000031
D1,week,1,price_0.002,83,140.55091807227214,11665.726199998588,86848.09500000048
D1,week,1,price_0.005,83,81.27294939757975,6745.65479999912,82363.6914500008
D1,week,1,q_0.5,83,694.4386379517957,57638.406949999044,83788.63475000013
D1,week,1,q_0.75,83,240.92923132529268,19997.126199999293,86356.55785000027
D1,week,1,q_0.9,83,-222.8334674698852,-18495.17780000047,64580.13510000039
D1,week,1,selected_atrD,83,239.55229939757376,19882.84084999862,87425.82430000033
D1,week,1,selected_atrH,83,376.3561602409461,31237.561299998528,80295.95165000024
D1,week,1,selected_combo,28,1357.2938785714057,38004.22859999936,44234.12690000003
D1,week,1,selected_fixed,83,275.78318614456714,22890.004449999073,80847.24110000019
D1,week,1,selected_price,83,347.42033493974014,28835.887799998432,80640.34950000033
D1,week,1,selected_q,83,165.37024759035342,13725.730549999334,65240.39835000057
D1,week,2,atrD_0.025,82,299.2969591463208,24542.3506499983,87354.27635000064
D1,week,2,atrD_0.05,82,346.7819146341305,28436.1169999987,80169.71165000033
D1,week,2,atrD_0.1,82,250.46266097559268,20537.9381999986,81597.21485000035
D1,week,2,atrD_0.25,82,108.14858414633237,8868.183899999254,87425.82430000033
D1,week,2,atrH_0.1,82,350.8876957316844,28772.79104999812,85574.34455000068
D1,week,2,atrH_0.25,82,320.88977560974024,26312.9615999987,80876.00335000009
D1,week,2,atrH_0.5,82,34.886345731691996,2860.6803499987436,88365.3062500002
D1,week,2,atrH_1,82,133.34644146340833,10934.408199999483,80295.95165000024
D1,week,2,combo_0.25_1,28,1670.4651553571161,46773.02434999925,46313.64215000013
D1,week,2,combo_0.5_2,28,1128.311351785699,31592.71784999957,50616.30975000007
D1,week,2,combo_1_2,28,1450.9120999999898,40625.53879999971,44234.12690000003
D1,week,2,fixed_0,82,467.7081384146224,38352.06734999904,83788.63475000013
D1,week,2,fixed_0.01,82,421.1538963414566,34534.61949999944,85831.10075000004
D1,week,2,fixed_0.03,82,336.6975567073036,27609.199649998893,86952.61935000031
D1,week,2,fixed_0.05,82,365.434457926805,29965.62554999801,81983.1591500006
D1,week,2,fixed_0.1,82,219.65504695120447,18011.713849998767,81355.35860000033
D1,week,2,fixed_0.2,82,279.62532743901227,22929.276849999005,87255.78265000028
D1,week,2,fixed_0.5,82,-156.96837012196085,-12871.406350000789,86723.00755000064
D1,week,2,price_0.0005,82,385.83622621948996,31638.570549998178,81983.1591500006
D1,week,2,price_0.001,82,261.1087243902309,21410.915399998936,82481.83310000031
D1,week,2,price_0.002,82,-63.534401829285564,-5209.820950001416,86848.09500000048
D1,week,2,price_0.005,82,-64.73545670732781,-5308.307450000881,82363.69145000081
D1,week,2,q_0.5,82,467.7081384146224,38352.06734999904,83788.63475000013
D1,week,2,q_0.75,82,67.4679451219424,5532.371499999277,86356.55785000029
D1,week,2,q_0.9,82,-313.75067256098146,-25727.55515000048,64580.13510000039
D1,week,2,selected_atrD,82,66.07422134144642,5418.086149998606,87425.82430000033
D1,week,2,selected_atrH,82,204.5464219512019,16772.806599998556,80295.95165000024
D1,week,2,selected_combo,28,1357.2938785714057,38004.22859999936,44234.12690000003
D1,week,2,selected_fixed,82,132.1468560975495,10836.042199999058,80847.24110000019
D1,week,2,selected_price,82,204.6576286585174,16781.92554999843,80640.34950000036
D1,week,2,selected_q,82,79.18723414633331,6493.353199999332,65240.398350000556
D1,week,3,atrD_0.025,82,335.0139103658329,27471.140649998295,87354.27635000064
D1,week,3,atrD_0.05,82,382.4988658536427,31364.9069999987,80169.71165000033
D1,week,3,atrD_0.1,82,286.1796121951049,23466.7281999986,81597.21485000035
D1,week,3,atrD_0.25,82,139.00809634145435,11398.663899999257,87425.82430000033
D1,week,3,atrH_0.1,82,386.6046469511967,31701.581049998127,85574.34455000068
D1,week,3,atrH_0.25,82,356.60672682925247,29241.7515999987,80876.00335000007
D1,week,3,atrH_0.5,82,70.6032969512042,5789.4703499987445,88365.30625000021
D1,week,3,atrH_1,82,169.06339268292055,13863.198199999484,80295.95165000024
D1,week,3,combo_0.25_1,28,1670.4651553571161,46773.02434999925,46313.64215000013
D1,week,3,combo_0.5_2,28,1128.311351785699,31592.71784999957,50616.30975000007
D1,week,3,combo_1_2,28,1450.9120999999898,40625.53879999971,44234.12690000003
D1,week,3,fixed_0,82,506.28252865852494,41515.16734999904,83788.63475000013
D1,week,3,fixed_0.01,82,456.8708475609687,37463.409499999434,85831.10075000004
D1,week,3,fixed_0.03,82,372.4145079268157,30537.989649998886,86952.61935000031
D1,week,3,fixed_0.05,82,401.1514091463173,32894.41554999802,81983.1591500006
D1,week,3,fixed_0.1,82,255.37199817071667,20940.503849998768,81355.35860000033
D1,week,3,fixed_0.2,82,315.3422786585244,25858.066849999,87255.7826500003
D1,week,3,fixed_0.5,82,-126.10885792683882,-10340.926350000784,86723.00755000065
D1,week,3,price_0.0005,82,421.55317743900207,34567.36054999817,81983.1591500006
D1,week,3,price_0.001,82,296.82567560974303,24339.70539999893,82481.83310000031
D1,week,3,price_0.002,82,-27.81745060977336,-2281.0309500014155,86848.09500000047
D1,week,3,price_0.005,82,-33.87594451220591,-2777.8274500008847,82363.6914500008
D1,week,3,q_0.5,82,506.28252865852494,41515.16734999904,83788.63475000013
D1,week,3,q_0.75,82,98.3274573170643,8062.851499999273,86356.55785000029
D1,week,3,q_0.9,82,-298.3209164634204,-24462.315150000475,64580.13510000039
D1,week,3,selected_atrD,82,96.9337335365684,7948.566149998609,87425.82430000033
D1,week,3,selected_atrH,82,240.2633731707141,19701.596599998556,80295.95165000024
D1,week,3,selected_combo,28,1357.2938785714057,38004.22859999936,44234.12690000003
D1,week,3,selected_fixed,82,163.00636829267148,13366.52219999906,80847.24110000019
D1,week,3,selected_price,82,235.51714085363932,19312.405549998424,80640.34950000035
D1,week,3,selected_q,82,94.6169902438943,7758.593199999334,65240.398350000556
D1,week,4,atrD_0.025,81,-184.20342654323377,-14920.477550001935,106240.91875000067
D1,week,4,atrD_0.05,81,-141.93527407409326,-11496.757200001553,98938.98965000044
D1,week,4,atrD_0.1,81,-246.7230864197713,-19984.570000001477,101366.54485000027
D1,week,4,atrD_0.25,81,-343.5533654321099,-27827.8226000009,106550.34640000034
D1,week,4,atrH_0.1,81,-130.24737222224692,-10550.037150002001,104320.98695000065
D1,week,4,atrH_0.25,81,-175.3990493827352,-14207.323000001552,99645.28135000018
D1,week,4,atrH_0.5,81,-449.31257098767037,-36394.3182500013,108134.6362500001
D1,week,4,atrH_1,81,-337.93673827161206,-27372.875800000576,98670.00165000017
D1,week,4,combo_0.25_1,28,1670.4651553571161,46773.02434999925,46313.64215000013
D1,week,4,combo_0.5_2,28,1128.311351785699,31592.71784999957,50616.30975000007
D1,week,4,combo_1_2,28,1450.9120999999898,40625.53879999971,44234.12690000003
D1,week,4,fixed_0,81,-11.924464814829538,-965.8816500011926,102849.0917500002
D1,week,4,fixed_0.01,81,-69.39887160494723,-5621.308600000726,105142.12645000003
D1,week,4,fixed_0.03,81,-147.8225746913755,-11973.628550001416,105959.26175000043
D1,week,4,fixed_0.05,81,-113.96446481484166,-9231.121650002175,100872.43715000058
D1,week,4,fixed_0.1,81,-229.11570185187017,-18558.371850001484,99883.3131000004
D1,week,4,fixed_0.2,81,-172.43283148149519,-13967.05935000111,106249.83265000026
D1,week,4,fixed_0.5,81,-527.051747530875,-42691.191550000876,102842.25875000063
D1,week,4,price_0.0005,81,-93.31082283953096,-7558.176650002008,100872.43715000058
D1,week,4,price_0.001,81,-187.15025061730043,-15159.170300001335,101009.78760000039
D1,week,4,price_0.002,81,-517.2365080247106,-41896.157150001556,105632.14500000048
D1,week,4,price_0.005,81,-446.24870185186364,-36146.14485000096,99288.94265000084
D1,week,4,q_0.5,81,-11.924464814829538,-965.8816500011926,102849.0917500002
D1,week,4,q_0.75,81,-406.12113703704875,-32895.81210000095,105040.60785000036
D1,week,4,q_0.9,81,-491.1222709876605,-39780.9039500005,69810.13510000036
D1,week,4,selected_atrD,81,-386.14716481483384,-31277.92035000154,106550.34640000034
D1,week,4,selected_atrH,81,-265.8577456790309,-21534.477400001506,98670.00165000017
D1,week,4,selected_combo,28,1357.2938785714057,38004.22859999936,44234.12690000003
D1,week,4,selected_fixed,81,-234.36719753087704,-18983.74300000104,96966.4923000002
D1,week,4,selected_price,81,-173.5297759259466,-14055.911850001676,97565.60070000034
D1,week,4,selected_q,81,-93.33327901235428,-7559.995600000697,70470.39835000053
D1,week,5,atrD_0.025,81,327.57902037034927,26533.90064999829,87354.27635000064
D1,week,5,atrD_0.05,81,375.6502098765272,30427.666999998703,80169.71165000033
D1,week,5,atrD_0.1,81,278.1418296296124,22529.488199998603,81597.21485000035
D1,week,5,atrD_0.25,81,129.15338148147217,10461.423899999245,87425.82430000033
D1,week,5,atrH_0.1,81,379.80667962960644,30764.341049998122,85574.34455000068
D1,week,5,atrH_0.25,81,349.4384148147988,28304.511599998703,80876.00335000007
D1,week,5,atrH_0.5,81,59.90407839504628,4852.230349998748,88365.3062500002
D1,week,5,atrH_1,81,159.5797308641912,12925.958199999486,80295.95165000024
D1,week,5,combo_0.25_1,28,1670.4651553571161,46773.02434999925,46313.64215000013
D1,week,5,combo_0.5_2,28,1128.311351785699,31592.71784999957,50616.30975000007
D1,week,5,combo_1_2,28,1450.9120999999898,40625.53879999971,44234.12690000003
D1,week,5,fixed_0,81,498.06934999998833,40343.617349999055,83788.63475000011
D1,week,5,fixed_0.01,81,450.940364197524,36526.16949999944,85831.10075000004
D1,week,5,fixed_0.03,81,365.4413537036899,29600.74964999888,86952.61935000031
D1,week,5,fixed_0.05,81,394.53303148145676,31957.175549998,81983.1591500006
D1,week,5,fixed_0.1,81,246.95387469134292,20003.263849998777,81355.35860000033
D1,week,5,fixed_0.2,81,307.6645290123333,24920.826849998994,87255.78265000028
D1,week,5,fixed_0.5,81,-139.23662160494794,-11278.166350000783,86723.00755000065
D1,week,5,price_0.0005,81,415.1866734567675,33630.120549998166,81983.1591500006
D1,week,5,price_0.001,81,288.91932592591263,23402.465399998924,82481.83310000031
D1,week,5,price_0.002,81,-39.73174012347426,-3218.2709500014153,86848.09500000048
D1,week,5,price_0.005,81,-45.86503024692439,-3715.0674500008754,82363.69145000081
D1,week,5,q_0.5,81,498.06934999998833,40343.617349999055,83788.63475000011
D1,week,5,q_0.75,81,87.97051234567027,7125.6114999992915,86356.55785000029
D1,week,5,q_0.9,81,-307.78932283951207,-24930.935150000478,64580.1351000004
D1,week,5,selected_atrD,81,86.55958209874815,7011.3261499986,87425.82430000033
D1,week,5,selected_atrH,81,231.6587234567721,18764.35659999854,80295.95165000024
D1,week,5,selected_combo,28,1357.2938785714057,38004.22859999936,44234.12690000003
D1,week,5,selected_fixed,81,153.4479283950503,12429.282199999074,80847.2411000002
D1,week,5,selected_price,81,226.853895678993,18375.165549998434,80640.34950000035
D1,week,5,selected_q,81,89.99966913579435,7289.973199999342,65240.39835000056
D1,week,10,atrD_0.025,79,134.76853481010494,10646.714249998291,87354.27635000064
D1,week,10,atrD_0.05,79,184.05671645568026,14540.48059999874,80169.71165000035
D1,week,10,atrD_0.1,79,100.74460759491929,7958.823999998624,81597.21485000035
D1,week,10,atrD_0.25,79,-18.686024050642565,-1476.1959000007628,87425.82430000034
D1,week,10,atrH_0.1,79,188.31841329111575,14877.154649998145,85574.34455000068
D1,week,10,atrH_0.25,79,157.1813316455537,12417.325199998742,80876.00335000009
D1,week,10,atrH_0.5,79,-123.01815000001572,-9718.433850001242,88365.3062500002
D1,week,10,atrH_1,79,-4.154225316462221,-328.1838000005155,80295.95165000024
D1,week,10,combo_0.25_1,28,1670.4651553571161,46773.02434999925,46313.64215000013
D1,week,10,combo_0.5_2,28,1128.311351785699,31592.71784999957,50616.30975000007
D1,week,10,combo_1_2,28,1450.9120999999898,40625.53879999971,44234.12690000003
D1,week,10,fixed_0,79,309.5750753164439,24456.430949999067,83788.63475000013
D1,week,10,fixed_0.01,79,261.2529506329052,20638.98309999951,85831.10075000004
D1,week,10,fixed_0.03,79,173.58940822783396,13713.563249998882,86952.61935000033
D1,week,10,fixed_0.05,79,203.41758417718995,16069.989149998006,81983.15915000057
D1,week,10,fixed_0.1,79,68.76708417719962,5432.5996499987705,81355.35860000034
D1,week,10,fixed_0.2,79,147.6795550632786,11666.68484999901,87255.78265000028
D1,week,10,fixed_0.5,79,-260.2596424050731,-20560.511750000776,86723.00755000065
D1,week,10,price_0.0005,79,224.59410316453403,17742.93414999819,81983.15915000057
D1,week,10,price_0.001,79,111.79495189872041,8831.801199998912,82481.83310000031
D1,week,10,price_0.002,79,-208.51155632913162,-16472.4129500014,86848.09500000048
D1,week,10,price_0.005,79,-181.47044367089723,-14336.16505000088,82363.69145000081
D1,week,10,q_0.5,79,309.5750753164439,24456.430949999067,83788.63475000013
D1,week,10,q_0.75,79,-77.57633544304687,-6128.530500000703,86356.55785000027
D1,week,10,q_0.9,79,-382.80359430380327,-30241.48395000046,64580.135100000385
D1,week,10,selected_atrD,79,-62.35814746837197,-4926.293650001386,87425.82430000034
D1,week,10,selected_atrH,79,69.74955189871612,5510.214599998573,80295.95165000024
D1,week,10,selected_combo,28,1357.2938785714057,38004.22859999936,44234.12690000003
D1,week,10,selected_fixed,79,39.83464303796307,3146.9367999990827,80847.2411000002
D1,week,10,selected_price,79,98.15275886073968,7754.067949998434,80640.34950000035
D1,week,10,selected_q,79,25.056005063282573,1979.4243999993232,65240.398350000556
H1,four_weeks,0,atrD_0.025,33,1064.6790121211384,35134.407399997566,42115.17395000122
H1,four_weeks,0,atrD_0.05,33,2091.938054545413,69033.95579999863,37943.02960000015
H1,four_weeks,0,atrD_0.1,33,2347.2682681818014,77459.85284999944,42472.285750000185
H1,four_weeks,0,atrD_0.25,33,2949.2817439393702,97326.29754999922,35073.1672000001
H1,four_weeks,0,atrH_0.1,33,1824.8670378787383,60220.61224999836,42123.73785000043
H1,four_weeks,0,atrH_0.25,33,2263.1633560605524,74684.39074999823,41192.547199999986
H1,four_weeks,0,atrH_0.5,33,3657.2882863636046,120690.51344999895,42355.59470000025
H1,four_weeks,0,atrH_1,33,2319.056957575731,76528.87959999911,41133.17075000019
H1,four_weeks,0,combo_0.25_1,33,2263.1633560605524,74684.39074999823,41192.547199999986
H1,four_weeks,0,combo_0.5_2,33,3657.2882863636046,120690.51344999895,42355.59470000025
H1,four_weeks,0,combo_1_2,33,2319.056957575731,76528.87959999911,41133.17075000019
H1,four_weeks,0,fixed_0,33,928.3088560605253,30634.192249997333,42371.43890000078
H1,four_weeks,0,fixed_0.01,33,799.4723666666808,26382.588100000467,42494.29449999975
H1,four_weeks,0,fixed_0.03,33,1131.5797712120632,37342.132449998084,42078.87265000086
H1,four_weeks,0,fixed_0.05,33,1335.126819696944,44059.185049999156,41981.963999999774
H1,four_weeks,0,fixed_0.1,33,2998.130713636338,98938.31354999915,42832.70085000007
H1,four_weeks,0,fixed_0.2,33,2673.540312121185,88226.8302999991,41324.33385000008
H1,four_weeks,0,fixed_0.5,33,4024.6949136363487,132814.9321499995,18861.66374999994
H1,four_weeks,0,price_0.0005,33,1939.4019136363468,64000.263149999446,41981.963999999774
H1,four_weeks,0,price_0.001,33,2389.028240909051,78837.93194999869,41881.020650000144
H1,four_weeks,0,price_0.002,33,2893.144306060588,95473.7620999994,42744.661899999985
H1,four_weeks,0,price_0.005,33,3829.688746969676,126379.7286499993,18529.18294999996
H1,four_weeks,0,q_0.5,33,2678.1226999999703,88378.04909999901,41355.51525000027
H1,four_weeks,0,q_0.75,33,1090.0373484848442,35971.23249999986,15353.520449999958
H1,four_weeks,0,q_0.9,33,-53.51122878788082,-1765.870550000067,16004.982050000022
H1,four_weeks,0,selected_atrD,33,2949.2817439393702,97326.29754999922,35073.1672000001
H1,four_weeks,0,selected_atrH,33,2319.056957575731,76528.87959999911,41133.17075000019
H1,four_weeks,0,selected_combo,33,2319.056957575731,76528.87959999911,41133.17075000019
H1,four_weeks,0,selected_fixed,33,4024.6949136363487,132814.9321499995,18861.66374999994
H1,four_weeks,0,selected_price,33,3829.688746969676,126379.7286499993,18529.18294999996
H1,four_weeks,0,selected_q,33,-53.51122878788082,-1765.870550000067,16004.982050000022
H1,four_weeks,1,atrD_0.025,33,1895.8133424241685,62561.84029999756,42115.17395000122
H1,four_weeks,1,atrD_0.05,33,2922.996724242383,96458.89189999865,37943.029600000154
H1,four_weeks,1,atrD_0.1,33,3110.5407045454353,102647.84324999937,42472.28575000019
H1,four_weeks,1,atrD_0.25,33,3653.921340909064,120579.4042499991,35073.1672000001
H1,four_weeks,1,atrH_0.1,33,2656.001368181768,87648.04514999835,42123.737850000434
H1,four_weeks,1,atrH_0.25,33,3093.77272878783,102094.5000499984,41192.547199999986
H1,four_weeks,1,atrH_0.5,33,4425.704153030266,146048.23704999877,42355.59470000026
H1,four_weeks,1,atrH_1,33,3033.9548454545206,100120.50989999918,41133.17075000019
H1,four_weeks,1,combo_0.25_1,33,3093.77272878783,102094.5000499984,41192.547199999986
H1,four_weeks,1,combo_0.5_2,33,4425.704153030266,146048.23704999877,42355.59470000026
H1,four_weeks,1,combo_1_2,33,3033.9548454545206,100120.50989999918,41133.17075000019
H1,four_weeks,1,fixed_0,33,1758.1070893938563,58017.53394999726,42371.43890000077
H1,four_weeks,1,fixed_0.01,33,1624.680430303048,53614.45420000059,42494.29449999975
H1,four_weeks,1,fixed_0.03,33,1962.7141015150928,64769.56534999806,42078.87265000086
H1,four_weeks,1,fixed_0.05,33,2166.0287257575465,71478.94794999903,41981.963999999774
H1,four_weeks,1,fixed_0.1,33,3764.276689393907,124221.13074999893,42832.70085000006
H1,four_weeks,1,fixed_0.2,33,3439.984465151488,113519.48734999911,41324.33385000008
H1,four_weeks,1,fixed_0.5,33,4222.846543939379,139353.93594999952,18861.663749999934
H1,four_weeks,1,price_0.0005,33,2770.3038196969487,91420.0260499993,41981.963999999774
H1,four_weeks,1,price_0.001,33,3155.1742166666213,104120.7491499985,41881.020650000144
H1,four_weeks,1,price_0.002,33,3666.7604121211907,121003.0935999993,42744.661899999985
H1,four_weeks,1,price_0.005,33,4027.8403772727065,132918.7324499993,18529.18294999996
H1,four_weeks,1,q_0.5,33,3393.02058787876,111969.67939999908,41355.51525000026
H1,four_weeks,1,q_0.75,33,1172.3671969696927,38688.11749999986,15353.520449999958
H1,four_weeks,1,q_0.9,33,-6.241565151517204,-205.9716500000677,16004.982050000022
H1,four_weeks,1,selected_atrD,33,3653.921340909064,120579.4042499991,35073.1672000001
H1,four_weeks,1,selected_atrH,33,3033.9548454545206,100120.50989999918,41133.17075000019
H1,four_weeks,1,selected_combo,33,3033.9548454545206,100120.50989999918,41133.17075000019
H1,four_weeks,1,selected_fixed,33,4222.846543939379,139353.93594999952,18861.663749999934
H1,four_weeks,1,selected_price,33,4027.8403772727065,132918.7324499993,18529.18294999996
H1,four_weeks,1,selected_q,33,-6.241565151517204,-205.9716500000677,16004.982050000022
H1,four_weeks,2,atrD_0.025,33,918.9485878787939,30325.303400000197,41676.92899999875
H1,four_weeks,2,atrD_0.05,33,1591.1677136363592,52508.53454999985,41985.0674999991
H1,four_weeks,2,atrD_0.1,33,2332.5001590909164,76972.50525000025,42472.285750000185
H1,four_weeks,2,atrD_0.25,33,1968.4201636363632,64957.86539999999,36370.514599999515
H1,four_weeks,2,atrH_0.1,33,1697.9989545454555,56033.965500000035,41063.03564999893
H1,four_weeks,2,atrH_0.25,33,2073.6129151514997,68429.2261999995,40710.58009999919
H1,four_weeks,2,atrH_0.5,33,2648.7102121212156,87407.43700000012,42355.59470000027
H1,four_weeks,2,atrH_1,33,1383.5426333333435,45656.90690000034,41133.17075000018
H1,four_weeks,2,combo_0.25_1,33,2073.6129151514997,68429.2261999995,40710.58009999919
H1,four_weeks,2,combo_0.5_2,33,2648.7102121212156,87407.43700000012,42355.59470000027
H1,four_weeks,2,combo_1_2,33,1383.5426333333435,45656.90690000034,41133.17075000018
H1,four_weeks,2,fixed_0,33,842.835748484848,27813.579699999984,39110.638849998235
H1,four_weeks,2,fixed_0.01,33,727.4541318182136,24005.986350001047,39427.98049999948
H1,four_weeks,2,fixed_0.03,33,981.655898484858,32394.64465000031,41779.01149999879
H1,four_weeks,2,fixed_0.05,33,1130.139153030287,37294.59204999947,41455.21049999962
H1,four_weeks,2,fixed_0.1,33,2567.845439393953,84738.89950000044,42832.70085000007
H1,four_weeks,2,fixed_0.2,33,1703.3941681818158,56212.00754999992,41324.33385000008
H1,four_weeks,2,fixed_0.5,33,2913.47007727273,96144.51255000009,20598.660599999734
H1,four_weeks,2,price_0.0005,33,1734.4142469696892,57235.67014999974,41455.21049999962
H1,four_weeks,2,price_0.001,33,1957.7413909090915,64605.46590000002,41881.020650000144
H1,four_weeks,2,price_0.002,33,1930.4236909091064,63703.98180000051,42744.66189999999
H1,four_weeks,2,price_0.005,33,2740.4154909090917,90433.71120000002,19282.731349999616
H1,four_weeks,2,q_0.5,33,1752.7970242424249,57842.30180000002,41355.51525000027
H1,four_weeks,2,q_0.75,33,1089.2961242424258,35946.77210000005,15353.520449999958
H1,four_weeks,2,q_0.9,33,0.6783909090912664,22.386900000011792,16004.982050000022
H1,four_weeks,2,selected_atrD,33,1968.4201636363632,64957.86539999999,36370.514599999515
H1,four_weeks,2,selected_atrH,33,1383.5426333333435,45656.90690000034,41133.17075000018
H1,four_weeks,2,selected_combo,33,1383.5426333333435,45656.90690000034,41133.17075000018
H1,four_weeks,2,selected_fixed,33,2913.47007727273,96144.51255000009,20598.660599999734
H1,four_weeks,2,selected_price,33,2740.4154909090917,90433.71120000002,19282.731349999616
H1,four_weeks,2,selected_q,33,0.6783909090912664,22.386900000011792,16004.982050000022
H1,four_weeks,3,atrD_0.025,33,2802.8609787878513,92494.4122999991,38353.36755000028
H1,four_weeks,3,atrD_0.05,33,3415.371733333306,112707.2671999991,37943.02960000014
H1,four_weeks,3,atrD_0.1,33,3817.7133287878673,125984.53984999962,42472.28575000019
H1,four_weeks,3,atrD_0.25,33,3437.2808999999907,113430.26969999968,35073.1672000001
H1,four_weeks,3,atrH_0.1,33,3533.797349999978,116615.31254999927,37857.815450000584
H1,four_weeks,3,atrH_0.25,33,3807.263319696936,125639.68954999889,38292.165600000386
H1,four_weeks,3,atrH_0.5,33,3988.1758015151513,131609.80145,42355.594700000256
H1,four_weeks,3,atrH_1,33,2737.96565151514,90352.86649999963,41133.17075000019
H1,four_weeks,3,combo_0.25_1,33,3807.263319696936,125639.68954999889,38292.165600000386
H1,four_weeks,3,combo_0.5_2,33,3988.1758015151513,131609.80145,42355.594700000256
H1,four_weeks,3,combo_1_2,33,2737.96565151514,90352.86649999963,41133.17075000019
H1,four_weeks,3,fixed_0,33,2741.0783863635893,90455.58674999845,38344.00030000096
H1,four_weeks,3,fixed_0.01,33,2580.83830757578,85167.66415000074,37804.58595000025
H1,four_weeks,3,fixed_0.03,33,2841.8859257575523,93782.23554999923,38643.01904999998
H1,four_weeks,3,fixed_0.05,33,2930.2891393939235,96699.54159999947,38229.324550000485
H1,four_weeks,3,fixed_0.1,33,4001.519386363632,132050.13974999986,42832.70085000006
H1,four_weeks,3,fixed_0.2,33,2962.774733333316,97771.56619999942,41324.33385000008
H1,four_weeks,3,fixed_0.5,33,3602.7573863636326,118890.99374999988,18861.663749999934
H1,four_weeks,3,price_0.0005,33,3534.564233333326,116640.61969999975,38093.47370000048
H1,four_weeks,3,price_0.001,33,3391.4153378787714,111916.70614999946,41881.02065000016
H1,four_weeks,3,price_0.002,33,3219.69714090909,106250.00564999998,42744.661899999985
H1,four_weeks,3,price_0.005,33,3424.2045803030232,112998.75114999976,18529.18294999995
H1,four_weeks,3,q_0.5,33,3109.5397409090774,102614.81144999956,41355.51525000026
H1,four_weeks,3,q_0.75,33,1262.5216575757584,41663.214700000026,15353.520449999958
H1,four_weeks,3,q_0.9,33,200.6444803030304,6621.267850000004,16004.98205000002
H1,four_weeks,3,selected_atrD,33,3437.2808999999907,113430.26969999968,35073.1672000001
H1,four_weeks,3,selected_atrH,33,2737.96565151514,90352.86649999963,41133.17075000019
H1,four_weeks,3,selected_combo,33,2737.96565151514,90352.86649999963,41133.17075000019
H1,four_weeks,3,selected_fixed,33,3602.7573863636326,118890.99374999988,18861.663749999934
H1,four_weeks,3,selected_price,33,3424.2045803030232,112998.75114999976,18529.18294999995
H1,four_weeks,3,selected_q,33,200.6444803030304,6621.267850000004,16004.98205000002
H1,four_weeks,4,atrD_0.025,33,779.7158803030071,25730.624049999235,46271.608349999704
H1,four_weeks,4,atrD_0.05,33,1829.238540909086,60364.871849999836,37943.029600000154
H1,four_weeks,4,atrD_0.1,33,2350.218928787882,77557.2246500001,42472.285750000185
H1,four_weeks,4,atrD_0.25,33,2003.6939924242404,66121.90174999993,35206.47824999959
H1,four_weeks,4,atrH_0.1,33,1526.4828893939275,50373.93534999961,46723.065799999364
H1,four_weeks,4,atrH_0.25,33,2276.625790909074,75128.65109999945,38292.165600000386
H1,four_weeks,4,atrH_0.5,33,2613.9637878787835,86260.80499999985,42355.59470000027
H1,four_weeks,4,atrH_1,33,1322.8019166666736,43652.463250000226,41133.17075000018
H1,four_weeks,4,combo_0.25_1,33,2276.625790909074,75128.65109999945,38292.165600000386
H1,four_weeks,4,combo_0.5_2,33,2613.9637878787835,86260.80499999985,42355.59470000027
H1,four_weeks,4,combo_1_2,33,1322.8019166666736,43652.463250000226,41133.17075000018
H1,four_weeks,4,fixed_0,33,633.9666696969275,20920.90009999861,46522.643400000015
H1,four_weeks,4,fixed_0.01,33,493.80951060609317,16295.713850001075,47138.25299999946
H1,four_weeks,4,fixed_0.03,33,828.1692287878656,27329.584549999563,46844.071599999545
H1,four_weeks,4,fixed_0.05,33,1341.5472409090805,44271.05894999966,38229.324550000485
H1,four_weeks,4,fixed_0.1,33,2537.018039393939,83721.59529999999,42832.70085000007
H1,four_weeks,4,fixed_0.2,33,1635.6247515151517,53975.6168,41324.33385000008
H1,four_weeks,4,fixed_0.5,33,3362.533137878789,110963.59355000005,18861.663749999934
H1,four_weeks,4,price_0.0005,33,1945.8223348484828,64212.13704999993,38093.47370000048
H1,four_weeks,4,price_0.001,33,1929.6412636363525,63678.16169999963,41881.020650000144
H1,four_weeks,4,price_0.002,33,1866.5055242424319,61594.682300000255,42744.66189999999
H1,four_weeks,4,price_0.005,33,2776.8562909090906,91636.25759999998,18529.18294999996
H1,four_weeks,4,q_0.5,33,1690.03925,55771.29525,41355.51525000027
H1,four_weeks,4,q_0.75,33,1266.249721212123,41786.24080000006,15353.520449999958
H1,four_weeks,4,q_0.9,33,34.30303181818233,1132.000050000017,16004.982050000022
H1,four_weeks,4,selected_atrD,33,2003.6939924242404,66121.90174999993,35206.47824999959
H1,four_weeks,4,selected_atrH,33,1322.8019166666736,43652.463250000226,41133.17075000018
H1,four_weeks,4,selected_combo,33,1322.8019166666736,43652.463250000226,41133.17075000018
H1,four_weeks,4,selected_fixed,33,3362.533137878789,110963.59355000005,18861.663749999934
H1,four_weeks,4,selected_price,33,2776.8562909090906,91636.25759999998,18529.18294999996
H1,four_weeks,4,selected_q,33,34.30303181818233,1132.000050000017,16004.982050000022
H1,four_weeks,5,atrD_0.025,33,1070.7245878787464,35333.91139999863,41202.2646500003
H1,four_weeks,5,atrD_0.05,33,1748.3095651514789,57694.215649998805,40632.738400000104
H1,four_weeks,5,atrD_0.1,33,2163.736246969687,71403.29614999966,43084.82564999981
H1,four_weeks,5,atrD_0.25,33,1830.500909090903,60406.529999999795,40921.84999999971
H1,four_weeks,5,atrH_0.1,33,1832.7715742423954,60481.46194999905,41149.482849999906
H1,four_weeks,5,atrH_0.25,33,2186.2211015151197,72145.29634999896,40527.368699999875
H1,four_weeks,5,atrH_0.5,33,2423.4596924242355,79974.16984999977,43129.40354999974
H1,four_weeks,5,atrH_1,33,1174.9848515151468,38774.500099999845,41133.17075000018
H1,four_weeks,5,combo_0.25_1,33,2186.2211015151197,72145.29634999896,40527.368699999875
H1,four_weeks,5,combo_0.5_2,33,2423.4596924242355,79974.16984999977,43129.40354999974
H1,four_weeks,5,combo_1_2,33,1174.9848515151468,38774.500099999845,41133.17075000018
H1,four_weeks,5,fixed_0,33,953.682568181766,31471.524749998276,41536.50959999996
H1,four_weeks,5,fixed_0.01,33,848.2731484848784,27993.013900000988,41136.99829999943
H1,four_weeks,5,fixed_0.03,33,1145.0327363636138,37786.08029999926,40921.51949999984
H1,four_weeks,5,fixed_0.05,33,1150.108043939384,37953.565449999674,44782.41029999949
H1,four_weeks,5,fixed_0.1,33,2402.878731818179,79294.99814999991,42832.70085000007
H1,four_weeks,5,fixed_0.2,33,1535.4670681817995,50670.41324999939,41324.33385000008
H1,four_weeks,5,fixed_0.5,33,3159.4985030303,104263.45059999991,26098.795799999905
H1,four_weeks,5,price_0.0005,33,1754.3831378787863,57894.64354999995,44782.41029999949
H1,four_weeks,5,price_0.001,33,1789.3907499999752,59049.894749999185,42737.41059999999
H1,four_weeks,5,price_0.002,33,1770.4398030303003,58424.513499999906,42744.66189999999
H1,four_weeks,5,price_0.005,33,2463.2510530302925,81287.28474999966,28429.157799999968
H1,four_weeks,5,q_0.5,33,1533.6314045454453,50609.83634999969,41355.51525000027
H1,four_weeks,5,q_0.75,33,811.6542893939392,26784.591549999994,15353.520449999956
H1,four_weeks,5,q_0.9,33,-378.5764863636366,-12493.024050000007,23252.102
H1,four_weeks,5,selected_atrD,33,1830.500909090903,60406.529999999795,40921.84999999971
H1,four_weeks,5,selected_atrH,33,1174.9848515151468,38774.500099999845,41133.17075000018
H1,four_weeks,5,selected_combo,33,1174.9848515151468,38774.500099999845,41133.17075000018
H1,four_weeks,5,selected_fixed,33,3159.4985030303,104263.45059999991,26098.795799999905
H1,four_weeks,5,selected_price,33,2463.2510530302925,81287.28474999966,28429.157799999968
H1,four_weeks,5,selected_q,33,-378.5764863636366,-12493.024050000007,23252.102
H1,four_weeks,10,atrD_0.025,33,1152.366536363607,38028.09569999904,39431.711900000264
H1,four_weeks,10,atrD_0.05,33,1794.4422772727055,59216.59514999928,40016.48009999997
H1,four_weeks,10,atrD_0.1,33,2302.3896136363524,75978.85724999962,42472.285750000185
H1,four_weeks,10,atrD_0.25,33,1878.1439484848431,61978.750299999825,41791.176499999834
H1,four_weeks,10,atrH_0.1,33,1888.6776909090677,62326.363799999235,39869.161550000055
H1,four_weeks,10,atrH_0.25,33,2189.728962121175,72261.05574999876,41043.742150000195
H1,four_weeks,10,atrH_0.5,33,2545.1556833333266,83990.13754999978,42355.59470000027
H1,four_weeks,10,atrH_1,33,1206.4383227272674,39812.46464999983,41932.53445000001
H1,four_weeks,10,combo_0.25_1,33,2189.728962121175,72261.05574999876,41043.742150000195
H1,four_weeks,10,combo_0.5_2,33,2545.1556833333266,83990.13754999978,42355.59470000027
H1,four_weeks,10,combo_1_2,33,1206.4383227272674,39812.46464999983,41932.53445000001
H1,four_weeks,10,fixed_0,33,1039.9004545454063,34316.71499999841,39070.421550000225
H1,four_weeks,10,fixed_0.01,33,912.2408303030768,30103.947400001533,39290.266049999365
H1,four_weeks,10,fixed_0.03,33,1201.2263166666387,39640.468449999076,39631.711900000366
H1,four_weeks,10,fixed_0.05,33,1306.2289348484655,43105.55484999936,40096.480100000015
H1,four_weeks,10,fixed_0.1,33,2497.3512575757536,82412.59149999986,42832.70085000007
H1,four_weeks,10,fixed_0.2,33,1534.9603242423998,50653.69069999919,42164.51580000042
H1,four_weeks,10,fixed_0.5,33,2891.734710606051,95427.24544999968,22464.890900000217
H1,four_weeks,10,price_0.0005,33,1910.5040287878678,63046.632949999635,40096.480100000015
H1,four_weeks,10,price_0.001,33,1894.8312499999802,62529.43124999935,41881.020650000144
H1,four_weeks,10,price_0.002,33,1747.3265318181805,57661.775549999955,42744.66189999999
H1,four_weeks,10,price_0.005,33,2660.6192227272595,87800.43434999956,23136.78160000015
H1,four_weeks,10,q_0.5,33,1583.7209636363586,52262.79179999984,41355.51525000027
H1,four_weeks,10,q_0.75,33,494.5348136363621,16319.64884999995,17635.834249999978
H1,four_weeks,10,q_0.9,33,-181.54875454545618,-5991.108900000054,16824.895400000023
H1,four_weeks,10,selected_atrD,33,1878.1439484848431,61978.750299999825,41791.176499999834
H1,four_weeks,10,selected_atrH,33,1206.4383227272674,39812.46464999983,41932.53445000001
H1,four_weeks,10,selected_combo,33,1206.4383227272674,39812.46464999983,41932.53445000001
H1,four_weeks,10,selected_fixed,33,2891.734710606051,95427.24544999968,22464.890900000217
H1,four_weeks,10,selected_price,33,2660.6192227272595,87800.43434999956,23136.78160000015
H1,four_weeks,10,selected_q,33,-181.54875454545618,-5991.108900000054,16824.895400000023
H1,intraday,0,atrD_0.025,164,-1506.9870814024448,-247145.88135000094,292832.37695000024
H1,intraday,0,atrD_0.05,164,-1454.294280182934,-238504.26195000118,278519.39615000074
H1,intraday,0,atrD_0.1,164,-1283.954528048787,-210568.5426000011,242373.22310000056
H1,intraday,0,atrD_0.25,164,-798.9231262195109,-131023.3926999998,148898.22859999957
H1,intraday,0,atrH_0.1,164,-1510.5729966463532,-247733.97145000193,293148.2645000014
H1,intraday,0,atrH_0.25,164,-1456.099199390256,-238800.268700002,276082.1049500019
H1,intraday,0,atrH_0.5,164,-1150.1296762195207,-188621.26690000138,216156.49675000084
H1,intraday,0,atrH_1,164,-1208.7979131097547,-198242.8577499998,213268.70364999963
H1,intraday,0,combo_0.25_1,162,-1497.8491759259366,-242651.56650000173,267009.4027500017
H1,intraday,0,combo_0.5_2,162,-1184.2464135802536,-191847.9190000011,207177.1488500006
H1,intraday,0,combo_1_2,162,-1233.0304700617276,-199750.93614999985,204006.78204999972
H1,intraday,0,fixed_0,164,-1733.7524881097297,-284335.40804999566,337319.9999999964
H1,intraday,0,fixed_0.01,164,-1384.0985085365883,-226992.15540000048,277864.5588500004
H1,intraday,0,fixed_0.03,164,-1546.8826097560907,-253688.7479999989,299100.1472499991
H1,intraday,0,fixed_0.05,164,-1570.4657451219562,-257556.3822000008,298132.6082500002
H1,intraday,0,fixed_0.1,164,-1253.2071164634233,-205525.9671000014,236832.75495000064
H1,intraday,0,fixed_0.2,164,-1226.923818597565,-201215.50625000068,218125.09840000066
H1,intraday,0,fixed_0.5,164,-307.38461249999995,-50411.07644999999,83291.52164999992
H1,intraday,0,price_0.0005,164,-1547.940200609773,-253862.19290000276,294438.4189500021
H1,intraday,0,price_0.001,164,-1206.2291027439064,-197821.57285000064,228741.78795000009
H1,intraday,0,price_0.002,164,-1300.0703509146301,-213211.53754999934,232692.03719999894
H1,intraday,0,price_0.005,164,-486.62192317073243,-79805.99540000012,110600.90114999982
H1,intraday,0,q_0.5,164,-1733.7524881097297,-284335.40804999566,337319.9999999964
H1,intraday,0,q_0.75,164,-1150.719592987807,-188718.01325000034,213900.77210000026
H1,intraday,0,q_0.9,164,-417.74294329268486,-68509.84270000031,98171.2959000002
H1,intraday,0,selected_atrD,164,-1131.4559631097532,-185558.77794999952,203433.61384999912
H1,intraday,0,selected_atrH,164,-1304.7656628048842,-213981.568700001,229007.41460000083
H1,intraday,0,selected_combo,162,-1313.6452546296366,-212810.53125000114,217066.3771500011
H1,intraday,0,selected_fixed,164,-307.38461249999995,-50411.07644999999,83291.52164999992
H1,intraday,0,selected_price,164,-486.62192317073243,-79805.99540000012,110600.90114999982
H1,intraday,0,selected_q,164,-417.74294329268486,-68509.84270000031,98171.2959000002
H1,intraday,1,atrD_0.025,163,-1509.190442024546,-245998.04205000098,292832.3769500002
H1,intraday,1,atrD_0.05,163,-1456.1743720858967,-237356.42265000116,278519.39615000074
H1,intraday,1,atrD_0.1,163,-1285.5720306748533,-209548.2410000011,242373.22310000053
H1,intraday,1,atrD_0.25,163,-798.347415950919,-130130.62879999979,148898.22859999957
H1,intraday,1,atrH_0.1,163,-1512.7983567484782,-246586.13215000194,293148.2645000013
H1,intraday,1,atrH_0.25,163,-1457.9903644171902,-237652.429400002,276082.104950002
H1,intraday,1,atrH_0.5,163,-1150.9261674846714,-187600.96530000144,216156.49675000086
H1,intraday,1,atrH_1,163,-1210.7367720858886,-197350.09384999983,213268.70364999966
H1,intraday,1,combo_0.25_1,161,-1500.02315031057,-241503.72720000174,267009.40275000175
H1,intraday,1,combo_0.5_2,161,-1185.264704347833,-190827.61740000112,207177.14885000064
H1,intraday,1,combo_1_2,161,-1235.1439270186324,-198858.17224999983,204006.78204999975
H1,intraday,1,fixed_0,163,-1737.3470475459858,-283187.56874999567,337319.99999999633
H1,intraday,1,fixed_0.01,163,-1385.5479515337456,-225844.31610000052,277864.5588500004
H1,intraday,1,fixed_0.03,163,-1549.3307282208523,-252540.90869999892,299100.14724999905
H1,intraday,1,fixed_0.05,163,-1573.0585453987778,-256408.5429000008,298132.6082500002
H1,intraday,1,fixed_0.1,163,-1254.6359846625853,-204505.6655000014,236832.7549500006
H1,intraday,1,fixed_0.2,163,-1228.1914395705562,-200195.20465000067,218125.09840000066
H1,intraday,1,fixed_0.5,163,-304.57576840490793,-49645.850249999996,83291.52164999992
H1,intraday,1,price_0.0005,163,-1550.3948073619802,-252714.35360000277,294438.4189500021
H1,intraday,1,price_0.001,163,-1207.3697622699426,-196801.27125000063,228741.78795000006
H1,intraday,1,price_0.002,163,-1301.786723619628,-212191.23594999936,232692.037199999
H1,intraday,1,price_0.005,163,-484.9126944785284,-79040.76920000013,110600.90114999982
H1,intraday,1,q_0.5,163,-1737.3470475459858,-283187.56874999567,337319.99999999633
H1,intraday,1,q_0.75,163,-1151.5197033742354,-187697.71165000036,213900.7721000002
H1,intraday,1,q_0.9,163,-415.6111441717813,-67744.61650000035,98171.29590000019
H1,intraday,1,selected_atrD,163,-1132.9203315950892,-184666.01404999953,203433.6138499991
H1,intraday,1,selected_atrH,163,-1307.2932809816011,-213088.80480000097,229007.4146000008
H1,intraday,1,selected_combo,161,-1316.2594245341686,-211917.76735000114,217066.37715000112
H1,intraday,1,selected_fixed,163,-304.57576840490793,-49645.850249999996,83291.52164999992
H1,intraday,1,selected_price,163,-484.9126944785284,-79040.76920000013,110600.90114999982
H1,intraday,1,selected_q,163,-415.6111441717813,-67744.61650000035,98171.29590000019
H1,intraday,2,atrD_0.025,162,-1458.1980435185244,-236228.08305000095,292832.37695000024
H1,intraday,2,atrD_0.05,162,-1403.6900879629698,-227397.79425000108,278519.39615000074
H1,intraday,2,atrD_0.1,162,-1231.861238271613,-199561.52060000133,242373.22310000056
H1,intraday,2,atrD_0.25,162,-741.866318209876,-120182.34354999992,148898.22859999954
H1,intraday,2,atrH_0.1,162,-1461.8282293209995,-236816.17315000194,293148.2645000014
H1,intraday,2,atrH_0.25,162,-1406.0460882716184,-227779.46630000218,276082.10495000205
H1,intraday,2,atrH_0.5,162,-1096.1133225308727,-177570.3582500014,216156.4967500009
H1,intraday,2,atrH_1,162,-1158.900053086419,-187741.80859999987,213268.70364999966
H1,intraday,2,combo_0.25_1,160,-1447.692275625012,-231630.76410000192,267009.4027500018
H1,intraday,2,combo_0.5_2,160,-1129.981314687507,-180797.0103500011,207177.14885000067
H1,intraday,2,combo_1_2,160,-1182.8117937499992,-189249.88699999987,204006.78204999975
H1,intraday,2,fixed_0,162,-1686.0182009258992,-273134.94854999566,337319.9999999963
H1,intraday,2,fixed_0.01,162,-1333.722385802474,-216063.0265000008,277864.5588500003
H1,intraday,2,fixed_0.03,162,-1498.5861092592525,-242770.9496999989,299100.14724999917
H1,intraday,2,fixed_0.05,162,-1520.8904271604993,-246384.24920000086,298132.6082500003
H1,intraday,2,fixed_0.1,162,-1201.2520478395156,-194602.83175000153,236832.75495000067
H1,intraday,2,fixed_0.2,162,-1174.5243064814872,-190272.9376500009,218125.09840000063
H1,intraday,2,fixed_0.5,162,-340.10720277777773,-55097.36684999999,83291.52164999991
H1,intraday,2,price_0.0005,162,-1498.0867895061901,-242690.0599000028,294438.4189500022
H1,intraday,2,price_0.001,162,-1153.6940586419803,-186898.43750000081,228741.78795000006
H1,intraday,2,price_0.002,162,-1249.8084503086382,-202468.96894999937,232692.03719999894
H1,intraday,2,price_0.005,162,-524.361597839507,-84946.57885000014,110600.9011499998
H1,intraday,2,q_0.5,162,-1686.0182009258992,-273134.94854999566,337319.9999999963
H1,intraday,2,q_0.75,162,-1098.205748765434,-177909.3313000003,213900.7721000002
H1,intraday,2,q_0.9,162,-454.6322601851874,-73650.42615000036,98171.29590000016
H1,intraday,2,selected_atrD,162,-1078.50449876543,-174717.72879999966,203433.61384999915
H1,intraday,2,selected_atrH,162,-1256.052589814821,-203480.51955000102,229007.41460000083
H1,intraday,2,selected_combo,160,-1264.4342631250079,-202309.48210000125,217066.37715000103
H1,intraday,2,selected_fixed,162,-340.10720277777773,-55097.36684999999,83291.52164999991
H1,intraday,2,selected_price,162,-524.361597839507,-84946.57885000014,110600.9011499998
H1,intraday,2,selected_q,162,-454.6322601851874,-73650.42615000036,98171.29590000016
H1,intraday,3,atrD_0.025,161,-1499.6972114906894,-241451.25105000098,292832.37695000024
H1,intraday,3,atrD_0.05,161,-1443.228595341622,-232359.80385000113,278519.39615000074
H1,intraday,3,atrD_0.1,161,-1267.088281987586,-204001.21340000135,242373.22310000053
H1,intraday,3,atrD_0.25,161,-765.9394059006207,-123316.24434999994,148898.22859999954
H1,intraday,3,atrH_0.1,161,-1504.9720468944222,-242300.49955000196,293148.2645000014
H1,intraday,3,atrH_0.25,161,-1447.2213310559143,-233002.63430000222,276082.104950002
H1,intraday,3,atrH_0.5,161,-1130.497211490692,-182010.05105000144,216156.49675000086
H1,intraday,3,atrH_1,161,-1188.8076161490678,-191398.0261999999,213268.70364999963
H1,intraday,3,combo_0.25_1,159,-1489.6473716981259,-236853.932100002,267009.4027500018
H1,intraday,3,combo_0.5_2,159,-1165.0107116352272,-185236.70315000112,207177.14885000064
H1,intraday,3,combo_1_2,159,-1213.245940880503,-192906.10459999996,204006.78204999972
H1,intraday,3,fixed_0,161,-1732.1766046583587,-278880.43334999576,337319.99999999633
H1,intraday,3,fixed_0.01,161,-1377.6926167701915,-221808.51130000083,277864.5588500004
H1,intraday,3,fixed_0.03,161,-1541.958236645956,-248255.2760999989,299100.1472499991
H1,intraday,3,fixed_0.05,161,-1562.778988819881,-251607.41720000084,298132.6082500003
H1,intraday,3,fixed_0.1,161,-1237.9110742236119,-199303.68295000153,236832.75495000067
H1,intraday,3,fixed_0.2,161,-1206.1510164596332,-194190.31365000096,218125.09840000063
H1,intraday,3,fixed_0.5,161,-358.4406885093169,-57708.95085000002,83291.52164999992
H1,intraday,3,price_0.0005,161,-1539.833713664614,-247913.22790000285,294438.4189500021
H1,intraday,3,price_0.001,161,-1190.0576937888252,-191599.28870000085,228741.78795000009
H1,intraday,3,price_0.002,161,-1283.5248655279468,-206647.50334999943,232692.03719999897
H1,intraday,3,price_0.005,161,-545.4616226708084,-87819.32125000015,110600.90114999982
H1,intraday,3,q_0.5,161,-1732.1766046583587,-278880.43334999576,337319.99999999633
H1,intraday,3,q_0.75,161,-1132.6026341614927,-182349.02410000033,213900.77210000023
H1,intraday,3,q_0.9,161,-476.9212854037291,-76784.32695000038,98171.29590000019
H1,intraday,3,selected_atrD,161,-1104.6685068322963,-177851.6295999997,203433.61384999912
H1,intraday,3,selected_atrH,161,-1286.5635847826152,-207136.73715000105,229007.41460000083
H1,intraday,3,selected_combo,159,-1295.3817591195047,-205965.69970000125,217066.3771500011
H1,intraday,3,selected_fixed,161,-358.4406885093169,-57708.95085000002,83291.52164999992
H1,intraday,3,selected_price,161,-545.4616226708084,-87819.32125000015,110600.90114999982
H1,intraday,3,selected_q,161,-476.9212854037291,-76784.32695000038,98171.29590000019
H1,intraday,4,atrD_0.025,160,-1449.7945762500058,-231967.13220000092,292832.37695000024
H1,intraday,4,atrD_0.05,160,-1392.7178071875064,-222834.849150001,278519.3961500007
H1,intraday,4,atrD_0.1,160,-1216.1347487500075,-194581.5598000012,242373.22310000056
H1,intraday,4,atrD_0.25,160,-729.6376234374997,-116742.01974999995,148898.22859999957
H1,intraday,4,atrH_0.1,160,-1453.2326034375126,-232517.21655000202,293148.26450000145
H1,intraday,4,atrH_0.25,160,-1394.615721562514,-223138.51545000222,276082.104950002
H1,intraday,4,atrH_0.5,160,-1077.135431875008,-172341.66910000128,216156.49675000092
H1,intraday,4,atrH_1,160,-1136.8489331249984,-181895.82929999975,213268.70364999972
H1,intraday,4,combo_0.25_1,158,-1436.6443876582407,-226989.81325000204,267009.4027500018
H1,intraday,4,combo_0.5_2,158,-1111.19190632912,-175568.32120000097,207177.14885000067
H1,intraday,4,combo_1_2,158,-1160.784225949366,-183403.9076999998,204006.7820499998
H1,intraday,4,fixed_0,160,-1682.8533731249736,-269256.5396999958,337319.9999999963
H1,intraday,4,fixed_0.01,160,-1324.841360312505,-211974.61765000082,277864.5588500003
H1,intraday,4,fixed_0.03,160,-1490.4499568749936,-238471.99309999897,299100.1472499991
H1,intraday,4,fixed_0.05,160,-1512.0831146875046,-241933.29835000072,298132.6082500002
H1,intraday,4,fixed_0.1,160,-1186.283131250009,-189805.30100000146,236832.75495000067
H1,intraday,4,fixed_0.2,160,-1151.933677500006,-184309.388400001,218125.0984000006
H1,intraday,4,fixed_0.5,160,-326.44018968750015,-52230.430350000024,83291.52164999994
H1,intraday,4,price_0.0005,160,-1488.9944315625169,-238239.1090500027,294438.4189500021
H1,intraday,4,price_0.001,160,-1135.714587500005,-181714.33400000082,228741.78795000003
H1,intraday,4,price_0.002,160,-1231.6661131249962,-197066.57809999937,232692.03719999894
H1,intraday,4,price_0.005,160,-511.20592937500095,-81792.94870000015,110600.9011499998
H1,intraday,4,q_0.5,160,-1682.8533731249736,-269256.5396999958,337319.9999999963
H1,intraday,4,q_0.75,160,-1079.8085656250025,-172769.3705000004,213900.7721000002
H1,intraday,4,q_0.9,160,-438.81313968750237,-70210.10235000038,98171.29590000019
H1,intraday,4,selected_atrD,160,-1070.483781249998,-171277.40499999968,203433.61384999918
H1,intraday,4,selected_atrH,160,-1235.2158765625056,-197634.5402500009,229007.41460000077
H1,intraday,4,selected_combo,158,-1243.4398911392477,-196463.50280000115,217066.37715000103
H1,intraday,4,selected_fixed,160,-326.44018968750015,-52230.430350000024,83291.52164999994
H1,intraday,4,selected_price,160,-511.20592937500095,-81792.94870000015,110600.9011499998
H1,intraday,4,selected_q,160,-438.81313968750237,-70210.10235000038,98171.29590000019
H1,intraday,5,atrD_0.025,159,-1435.7744641509487,-228288.13980000085,292832.37695000024
H1,intraday,5,atrD_0.05,159,-1378.3387216981196,-219155.856750001,278519.3961500007
H1,intraday,5,atrD_0.1,159,-1202.57327106919,-191209.15010000122,242373.22310000053
H1,intraday,5,atrD_0.25,159,-716.8728015723265,-113982.77544999991,148898.22859999954
H1,intraday,5,atrH_0.1,159,-1439.2341141509555,-228838.22415000194,293148.2645000014
H1,intraday,5,atrH_0.25,159,-1380.2485726415232,-219459.5230500022,276082.1049500019
H1,intraday,5,atrH_0.5,159,-1062.6997446540956,-168969.2594000012,216156.49675000095
H1,intraday,5,atrH_1,159,-1124.7169955974828,-178830.00229999976,213268.7036499997
H1,intraday,5,combo_0.25_1,157,-1422.3619162420505,-223310.82085000194,267009.40275000175
H1,intraday,5,combo_0.5_2,157,-1096.7892452229355,-172195.9115000009,207177.1488500007
H1,intraday,5,combo_1_2,157,-1148.6501955413996,-180338.08069999976,204006.78204999978
H1,intraday,5,fixed_0,159,-1668.3708465408538,-265270.96459999576,337319.9999999963
H1,intraday,5,fixed_0.01,159,-1308.1071858490614,-207989.04255000074,277864.5588500004
H1,intraday,5,fixed_0.03,159,-1476.6855389937036,-234793.00069999887,299100.1472499991
H1,intraday,5,fixed_0.05,159,-1498.4547544025202,-238254.3059500007,298132.6082500002
H1,intraday,5,fixed_0.1,159,-1172.5339075471788,-186432.89130000144,236832.7549500006
H1,intraday,5,fixed_0.2,159,-1139.8966125786224,-181243.56140000094,218125.09840000063
H1,intraday,5,fixed_0.5,159,-314.9959210691822,-50084.35144999997,83291.52164999994
H1,intraday,5,price_0.0005,159,-1475.220859433979,-234560.11665000266,294438.4189500021
H1,intraday,5,price_0.001,159,-1121.6473226415144,-178341.9243000008,228741.78795000009
H1,intraday,5,price_0.002,159,-1220.1305100628886,-194000.75109999927,232692.03719999894
H1,intraday,5,price_0.005,159,-498.9955163522019,-79340.2871000001,110600.90114999982
H1,intraday,5,q_0.5,159,-1668.3708465408538,-265270.96459999576,337319.9999999963
H1,intraday,5,q_0.75,159,-1065.38969056604,-169396.96080000035,213900.77210000026
H1,intraday,5,q_0.9,159,-426.147426100631,-67757.44075000033,98171.29590000017
H1,intraday,5,selected_atrD,159,-1059.8626459119475,-168518.16069999966,203433.6138499992
H1,intraday,5,selected_atrH,159,-1223.7025990566092,-194568.71325000087,229007.41460000077
H1,intraday,5,selected_combo,157,-1231.8323299363128,-193397.6758000011,217066.37715000103
H1,intraday,5,selected_fixed,159,-314.9959210691822,-50084.35144999997,83291.52164999994
H1,intraday,5,selected_price,159,-498.9955163522019,-79340.2871000001,110600.90114999982
H1,intraday,5,selected_q,159,-426.147426100631,-67757.44075000033,98171.29590000017
H1,intraday,10,atrD_0.025,154,-1620.6882597402614,-249585.99200000026,292832.3769500003
H1,intraday,10,atrD_0.05,154,-1546.5891698051973,-238174.73215000037,278519.39615000074
H1,intraday,10,atrD_0.1,154,-1344.2026204545502,-207007.20355000073,242373.22310000053
H1,intraday,10,atrD_0.25,154,-805.2564022727242,-124009.48594999954,148898.22859999954
H1,intraday,10,atrH_0.1,154,-1624.6307295454633,-250193.13235000134,293148.2645000013
H1,intraday,10,atrH_0.25,154,-1542.405550974036,-237530.45485000155,276082.1049500019
H1,intraday,10,atrH_0.5,154,-1190.5675655844195,-183347.40510000061,216156.49675000092
H1,intraday,10,atrH_1,154,-1224.7598142857096,-188613.01139999926,213268.7036499997
H1,intraday,10,combo_0.25_1,152,-1588.0378463815875,-241381.75265000132,267009.40275000175
H1,intraday,10,combo_0.5_2,152,-1227.4609026315811,-186574.05720000033,207177.1488500007
H1,intraday,10,combo_1_2,152,-1250.7966434210477,-190121.08979999926,204006.78204999978
H1,intraday,10,fixed_0,154,-1878.051562986981,-289219.9406999951,337319.9999999964
H1,intraday,10,fixed_0.01,154,-1501.4620490259733,-231225.1555499999,277864.5588500004
H1,intraday,10,fixed_0.03,154,-1662.9276162337553,-256090.8528999983,299100.1472499991
H1,intraday,10,fixed_0.05,154,-1674.9402327922094,-257940.79585000023,298132.6082500002
H1,intraday,10,fixed_0.1,154,-1314.0068545454587,-202357.05560000066,236832.7549500006
H1,intraday,10,fixed_0.2,154,-1249.0858324675353,-192359.21820000044,218125.0984000006
H1,intraday,10,fixed_0.5,154,-369.4482107142841,-56895.02444999975,83291.52164999992
H1,intraday,10,price_0.0005,154,-1650.9519905844297,-254246.60655000218,294438.4189500021
H1,intraday,10,price_0.001,154,-1261.468107792208,-194266.08860000002,228741.78795000009
H1,intraday,10,price_0.002,154,-1334.5062844155777,-205513.96779999897,232692.03719999897
H1,intraday,10,price_0.005,154,-565.8247714285706,-87137.01479999987,110600.9011499998
H1,intraday,10,q_0.5,154,-1878.051562986981,-289219.9406999951,337319.9999999964
H1,intraday,10,q_0.75,154,-1187.1823636363627,-182826.08399999986,213900.77210000023
H1,intraday,10,q_0.9,154,-490.1367860389615,-75481.06505000006,98171.29590000016
H1,intraday,10,selected_atrD,154,-1159.382280519476,-178544.8711999993,203433.6138499991
H1,intraday,10,selected_atrH,154,-1326.9592360389636,-204351.7223500004,229007.41460000086
H1,intraday,10,selected_combo,152,-1336.7150322368461,-203180.6849000006,217066.37715000112
H1,intraday,10,selected_fixed,154,-369.4482107142841,-56895.02444999975,83291.52164999992
H1,intraday,10,selected_price,154,-565.8247714285706,-87137.01479999987,110600.9011499998
H1,intraday,10,selected_q,154,-490.1367860389615,-75481.06505000006,98171.29590000016
H1,two_weeks,0,atrD_0.025,67,435.11497164180264,29152.703100000777,109951.17485000083
H1,two_weeks,0,atrD_0.05,67,341.02979776119776,22848.99645000025,114385.41695000154
H1,two_weeks,0,atrD_0.1,67,695.5192194029859,46599.78770000005,84311.53740000055
H1,two_weeks,0,atrD_0.25,67,-409.3753529850675,-27428.148649999523,86129.77850000015
H1,two_weeks,0,atrH_0.1,67,448.09785522390064,30022.556300001343,110543.88720000049
H1,two_weeks,0,atrH_0.25,67,233.3509470149506,15634.51345000169,115003.27020000135
H1,two_weeks,0,atrH_0.5,67,386.4468798507438,25891.940949999836,89456.35165000081
H1,two_weeks,0,atrH_1,67,-697.5092522388126,-46733.11990000044,102442.68695000105
H1,two_weeks,0,combo_0.25_1,67,233.3509470149506,15634.51345000169,115003.27020000135
H1,two_weeks,0,combo_0.5_2,67,386.4468798507438,25891.940949999836,89456.35165000081
H1,two_weeks,0,combo_1_2,67,-697.5092522388126,-46733.11990000044,102442.68695000105
H1,two_weeks,0,fixed_0,67,-246.10234402984491,-16488.85704999961,118656.78285000173
H1,two_weeks,0,fixed_0.01,67,69.94851194032395,4686.550300001705,119674.43490000111
H1,two_weeks,0,fixed_0.03,67,545.6060089552321,36555.60260000055,109557.58440000116
H1,two_weeks,0,fixed_0.05,67,130.74752313432992,8760.084050000105,119598.22560000082
H1,two_weeks,0,fixed_0.1,67,271.41541268658233,18184.832650001015,82263.00125000028
H1,two_weeks,0,fixed_0.2,67,82.41128134329051,5521.5558500004645,97389.26655000052
H1,two_weeks,0,fixed_0.5,67,41.05593955223689,2750.7479499998717,81096.81729999986
H1,two_weeks,0,price_0.0005,67,225.51483656716297,15109.49404999992,114598.26230000117
H1,two_weeks,0,price_0.001,67,19.42226865673658,1301.292000001351,102771.60615000079
H1,two_weeks,0,price_0.002,67,275.29337611941247,18444.656200000634,94276.41640000071
H1,two_weeks,0,price_0.005,67,23.033505223882756,1543.2448500001447,85681.03199999999
H1,two_weeks,0,q_0.5,67,-310.0879679104353,-20775.893849999164,98866.90679999997
H1,two_weeks,0,q_0.75,67,-301.3312679104485,-20189.19495000005,71094.74805000005
H1,two_weeks,0,q_0.9,67,69.20294925373143,4636.5976000000055,28729.58775000002
H1,two_weeks,0,selected_atrD,67,-409.3753529850675,-27428.148649999523,86129.77850000015
H1,two_weeks,0,selected_atrH,67,-697.5092522388126,-46733.11990000044,102442.68695000105
H1,two_weeks,0,selected_combo,67,-697.5092522388126,-46733.11990000044,102442.68695000105
H1,two_weeks,0,selected_fixed,67,41.05593955223689,2750.7479499998717,81096.81729999986
H1,two_weeks,0,selected_price,67,23.033505223882756,1543.2448500001447,85681.03199999999
H1,two_weeks,0,selected_q,67,69.20294925373143,4636.5976000000055,28729.58775000002
H1,two_weeks,1,atrD_0.025,67,844.479641791056,56580.13600000075,109951.17485000084
H1,two_weeks,1,atrD_0.05,67,750.35720223881,50273.932550000274,114385.41695000153
H1,two_weeks,1,atrD_0.1,67,1071.4593746268656,71787.7781,84311.53740000055
H1,two_weeks,1,atrD_0.25,67,-62.31405895521835,-4175.04194999963,86129.77850000015
H1,two_weeks,1,atrH_0.1,67,857.4625253731541,57449.98920000133,110543.88720000049
H1,two_weeks,1,atrH_0.25,67,642.4570559701772,43044.62275000187,115003.2702000014
H1,two_weeks,1,atrH_0.5,67,764.9203664179056,51249.664549999674,89456.35165000084
H1,two_weeks,1,atrH_1,67,-345.3953671641848,-23141.48960000038,102442.68695000105
H1,two_weeks,1,combo_0.25_1,67,642.4570559701772,43044.62275000187,115003.2702000014
H1,two_weeks,1,combo_0.5_2,67,764.9203664179056,51249.664549999674,89456.35165000084
H1,two_weeks,1,combo_1_2,67,-345.3953671641848,-23141.48960000038,102442.68695000105
H1,two_weeks,1,fixed_0,67,162.60424850746767,10894.484650000335,118656.78285000172
H1,two_weeks,1,fixed_0.01,67,476.3942746268931,31918.41640000184,119674.43490000111
H1,two_weeks,1,fixed_0.03,67,954.9706791044856,63983.03550000054,109557.58440000117
H1,two_weeks,1,fixed_0.05,67,539.9977156716412,36179.84694999996,119598.22560000082
H1,two_weeks,1,fixed_0.1,67,648.7708932835943,43467.64985000082,82263.00125000026
H1,two_weeks,1,fixed_0.2,67,459.9136253731414,30814.21290000047,97389.26655000054
H1,two_weeks,1,fixed_0.5,67,138.65301119402818,9289.751749999888,81096.81729999985
H1,two_weeks,1,price_0.0005,67,634.7650291044743,42529.25694999978,114598.2623000012
H1,two_weeks,1,price_0.001,67,396.77774925374865,26584.10920000116,102771.60615000079
H1,two_weeks,1,price_0.002,67,656.3281746268738,43973.98770000054,94276.41640000071
H1,two_weeks,1,price_0.005,67,120.630576865674,8082.248650000158,85681.03199999998
H1,two_weeks,1,q_0.5,67,36.861911194041475,2469.7480500007787,98866.90679999995
H1,two_weeks,1,q_0.75,67,-243.51229626865734,-16315.323850000043,71094.74805000005
H1,two_weeks,1,q_0.9,67,86.4713985074628,5793.583700000007,28729.587750000017
H1,two_weeks,1,selected_atrD,67,-62.31405895521835,-4175.04194999963,86129.77850000015
H1,two_weeks,1,selected_atrH,67,-345.3953671641848,-23141.48960000038,102442.68695000105
H1,two_weeks,1,selected_combo,67,-345.3953671641848,-23141.48960000038,102442.68695000105
H1,two_weeks,1,selected_fixed,67,138.65301119402818,9289.751749999888,81096.81729999985
H1,two_weeks,1,selected_price,67,120.630576865674,8082.248650000158,85681.03199999998
H1,two_weeks,1,selected_q,67,86.4713985074628,5793.583700000007,28729.587750000017
H1,two_weeks,2,atrD_0.025,67,487.4469500000313,32658.945650002097,109951.17485000084
H1,two_weeks,2,atrD_0.05,67,631.3735746268685,42302.02950000019,114385.41695000153
H1,two_weeks,2,atrD_0.1,67,969.5400000000113,64959.18000000076,84311.53740000055
H1,two_weeks,2,atrD_0.25,67,-105.06688208954056,-7039.481099999217,86129.77850000015
H1,two_weeks,2,atrH_0.1,67,499.721752985104,33481.35745000197,110543.88720000049
H1,two_weeks,2,atrH_0.25,67,504.73539477615134,33817.27145000214,115003.27020000137
H1,two_weeks,2,atrH_0.5,67,640.760282089559,42930.93890000045,89456.35165000081
H1,two_weeks,2,atrH_1,67,-440.37285447761207,-29504.981250000008,102442.68695000104
H1,two_weeks,2,combo_0.25_1,67,504.73539477615134,33817.27145000214,115003.27020000137
H1,two_weeks,2,combo_0.5_2,67,640.760282089559,42930.93890000045,89456.35165000081
H1,two_weeks,2,combo_1_2,67,-440.37285447761207,-29504.981250000008,102442.68695000104
H1,two_weeks,2,fixed_0,67,247.72387014928094,16597.499300001822,118656.78285000172
H1,two_weeks,2,fixed_0.01,67,116.60173507465363,7812.316250001793,119674.43490000111
H1,two_weeks,2,fixed_0.03,67,606.0020537313694,40602.13760000175,109557.58440000116
H1,two_weeks,2,fixed_0.05,67,387.1231216418,25937.2491500006,119598.2256000008
H1,two_weeks,2,fixed_0.1,67,512.5657828358477,34341.907450001796,82263.00125000026
H1,two_weeks,2,fixed_0.2,67,313.13471343285045,20980.025800000978,97389.26655000052
H1,two_weeks,2,fixed_0.5,67,356.8568970149331,23909.412100000518,81096.81729999985
H1,two_weeks,2,price_0.0005,67,481.8904350746333,32286.65915000043,114598.26230000117
H1,two_weeks,2,price_0.001,67,253.39963283584999,16977.77540000195,102771.6061500008
H1,two_weeks,2,price_0.002,67,496.41251417911695,33259.638450000835,94276.41640000073
H1,two_weeks,2,price_0.005,67,334.10431044777187,22384.988800000716,85681.03199999998
H1,two_weeks,2,q_0.5,67,-21.18855746266911,-1419.6333499988305,98866.90679999995
H1,two_weeks,2,q_0.75,67,-550.0337037313411,-36852.258149999856,71094.74805000005
H1,two_weeks,2,q_0.9,67,-66.88383656716294,-4481.217049999917,28729.58775000002
H1,two_weeks,2,selected_atrD,67,-105.06688208954056,-7039.481099999217,86129.77850000015
H1,two_weeks,2,selected_atrH,67,-440.37285447761207,-29504.981250000008,102442.68695000104
H1,two_weeks,2,selected_combo,67,-440.37285447761207,-29504.981250000008,102442.68695000104
H1,two_weeks,2,selected_fixed,67,356.8568970149331,23909.412100000518,81096.81729999985
H1,two_weeks,2,selected_price,67,334.10431044777187,22384.988800000716,85681.03199999998
H1,two_weeks,2,selected_q,67,-66.88383656716294,-4481.217049999917,28729.58775000002
H1,two_weeks,3,atrD_0.025,67,1295.905259701501,86825.65240000057,109951.17485000083
H1,two_weeks,3,atrD_0.05,67,1192.0273380597002,79865.83164999992,114385.41695000154
H1,two_weeks,3,atrD_0.1,67,1426.9143686567154,95603.26269999993,84311.53740000054
H1,two_weeks,3,atrD_0.25,67,497.5832328358318,33338.07660000073,86129.77850000016
H1,two_weeks,3,atrH_0.1,67,1288.9155365671775,86357.34095000089,110543.88720000046
H1,two_weeks,3,atrH_0.25,67,1020.8402962686712,68396.29985000097,115003.27020000137
H1,two_weeks,3,atrH_0.5,67,1038.7137910447855,69593.82400000062,89456.35165000077
H1,two_weeks,3,atrH_1,67,151.0832626865624,10122.57859999968,102442.68695000104
H1,two_weeks,3,combo_0.25_1,67,1020.8402962686712,68396.29985000097,115003.27020000137
H1,two_weeks,3,combo_0.5_2,67,1038.7137910447855,69593.82400000062,89456.35165000077
H1,two_weeks,3,combo_1_2,67,151.0832626865624,10122.57859999968,102442.68695000104
H1,two_weeks,3,fixed_0,67,1070.389073134348,71716.06790000132,118656.7828500017
H1,two_weeks,3,fixed_0.01,67,933.3011880597196,62531.17960000121,119674.43490000107
H1,two_weeks,3,fixed_0.03,67,1415.8217097015072,94860.05455000098,109557.5844000011
H1,two_weeks,3,fixed_0.05,67,913.2983111940307,61190.98685000006,119598.22560000085
H1,two_weeks,3,fixed_0.1,67,1226.637465671654,82184.71020000082,82263.0012500003
H1,two_weeks,3,fixed_0.2,67,999.6055694029924,66973.57315000049,97389.26655000055
H1,two_weeks,3,fixed_0.5,67,509.40902835821095,34130.40490000013,81096.81729999985
H1,two_weeks,3,price_0.0005,67,1008.065624626864,67540.39684999989,114598.2623000012
H1,two_weeks,3,price_0.001,67,974.0805902985207,65263.39955000089,102771.60615000085
H1,two_weeks,3,price_0.002,67,1201.8508716417953,80524.00840000028,94276.41640000069
H1,two_weeks,3,price_0.005,67,487.7793985074621,32681.219699999958,85681.03199999998
H1,two_weeks,3,q_0.5,67,574.0940350746313,38464.300350000296,98866.90679999998
H1,two_weeks,3,q_0.75,67,-728.6647179104477,-48820.5361,71094.74805000005
H1,two_weeks,3,q_0.9,67,-43.705799999999265,-2928.2885999999507,28729.58775000002
H1,two_weeks,3,selected_atrD,67,497.5832328358318,33338.07660000073,86129.77850000016
H1,two_weeks,3,selected_atrH,67,151.0832626865624,10122.57859999968,102442.68695000104
H1,two_weeks,3,selected_combo,67,151.0832626865624,10122.57859999968,102442.68695000104
H1,two_weeks,3,selected_fixed,67,509.40902835821095,34130.40490000013,81096.81729999985
H1,two_weeks,3,selected_price,67,487.7793985074621,32681.219699999958,85681.03199999998
H1,two_weeks,3,selected_q,67,-43.705799999999265,-2928.2885999999507,28729.58775000002
H1,two_weeks,4,atrD_0.025,67,890.3185104477659,59651.34020000032,109951.17485000084
H1,two_weeks,4,atrD_0.05,67,804.0212440298523,53869.4233500001,114385.41695000156
H1,two_weeks,4,atrD_0.1,67,1056.5256955223888,70787.22160000005,84311.53740000055
H1,two_weeks,4,atrD_0.25,67,164.98583582090717,11054.05100000078,86129.77850000013
H1,two_weeks,4,atrH_0.1,67,882.7622619403127,59145.07155000095,110543.88720000049
H1,two_weeks,4,atrH_0.25,67,635.0967216418078,42551.48035000112,115003.2702000014
H1,two_weeks,4,atrH_0.5,67,690.9425850746366,46293.15320000065,89456.35165000081
H1,two_weeks,4,atrH_1,67,-160.71024626866122,-10767.586500000301,102442.68695000105
H1,two_weeks,4,combo_0.25_1,67,635.0967216418078,42551.48035000112,115003.2702000014
H1,two_weeks,4,combo_0.5_2,67,690.9425850746366,46293.15320000065,89456.35165000081
H1,two_weeks,4,combo_1_2,67,-160.71024626866122,-10767.586500000301,102442.68695000105
H1,two_weeks,4,fixed_0,67,664.3818582089715,44513.58450000109,118656.78285000172
H1,two_weeks,4,fixed_0.01,67,525.6826716418109,35220.739000001326,119674.43490000111
H1,two_weeks,4,fixed_0.03,67,1010.2349604477723,67685.74235000074,109557.58440000117
H1,two_weeks,4,fixed_0.05,67,525.2617276119398,35192.535749999966,119598.22560000082
H1,two_weeks,4,fixed_0.1,67,853.0860656716538,57156.76640000081,82263.00125000028
H1,two_weeks,4,fixed_0.2,67,652.0407007462778,43686.726950000615,97389.26655000054
H1,two_weeks,4,fixed_0.5,67,433.486895522391,29043.6220000002,81096.81729999985
H1,two_weeks,4,price_0.0005,67,620.0290410447728,41541.94574999978,114598.2623000012
H1,two_weeks,4,price_0.001,67,600.5291902985206,40235.45575000088,102771.6061500008
H1,two_weeks,4,price_0.002,67,850.6489626865706,56993.48050000023,94276.41640000069
H1,two_weeks,4,price_0.005,67,200.46440149253715,13431.11489999999,85681.03199999998
H1,two_weeks,4,q_0.5,67,241.4966380597066,16180.274750000342,98866.90679999997
H1,two_weeks,4,q_0.75,67,-761.9248328358206,-51048.963799999976,71094.74805000005
H1,two_weeks,4,q_0.9,67,-56.617005970148426,-3793.3393999999444,28729.58775000002
H1,two_weeks,4,selected_atrD,67,164.98583582090717,11054.05100000078,86129.77850000013
H1,two_weeks,4,selected_atrH,67,-160.71024626866122,-10767.586500000301,102442.68695000105
H1,two_weeks,4,selected_combo,67,-160.71024626866122,-10767.586500000301,102442.68695000105
H1,two_weeks,4,selected_fixed,67,433.486895522391,29043.6220000002,81096.81729999985
H1,two_weeks,4,selected_price,67,200.46440149253715,13431.11489999999,85681.03199999998
H1,two_weeks,4,selected_q,67,-56.617005970148426,-3793.3393999999444,28729.58775000002
H1,two_weeks,5,atrD_0.025,67,635.5448835821045,42581.507200001004,109951.17485000084
H1,two_weeks,5,atrD_0.05,67,573.4336380597025,38420.053750000065,114385.41695000153
H1,two_weeks,5,atrD_0.1,67,907.1227447761157,60777.22389999976,84311.53740000055
H1,two_weeks,5,atrD_0.25,67,-189.3894388059563,-12689.092399999072,86129.77850000013
H1,two_weeks,5,atrH_0.1,67,620.5054873134479,41573.86765000101,110543.88720000049
H1,two_weeks,5,atrH_0.25,67,422.1100044776355,28281.37030000158,115003.27020000137
H1,two_weeks,5,atrH_0.5,67,553.0608253731385,37055.07530000028,89456.35165000083
H1,two_weeks,5,atrH_1,67,-531.6724820895613,-35622.05630000061,102442.68695000105
H1,two_weeks,5,combo_0.25_1,67,422.1100044776355,28281.37030000158,115003.27020000137
H1,two_weeks,5,combo_0.5_2,67,553.0608253731385,37055.07530000028,89456.35165000083
H1,two_weeks,5,combo_1_2,67,-531.6724820895613,-35622.05630000061,102442.68695000105
H1,two_weeks,5,fixed_0,67,381.67942313434946,25572.521350001414,118656.78285000172
H1,two_weeks,5,fixed_0.01,67,247.19835074630387,16562.28950000236,119674.4349000011
H1,two_weeks,5,fixed_0.03,67,750.8185776119566,50304.84470000109,109557.58440000114
H1,two_weeks,5,fixed_0.05,67,357.00355597014743,23919.23824999988,119598.2256000008
H1,two_weeks,5,fixed_0.1,67,486.3815402985262,32587.563200001256,82263.00125000026
H1,two_weeks,5,fixed_0.2,67,291.3395895522469,19519.75250000054,97389.26655000052
H1,two_weeks,5,fixed_0.5,67,-12.078714925369308,-809.2738999997437,81096.81729999986
H1,two_weeks,5,price_0.0005,67,451.7708694029803,30268.64824999968,114598.26230000117
H1,two_weeks,5,price_0.001,67,232.55015746270672,15580.860550001351,102771.6061500008
H1,two_weeks,5,price_0.002,67,486.32161641791504,32583.548300000308,94276.41640000073
H1,two_weeks,5,price_0.005,67,-285.6452380596958,-19138.23094999962,85681.032
H1,two_weeks,5,q_0.5,67,-129.23149701491565,-8658.510299999349,98866.90679999997
H1,two_weeks,5,q_0.75,67,-937.5689268656708,-62817.11809999995,71985.32140000002
H1,two_weeks,5,q_0.9,67,-289.1255268656706,-19371.41029999993,36605.79374999997
H1,two_weeks,5,selected_atrD,67,-189.3894388059563,-12689.092399999072,86129.77850000013
H1,two_weeks,5,selected_atrH,67,-531.6724820895613,-35622.05630000061,102442.68695000105
H1,two_weeks,5,selected_combo,67,-531.6724820895613,-35622.05630000061,102442.68695000105
H1,two_weeks,5,selected_fixed,67,-12.078714925369308,-809.2738999997437,81096.81729999986
H1,two_weeks,5,selected_price,67,-285.6452380596958,-19138.23094999962,85681.032
H1,two_weeks,5,selected_q,67,-289.1255268656706,-19371.41029999993,36605.79374999997
H1,two_weeks,10,atrD_0.025,66,-48.097906818168724,-3174.4618499991357,109951.17485000084
H1,two_weeks,10,atrD_0.05,66,-91.82261742423667,-6060.29274999962,114385.41695000153
H1,two_weeks,10,atrD_0.1,66,894.2268113636386,59018.96955000015,84311.53740000055
H1,two_weeks,10,atrD_0.25,66,97.3748227272919,6426.738300001265,86129.77850000013
H1,two_weeks,10,atrH_0.1,66,-49.838615909071336,-3289.3486499987084,110543.88720000049
H1,two_weeks,10,atrH_0.25,66,-216.05502121210674,-14259.631399999045,115003.27020000132
H1,two_weeks,10,atrH_0.5,66,299.3075007575857,19754.295050000655,89456.35165000081
H1,two_weeks,10,atrH_1,66,-200.44298257575537,-13229.236849999854,102442.68695000107
H1,two_weeks,10,combo_0.25_1,66,-216.05502121210674,-14259.631399999045,115003.27020000132
H1,two_weeks,10,combo_0.5_2,66,299.3075007575857,19754.295050000655,89456.35165000081
H1,two_weeks,10,combo_1_2,66,-200.44298257575537,-13229.236849999854,102442.68695000107
H1,two_weeks,10,fixed_0,66,-373.3677348484704,-24642.270499999046,118656.78285000172
H1,two_weeks,10,fixed_0.01,66,-461.5323303029891,-30461.133799997282,119674.43490000108
H1,two_weeks,10,fixed_0.03,66,70.69107121213024,4665.610700000596,109557.58440000116
H1,two_weeks,10,fixed_0.05,66,-328.36958484848464,-21672.392599999985,119598.22560000082
H1,two_weeks,10,fixed_0.1,66,412.7905333333556,27244.175200001468,82263.00125000026
H1,two_weeks,10,fixed_0.2,66,508.37090530304056,33552.479750000675,97389.26655000054
H1,two_weeks,10,fixed_0.5,66,253.77584848485276,16749.206000000282,81096.81729999985
H1,two_weeks,10,price_0.0005,66,-232.16640303030542,-15322.982600000158,114598.26230000117
H1,two_weeks,10,price_0.001,66,157.34559393941566,10384.809200001433,102771.60615000079
H1,two_weeks,10,price_0.002,66,725.0929696969806,47856.13600000072,94276.41640000073
H1,two_weeks,10,price_0.005,66,203.86396969697688,13455.022000000474,85681.03199999998
H1,two_weeks,10,q_0.5,66,228.13082651517698,15056.63455000168,98866.90679999997
H1,two_weeks,10,q_0.75,66,-479.35647651514967,-31637.527449999878,71094.74805000005
H1,two_weeks,10,q_0.9,66,90.72319772727354,5987.731050000054,28729.587750000017
H1,two_weeks,10,selected_atrD,66,97.3748227272919,6426.738300001265,86129.77850000013
H1,two_weeks,10,selected_atrH,66,-200.44298257575537,-13229.236849999854,102442.68695000107
H1,two_weeks,10,selected_combo,66,-200.44298257575537,-13229.236849999854,102442.68695000107
H1,two_weeks,10,selected_fixed,66,253.77584848485276,16749.206000000282,81096.81729999985
H1,two_weeks,10,selected_price,66,203.86396969697688,13455.022000000474,85681.03199999998
H1,two_weeks,10,selected_q,66,90.72319772727354,5987.731050000054,28729.587750000017
H1,week,0,atrD_0.025,131,-687.5123534351214,-90064.1183000009,231319.42335000177
H1,week,0,atrD_0.05,131,-835.4176667938993,-109439.71435000081,250169.82625000188
H1,week,0,atrD_0.1,131,-663.2381408396914,-86884.19644999957,205200.02440000066
H1,week,0,atrD_0.25,131,-188.90473320610522,-24746.520049999785,96918.682900001
H1,week,0,atrH_0.1,131,-692.7928919847415,-90755.86885000113,231779.4446000017
H1,week,0,atrH_0.25,131,-1019.5780461832115,-133564.72405000072,255436.23950000212
H1,week,0,atrH_0.5,131,-657.8504072518991,-86178.40334999879,178991.21315000078
H1,week,0,atrH_1,131,-525.8968335877945,-68892.48520000109,137956.57715000215
H1,week,0,combo_0.25_1,131,-1019.5780461832115,-133564.72405000072,255436.23950000212
H1,week,0,combo_0.5_2,131,-657.8504072518991,-86178.40334999879,178991.21315000078
H1,week,0,combo_1_2,131,-525.8968335877945,-68892.48520000109,137956.57715000215
H1,week,0,fixed_0,131,-1481.2626122137558,-194045.40220000202,281758.79965000245
H1,week,0,fixed_0.01,131,-1251.2972530534453,-163919.94015000132,273507.7664000044
H1,week,0,fixed_0.03,131,-659.3511744274801,-86375.0038499999,229753.47290000156
H1,week,0,fixed_0.05,131,-833.8382244274918,-109232.80740000143,246392.95360000117
H1,week,0,fixed_0.1,131,-820.388303435114,-107470.86774999993,231118.77515000143
H1,week,0,fixed_0.2,131,-756.4580171755655,-99096.00024999908,173432.9602999993
H1,week,0,fixed_0.5,131,-553.7246003816812,-72537.92265000023,133878.21495000034
H1,week,0,price_0.0005,131,-802.8847385496418,-105177.90075000309,242626.50055000331
H1,week,0,price_0.001,131,-852.7736400763316,-111713.34684999945,245323.22750000094
H1,week,0,price_0.002,131,-919.418980916029,-120443.8864999998,200619.61724999975
H1,week,0,price_0.005,131,-465.3103297709926,-60955.65320000003,128589.68710000007
H1,week,0,q_0.5,131,-1093.5562583969477,-143255.86985000013,218505.70305000013
H1,week,0,q_0.75,131,-917.4725564885529,-120188.90490000043,151564.05045000045
H1,week,0,q_0.9,131,-990.3403087786269,-129734.58045000012,146403.78935000015
H1,week,0,selected_atrD,131,-188.90473320610522,-24746.520049999785,96918.682900001
H1,week,0,selected_atrH,131,-525.8968335877945,-68892.48520000109,137956.57715000215
H1,week,0,selected_combo,131,-525.8968335877945,-68892.48520000109,137956.57715000215
H1,week,0,selected_fixed,131,-553.7246003816812,-72537.92265000023,133878.21495000034
H1,week,0,selected_price,131,-465.3103297709926,-60955.65320000003,128589.68710000007
H1,week,0,selected_q,131,-990.3403087786269,-129734.58045000012,146403.78935000015
H1,week,1,atrD_0.025,131,-862.8859213740564,-113038.05570000138,231319.42335000177
H1,week,1,atrD_0.05,131,-1003.6139805343607,-131473.43145000126,250169.82625000185
H1,week,1,atrD_0.1,131,-818.2052225190838,-107184.88414999998,205200.02440000072
H1,week,1,atrD_0.25,131,-299.0792919847347,-39179.38725000025,99712.30560000021
H1,week,1,atrH_0.1,131,-866.9450858778744,-113569.80625000154,231779.44460000173
H1,week,1,atrH_0.25,131,-1173.8579629771077,-153775.39315000112,255436.23950000212
H1,week,1,atrH_0.5,131,-803.6267492366369,-105275.10414999943,189902.30354999923
H1,week,1,atrH_1,131,-638.1679541984823,-83600.00200000119,142534.6383500013
H1,week,1,combo_0.25_1,131,-1173.8579629771077,-153775.39315000112,255436.23950000212
H1,week,1,combo_0.5_2,131,-803.6267492366369,-105275.10414999943,189902.30354999923
H1,week,1,combo_1_2,131,-638.1679541984823,-83600.00200000119,142534.6383500013
H1,week,1,fixed_0,131,-1450.445208396968,-190008.3223000028,281758.7996500024
H1,week,1,fixed_0.01,131,-1441.5965587786386,-188849.14920000164,273507.76640000433
H1,week,1,fixed_0.03,131,-835.76393396947,-109485.07535000058,229753.47290000156
H1,week,1,fixed_0.05,131,-996.7945083969638,-130580.08060000226,246392.95360000126
H1,week,1,fixed_0.1,131,-987.383169847333,-129347.19525000062,231118.7751500014
H1,week,1,fixed_0.2,131,-886.3898114503778,-116117.06529999949,188649.68169999967
H1,week,1,fixed_0.5,131,-769.147085114507,-100758.26815000043,154537.39035000053
H1,week,1,price_0.0005,131,-965.8410225191137,-126525.1739500039,242626.5005500034
H1,week,1,price_0.001,131,-1027.4148667938955,-134591.3475500003,245323.22750000088
H1,week,1,price_0.002,131,-1054.0012412213757,-138074.1626000002,215771.28055
H1,week,1,price_0.005,131,-689.7636534351168,-90359.0386000003,148713.1915000003
H1,week,1,q_0.5,131,-1223.0630057251942,-160221.25375000044,232220.42555000048
H1,week,1,q_0.75,131,-1084.875956488554,-142118.75030000057,170502.6661500006
H1,week,1,q_0.9,131,-999.7181904580167,-130963.08295000019,147919.49555000014
H1,week,1,selected_atrD,131,-299.0792919847347,-39179.38725000025,99712.30560000021
H1,week,1,selected_atrH,131,-638.1679541984823,-83600.00200000119,142534.6383500013
H1,week,1,selected_combo,131,-638.1679541984823,-83600.00200000119,142534.6383500013
H1,week,1,selected_fixed,131,-769.147085114507,-100758.26815000043,154537.39035000053
H1,week,1,selected_price,131,-689.7636534351168,-90359.0386000003,148713.1915000003
H1,week,1,selected_q,131,-999.7181904580167,-130963.08295000019,147919.49555000014
H1,week,2,atrD_0.025,131,-566.3871263358872,-74196.71355000122,231319.4233500018
H1,week,2,atrD_0.05,131,-719.2547320610769,-94222.36990000107,250169.82625000182
H1,week,2,atrD_0.1,131,-552.4486267175561,-72370.77009999985,205200.0244000007
H1,week,2,atrD_0.25,131,-96.89227290076361,-12692.887750000034,96918.68290000099
H1,week,2,atrH_0.1,131,-566.9753824427602,-74273.77510000159,231779.44460000173
H1,week,2,atrH_0.25,131,-887.9823549618383,-116325.68850000082,255436.23950000212
H1,week,2,atrH_0.5,131,-541.3201423664068,-70912.93864999928,178991.21315000078
H1,week,2,atrH_1,131,-417.6063534351217,-54706.432300000946,137956.57715000218
H1,week,2,combo_0.25_1,131,-887.9823549618383,-116325.68850000082,255436.23950000212
H1,week,2,combo_0.5_2,131,-541.3201423664068,-70912.93864999928,178991.21315000078
H1,week,2,combo_1_2,131,-417.6063534351217,-54706.432300000946,137956.57715000218
H1,week,2,fixed_0,131,-1121.5564637404764,-146923.8967500024,281758.7996500024
H1,week,2,fixed_0.01,131,-1121.0684580152788,-146859.96800000154,273507.7664000043
H1,week,2,fixed_0.03,131,-536.1665564885512,-70237.81890000022,229753.47290000154
H1,week,2,fixed_0.05,131,-711.9353030534465,-93263.5247000015,246392.95360000114
H1,week,2,fixed_0.1,131,-708.6421912213744,-92832.12705000005,231118.77515000143
H1,week,2,fixed_0.2,131,-657.5891255725132,-86144.17544999924,173432.96029999928
H1,week,2,fixed_0.5,131,-585.6700687022924,-76722.7790000003,133725.75455000033
H1,week,2,price_0.0005,131,-680.9818171755966,-89208.61805000315,242626.5005500033
H1,week,2,price_0.001,131,-742.7286408396924,-97297.4519499997,245323.2275000009
H1,week,2,price_0.002,131,-816.5745545801522,-106971.26664999993,200619.61724999972
H1,week,2,price_0.005,131,-503.35903015267195,-65940.03295000002,128589.6871000001
H1,week,2,q_0.5,131,-979.8992396946568,-128366.80040000004,218505.7030500001
H1,week,2,q_0.75,131,-916.9925469465686,-120126.02365000048,148482.04245000047
H1,week,2,q_0.9,131,-1011.1339206106879,-132458.54360000012,144816.2501000001
H1,week,2,selected_atrD,131,-96.89227290076361,-12692.887750000034,96918.68290000099
H1,week,2,selected_atrH,131,-417.6063534351217,-54706.432300000946,137956.57715000218
H1,week,2,selected_combo,131,-417.6063534351217,-54706.432300000946,137956.57715000218
H1,week,2,selected_fixed,131,-585.6700687022924,-76722.7790000003,133725.75455000033
H1,week,2,selected_price,131,-503.35903015267195,-65940.03295000002,128589.6871000001
H1,week,2,selected_q,131,-1011.1339206106879,-132458.54360000012,144816.2501000001
H1,week,3,atrD_0.025,131,-742.2071438931492,-97229.13585000255,231319.4233500018
H1,week,3,atrD_0.05,131,-864.2725591603082,-113219.70525000038,250169.82625000188
H1,week,3,atrD_0.1,131,-746.8004225190876,-97830.85535000048,205200.0244000007
H1,week,3,atrD_0.25,131,-15.015363358783084,-1967.012600000584,96918.68290000102
H1,week,3,atrH_0.1,131,-751.4064931297888,-98434.25060000234,231779.4446000017
H1,week,3,atrH_0.25,131,-1095.888929007642,-143561.4497000011,255436.23950000212
H1,week,3,atrH_0.5,131,-498.15813358778587,-65258.71549999995,178991.21315000078
H1,week,3,atrH_1,131,-475.56977213741703,-62299.64015000163,137956.57715000215
H1,week,3,combo_0.25_1,131,-1095.888929007642,-143561.4497000011,255436.23950000212
H1,week,3,combo_0.5_2,131,-498.15813358778587,-65258.71549999995,178991.21315000078
H1,week,3,combo_1_2,131,-475.56977213741703,-62299.64015000163,137956.57715000215
H1,week,3,fixed_0,131,-1321.9102011450652,-173170.23635000354,281758.7996500024
H1,week,3,fixed_0.01,131,-1321.8391351145226,-173160.92670000246,273507.7664000044
H1,week,3,fixed_0.03,131,-707.3650759542146,-92664.82495000212,229753.47290000156
H1,week,3,fixed_0.05,131,-936.2016618320674,-122642.41770000083,246392.95360000126
H1,week,3,fixed_0.1,131,-787.582126717562,-103173.25860000063,231118.77515000146
H1,week,3,fixed_0.2,131,-562.5806782442717,-73698.06884999959,165739.13770000055
H1,week,3,fixed_0.5,131,-445.6107221374102,-58375.00460000074,116836.58165000088
H1,week,3,price_0.0005,131,-905.2481759542176,-118587.5110500025,242626.5005500034
H1,week,3,price_0.001,131,-823.2140209923695,-107841.03675000039,245323.22750000094
H1,week,3,price_0.002,131,-737.6779221374044,-96635.80779999998,196922.9109000003
H1,week,3,price_0.005,131,-351.464558396948,-46041.857150000185,116308.84690000048
H1,week,3,q_0.5,131,-931.3706187022939,-122009.5510500005,202330.68800000066
H1,week,3,q_0.75,131,-793.1473889313024,-103902.30795000061,133540.7579500005
H1,week,3,q_0.9,131,-851.0239889312999,-111484.14255000028,130126.49080000023
H1,week,3,selected_atrD,131,-15.015363358783084,-1967.012600000584,96918.68290000102
H1,week,3,selected_atrH,131,-475.56977213741703,-62299.64015000163,137956.57715000215
H1,week,3,selected_combo,131,-475.56977213741703,-62299.64015000163,137956.57715000215
H1,week,3,selected_fixed,131,-445.6107221374102,-58375.00460000074,116836.58165000088
H1,week,3,selected_price,131,-351.464558396948,-46041.857150000185,116308.84690000048
H1,week,3,selected_q,131,-851.0239889312999,-111484.14255000028,130126.49080000023
H1,week,4,atrD_0.025,131,-759.0669538168081,-99437.77095000187,231319.4233500018
H1,week,4,atrD_0.05,131,-894.6699381679374,-117201.7618999998,250169.82625000188
H1,week,4,atrD_0.1,131,-775.4379469465641,-101582.3710499999,205200.02440000072
H1,week,4,atrD_0.25,131,-43.77875801526778,-5735.01730000008,96918.682900001
H1,week,4,atrH_0.1,131,-765.6002064885574,-100293.62705000103,231779.44460000168
H1,week,4,atrH_0.25,131,-1123.3971790076355,-147165.03045000025,255436.23950000215
H1,week,4,atrH_0.5,131,-515.7962927480843,-67569.31434999904,178991.21315000078
H1,week,4,atrH_1,131,-495.1592469465722,-64865.86135000095,137956.57715000212
H1,week,4,combo_0.25_1,131,-1123.3971790076355,-147165.03045000025,255436.23950000215
H1,week,4,combo_0.5_2,131,-515.7962927480843,-67569.31434999904,178991.21315000078
H1,week,4,combo_1_2,131,-495.1592469465722,-64865.86135000095,137956.57715000212
H1,week,4,fixed_0,131,-1335.5588847328443,-174958.2139000026,281758.79965000245
H1,week,4,fixed_0.01,131,-1342.245421374056,-175834.1502000013,273507.76640000433
H1,week,4,fixed_0.03,131,-721.2690396946649,-94486.2442000011,229753.47290000156
H1,week,4,fixed_0.05,131,-948.8279477099247,-124296.46115000013,246392.95360000123
H1,week,4,fixed_0.1,131,-809.6553290076342,-106064.84810000009,231118.77515000143
H1,week,4,fixed_0.2,131,-580.7917358778544,-76083.71739999893,165739.13770000052
H1,week,4,fixed_0.5,131,-363.53930916030794,-47623.64950000034,116836.58165000088
H1,week,4,price_0.0005,131,-917.8744618320749,-120241.5545000018,242626.50055000343
H1,week,4,price_0.001,131,-842.1052896946541,-110315.79294999968,245323.22750000088
H1,week,4,price_0.002,131,-759.5185011450358,-99496.92364999969,196922.91090000025
H1,week,4,price_0.005,131,-374.3857759541972,-49044.536649999834,116308.84690000047
H1,week,4,q_0.5,131,-949.4427312977109,-124376.99780000013,202330.68800000063
H1,week,4,q_0.75,131,-812.8052133587811,-106477.48295000033,132603.55465000038
H1,week,4,q_0.9,131,-920.3264293893143,-120562.76225000017,135161.94235000023
H1,week,4,selected_atrD,131,-43.77875801526778,-5735.01730000008,96918.682900001
H1,week,4,selected_atrH,131,-495.1592469465722,-64865.86135000095,137956.57715000212
H1,week,4,selected_combo,131,-495.1592469465722,-64865.86135000095,137956.57715000212
H1,week,4,selected_fixed,131,-363.53930916030794,-47623.64950000034,116836.58165000088
H1,week,4,selected_price,131,-374.3857759541972,-49044.536649999834,116308.84690000047
H1,week,4,selected_q,131,-920.3264293893143,-120562.76225000017,135161.94235000023
H1,week,5,atrD_0.025,131,-798.7884591603093,-104641.28815000053,231319.4233500018
H1,week,5,atrD_0.05,131,-1031.0262935114517,-135064.44445000018,250169.82625000185
H1,week,5,atrD_0.1,131,-529.4215057251931,-69354.21725000029,205200.0244000007
H1,week,5,atrD_0.25,131,129.89355419847385,17016.055600000076,96918.68290000102
H1,week,5,atrH_0.1,131,-816.5435404580187,-106967.20380000045,231779.44460000176
H1,week,5,atrH_0.25,131,-1209.495617938938,-158443.92595000088,255436.23950000215
H1,week,5,atrH_0.5,131,-529.4048450381641,-69352.0346999995,178991.21315000078
H1,week,5,atrH_1,131,-350.7217103053478,-45944.544050000564,137956.57715000212
H1,week,5,combo_0.25_1,131,-1209.495617938938,-158443.92595000088,255436.23950000215
H1,week,5,combo_0.5_2,131,-529.4048450381641,-69352.0346999995,178991.21315000078
H1,week,5,combo_1_2,131,-350.7217103053478,-45944.544050000564,137956.57715000212
H1,week,5,fixed_0,131,-1242.9091576335907,-162821.09965000037,281758.79965000245
H1,week,5,fixed_0.01,131,-1240.4923606870452,-162504.49925000293,273507.76640000433
H1,week,5,fixed_0.03,131,-776.9599820610692,-101781.75765000007,229753.47290000156
H1,week,5,fixed_0.05,131,-1038.0036824427498,-135978.4824000002,246392.95360000123
H1,week,5,fixed_0.1,131,-636.3132396946544,-83357.03439999973,231118.77515000146
H1,week,5,fixed_0.2,131,-428.9755854961793,-56195.80169999949,165739.13770000057
H1,week,5,fixed_0.5,131,-381.4497007633614,-49969.91080000035,120567.00405000051
H1,week,5,price_0.0005,131,-1007.0501965648996,-131923.57575000185,242626.50055000343
H1,week,5,price_0.001,131,-677.4476496183119,-88745.64209999885,245323.2275000009
H1,week,5,price_0.002,131,-604.3693637404533,-79172.38664999939,196922.91090000025
H1,week,5,price_0.005,131,-433.8731519083946,-56837.38289999969,116308.84690000044
H1,week,5,q_0.5,131,-759.8424354961849,-99539.35905000022,202330.68800000066
H1,week,5,q_0.75,131,-809.1932492366444,-106004.31565000043,146495.61705000047
H1,week,5,q_0.9,131,-976.9115916030544,-127975.41850000012,145743.58115000016
H1,week,5,selected_atrD,131,129.89355419847385,17016.055600000076,96918.68290000102
H1,week,5,selected_atrH,131,-350.7217103053478,-45944.544050000564,137956.57715000212
H1,week,5,selected_combo,131,-350.7217103053478,-45944.544050000564,137956.57715000212
H1,week,5,selected_fixed,131,-381.4497007633614,-49969.91080000035,120567.00405000051
H1,week,5,selected_price,131,-433.8731519083946,-56837.38289999969,116308.84690000044
H1,week,5,selected_q,131,-976.9115916030544,-127975.41850000012,145743.58115000016
H1,week,10,atrD_0.025,131,-731.563905725195,-95834.87165000054,231319.4233500018
H1,week,10,atrD_0.05,131,-970.4339717557318,-127126.85030000086,250169.82625000182
H1,week,10,atrD_0.1,131,-758.4932190839627,-99362.6116999991,205200.02440000066
H1,week,10,atrD_0.25,131,23.739670610688,3109.8968500001283,96918.68290000102
H1,week,10,atrH_0.1,131,-753.7105469465716,-98736.08165000088,231779.44460000168
H1,week,10,atrH_0.25,131,-1150.7197961832135,-150744.29330000098,255436.23950000212
H1,week,10,atrH_0.5,131,-598.3954610686989,-78389.80539999955,178991.21315000078
H1,week,10,atrH_1,131,-476.60969122137544,-62435.869550000185,137956.57715000215
H1,week,10,combo_0.25_1,131,-1150.7197961832135,-150744.29330000098,255436.23950000212
H1,week,10,combo_0.5_2,131,-598.3954610686989,-78389.80539999955,178991.21315000078
H1,week,10,combo_1_2,131,-476.60969122137544,-62435.869550000185,137956.57715000215
H1,week,10,fixed_0,131,-1199.8188774809216,-157176.27295000074,281758.79965000245
H1,week,10,fixed_0.01,131,-1188.658199236655,-155714.2241000018,273507.76640000433
H1,week,10,fixed_0.03,131,-707.4517328244293,-92676.17700000024,229753.4729000016
H1,week,10,fixed_0.05,131,-969.4703145038198,-127000.6112000004,246392.95360000126
H1,week,10,fixed_0.1,131,-910.5399755725134,-119280.73679999926,231118.77515000146
H1,week,10,fixed_0.2,131,-531.2238832060991,-69590.32869999898,165739.13770000052
H1,week,10,fixed_0.5,131,-597.5073312977122,-78273.4604000003,121324.12500000032
H1,week,10,price_0.0005,131,-938.5168286259699,-122945.70455000205,242626.5005500034
H1,week,10,price_0.001,131,-943.2292087786174,-123563.02634999888,245323.2275000009
H1,week,10,price_0.002,131,-809.6936435114467,-106069.86729999952,196922.91090000025
H1,week,10,price_0.005,131,-530.1988064885492,-69456.04364999993,116632.41364999981
H1,week,10,q_0.5,131,-992.8800988549574,-130067.29294999942,202330.6880000006
H1,week,10,q_0.75,131,-1013.9202832061101,-132823.5571000004,153356.22615000044
H1,week,10,q_0.9,131,-994.8841694656494,-130329.82620000007,142687.53270000007
H1,week,10,selected_atrD,131,23.739670610688,3109.8968500001283,96918.68290000102
H1,week,10,selected_atrH,131,-476.60969122137544,-62435.869550000185,137956.57715000215
H1,week,10,selected_combo,131,-476.60969122137544,-62435.869550000185,137956.57715000215
H1,week,10,selected_fixed,131,-597.5073312977122,-78273.4604000003,121324.12500000032
H1,week,10,selected_price,131,-530.1988064885492,-69456.04364999993,116632.41364999981
H1,week,10,selected_q,131,-994.8841694656494,-130329.82620000007,142687.53270000007
