phase,tf,horizon,method,n,mean_RUB,one_contract_RUB,total_RUB,realized_max_drawdown_RUB,marked_5m_max_drawdown_RUB,marked_5m_drawdown_1c_RUB,stop_pct
all_oos,D1,four_weeks,atrD_0.025,28,2175.2874357142955,-18.360248214284354,60908.048200000274,48796.158199999976,52820.3082,15284.57485,46.42857142857143
all_oos,D1,four_weeks,atrD_0.05,28,2118.7280642857318,-32.831326785713806,59324.38580000049,47855.16655000014,51879.31655000016,15539.325550000023,46.42857142857143
all_oos,D1,four_weeks,atrD_0.1,28,2635.773676785732,144.90969107142945,73801.6629500005,38492.50089999998,38827.977399999974,10241.425800000003,42.857142857142854
all_oos,D1,four_weeks,atrD_0.25,28,1620.6553928571545,67.18040178571536,45378.35100000033,37916.4995,38251.975999999995,11550.459800000006,42.857142857142854
all_oos,D1,four_weeks,atrH_0.1,28,2131.688175000009,-17.924264285712677,59687.26890000024,50026.94514999994,54051.09514999997,15282.369349999988,46.42857142857143
all_oos,D1,four_weeks,atrH_0.25,28,1911.3268946428689,-41.25230178571354,53517.15305000033,48637.231750000006,52661.38175000003,15723.952900000004,46.42857142857143
all_oos,D1,four_weeks,atrH_0.5,28,2513.8246339285856,130.06305000000165,70387.08975000039,39208.84499999992,39544.321499999925,10557.904649999986,42.857142857142854
all_oos,D1,four_weeks,atrH_1,28,2030.6467357142924,44.249816071429656,56858.10860000019,40338.39110000001,40673.86760000001,12211.685449999995,42.857142857142854
all_oos,D1,four_weeks,combo_0.25_1,9,3799.7755111111055,537.2140499999983,34197.97959999995,37767.22630000004,38102.702800000035,9026.16910000001,44.44444444444444
all_oos,D1,four_weeks,combo_0.5_2,9,3124.5053611111102,478.15933333333277,28120.548249999993,39457.11399999999,39792.590499999984,9557.66155,44.44444444444444
all_oos,D1,four_weeks,combo_1_2,9,2609.1768833333317,338.74316111111017,23482.591949999987,40338.39110000001,40673.867600000005,10812.407100000004,44.44444444444444
all_oos,D1,four_weeks,fixed_0,28,2493.1692696428904,-1.017578571426051,69808.73955000093,48381.77629999987,53210.756299999906,14990.295999999984,46.42857142857143
all_oos,D1,four_weeks,fixed_0.01,28,2423.443571428585,-5.648923214285032,67856.42000000038,48779.226050000005,53608.20605000004,15059.785950000003,46.42857142857143
all_oos,D1,four_weeks,fixed_0.03,28,2320.9989303571683,-15.067148214283707,64987.97005000072,49566.94514999991,54395.92514999995,15202.36934999999,46.42857142857143
all_oos,D1,four_weeks,fixed_0.05,28,2081.0412464285705,-24.259810714285948,58269.15489999997,48027.88225000011,52052.032250000135,15339.76335000002,46.42857142857143
all_oos,D1,four_weeks,fixed_0.1,28,1587.2754178571427,-50.59774642857189,44443.71169999999,52478.8170000001,56502.96700000013,15775.620850000014,46.42857142857143
all_oos,D1,four_weeks,fixed_0.2,28,1940.618876785728,114.84488392857273,54337.328550000384,39145.63469999999,39481.111199999985,10637.696249999999,42.857142857142854
all_oos,D1,four_weeks,fixed_0.5,28,891.1972142857288,-42.85305535714031,24953.52200000041,42111.85379999994,42391.41754999994,13321.73529999998,42.857142857142854
all_oos,D1,four_weeks,price_0.0005,28,2086.398528571424,-23.18833571428639,58419.158799999874,48077.88225000013,52102.032250000164,15349.763350000023,46.42857142857143
all_oos,D1,four_weeks,price_0.001,28,2695.935016071437,165.65306964285813,75486.18045000023,38595.38050000003,38930.85700000003,9800.598000000013,42.857142857142854
all_oos,D1,four_weeks,price_0.002,28,1994.8079089285748,121.23502857142918,55854.62145000009,38804.70280000003,39140.17930000003,10557.230300000001,42.857142857142854
all_oos,D1,four_weeks,price_0.005,28,1010.715073214289,-17.10228571428462,28300.02205000009,41073.56875000003,41353.13250000003,13005.262849999992,42.857142857142854
all_oos,D1,four_weeks,q_0.5,28,2403.7180464285825,-4.635957142855408,67304.10530000032,48381.77629999987,53210.7562999999,14990.295999999982,46.42857142857143
all_oos,D1,four_weeks,q_0.75,28,836.6256017857164,-90.10083571428537,23425.51685000006,18377.100699999988,18772.72250000001,14096.75584999999,21.428571428571427
all_oos,D1,four_weeks,q_0.9,28,-348.5322642857133,-325.12161428571346,-9758.903399999974,13290.449749999972,16464.46694999997,19772.940749999998,7.142857142857142
all_oos,D1,four_weeks,selected_atrD,28,1378.8218285714393,-91.33986964285661,38607.0112000003,50796.76344999998,54820.91345000001,16595.98145000001,46.42857142857143
all_oos,D1,four_weeks,selected_atrH,28,1273.853405357153,-123.2483178571416,35667.89535000028,54354.880499999934,58379.030499999964,17420.190899999994,46.42857142857143
all_oos,D1,four_weeks,selected_combo,9,3026.58568333333,338.74316111111017,27239.27114999997,40338.39110000001,40673.867600000005,10812.407100000004,44.44444444444444
all_oos,D1,four_weeks,selected_fixed,28,1175.7622250000127,-156.8861607142845,32921.34230000035,57492.37624999997,61516.52625,18208.717950000002,46.42857142857143
all_oos,D1,four_weeks,selected_price,28,1658.3656696428645,-41.70400892857087,46434.23875000021,51645.644450000094,55669.794450000125,15606.596200000025,46.42857142857143
all_oos,D1,four_weeks,selected_q,28,-348.5322642857133,-325.12161428571346,-9758.903399999974,13290.449749999972,16464.46694999997,19772.940749999998,7.142857142857142
all_oos,D1,intraday,atrD_0.025,175,-413.2251257142938,-19.531164000000548,-72314.39700000142,93898.81825000078,97999.02585000075,8321.778800000026,6.857142857142858
all_oos,D1,intraday,atrD_0.05,175,-406.47719971429035,-21.08153142857187,-71133.50995000081,90176.37335000029,94276.58095000025,8422.253900000018,6.857142857142858
all_oos,D1,intraday,atrD_0.1,175,-386.22453457143365,-20.805202000000467,-67589.29355000089,84233.76325000038,88558.16895000036,8473.452950000017,5.714285714285714
all_oos,D1,intraday,atrD_0.25,175,-257.10304571428804,-17.865468285714666,-44993.03300000041,76736.74590000011,80231.15160000008,8262.614500000022,4.0
all_oos,D1,intraday,atrH_0.1,175,-395.24245914286615,-19.410279428572,-69167.43035000158,91479.37065000056,95579.57825000053,8311.778800000033,6.857142857142858
all_oos,D1,intraday,atrH_0.25,175,-396.8164385714332,-21.570174285714664,-69442.87675000081,88835.65179999983,93160.0574999998,8442.253900000014,6.857142857142858
all_oos,D1,intraday,atrH_0.5,175,-378.8782265714341,-21.692836000000522,-66303.68965000096,85169.83110000037,89223.23680000035,8501.46655000003,5.714285714285714
all_oos,D1,intraday,atrH_1,175,-323.6405362857168,-24.10662000000032,-56637.093850000434,83660.68245000021,86884.08815000017,8858.389500000016,5.142857142857142
all_oos,D1,intraday,combo_0.25_1,54,334.6850037036954,59.31112870370294,18072.99019999955,21917.27540000004,28030.483949999885,3772.182050000004,5.555555555555555
all_oos,D1,intraday,combo_0.5_2,54,303.6700083333264,55.09033981481395,16398.180449999625,21268.582750000158,26708.653950000018,3871.2833500000124,5.555555555555555
all_oos,D1,intraday,combo_1_2,54,453.26593611110667,59.47390462962895,24476.36054999976,20797.004750000007,25291.58659999989,4075.3317000000006,3.7037037037037033
all_oos,D1,intraday,fixed_0,175,-393.9368365714326,-19.500340857143325,-68938.9464000007,92567.69965000039,97226.90725000034,8205.275000000034,7.428571428571429
all_oos,D1,intraday,fixed_0.01,175,-383.7232305714325,-18.287400571428964,-67151.56535000069,89574.91720000004,94234.12479999999,8245.275000000012,6.857142857142858
all_oos,D1,intraday,fixed_0.03,175,-399.7399165714343,-19.64544971428624,-69954.48540000101,91560.95865000064,95661.1662500006,8321.778800000038,6.857142857142858
all_oos,D1,intraday,fixed_0.05,175,-414.2540308571507,-21.024388571429064,-72494.45540000137,91576.4176000004,95676.62520000036,8402.253900000023,6.857142857142858
all_oos,D1,intraday,fixed_0.1,175,-400.3872857142921,-23.31431714285768,-70067.77500000111,88431.34620000035,93026.75190000032,8433.452950000024,6.2857142857142865
all_oos,D1,intraday,fixed_0.2,175,-220.59134857143243,-16.25405657142903,-38603.486000000674,74810.88570000039,79135.29140000037,8031.158700000017,4.0
all_oos,D1,intraday,fixed_0.5,175,-203.8592554285744,-20.82883514285758,-35675.36970000052,60661.71930000029,63597.12500000026,7889.165900000016,1.7142857142857144
all_oos,D1,intraday,price_0.0005,175,-414.28644771429236,-20.85296000000049,-72500.12835000116,92888.78905000033,96988.99665000029,8392.25390000003,6.857142857142858
all_oos,D1,intraday,price_0.001,175,-403.4933171428612,-22.794151714286148,-70611.33050000071,89110.0102500004,93705.41595000037,8423.452950000019,6.2857142857142865
all_oos,D1,intraday,price_0.002,175,-407.16436771429176,-25.536495428571996,-71253.76435000106,85119.46600000052,89443.8717000005,8702.382750000033,5.714285714285714
all_oos,D1,intraday,price_0.005,175,-198.861477428574,-20.43151971428611,-34800.75855000045,64039.13015000019,66974.53585000016,7899.165900000009,1.7142857142857144
all_oos,D1,intraday,q_0.5,175,-393.9368365714326,-19.500340857143325,-68938.9464000007,92567.69965000039,97226.90725000034,8205.275000000034,7.428571428571429
all_oos,D1,intraday,q_0.75,175,-393.9368365714326,-19.500340857143325,-68938.9464000007,92567.69965000039,97226.90725000034,8205.275000000034,7.428571428571429
all_oos,D1,intraday,q_0.9,175,-393.9368365714326,-19.500340857143325,-68938.9464000007,92567.69965000039,97226.90725000034,8205.275000000034,7.428571428571429
all_oos,D1,intraday,selected_atrD,175,-413.87483714286265,-23.351260857143334,-72428.09650000096,91470.95990000041,95507.36560000038,8422.25390000002,6.857142857142858
all_oos,D1,intraday,selected_atrH,175,-425.83713114286513,-23.95807828571484,-74521.4979500014,96833.4382500004,100869.84395000037,8311.778800000033,6.857142857142858
all_oos,D1,intraday,selected_combo,54,290.48999907406613,52.86811759259165,15686.459949999571,21268.582750000158,26708.653950000018,3871.2833500000124,5.555555555555555
all_oos,D1,intraday,selected_fixed,175,-405.72350028571924,-27.90759457142903,-71001.61255000086,93424.96440000022,96902.37010000019,8245.27500000001,5.714285714285714
all_oos,D1,intraday,selected_price,175,-428.5698271428634,-23.403155142857646,-74999.7197500011,95388.38045000027,99983.78615000025,8392.253900000032,6.857142857142858
all_oos,D1,intraday,selected_q,175,-393.9368365714326,-19.500340857143325,-68938.9464000007,92567.69965000039,97226.90725000034,8205.275000000034,7.428571428571429
all_oos,D1,two_weeks,atrD_0.025,51,-2501.1707617647153,-430.57949411764747,-127559.70885000049,160291.66355000023,162243.79480000015,25944.19990000001,52.94117647058824
all_oos,D1,two_weeks,atrD_0.05,51,-2514.0250186274575,-451.5616196078437,-128215.27595000033,160298.48560000007,162250.61685,26853.867150000016,52.94117647058824
all_oos,D1,two_weeks,atrD_0.1,51,-1717.8173980392198,-358.8643107843137,-87608.68730000021,118268.7747500001,120220.90600000002,21869.226149999995,47.05882352941176
all_oos,D1,two_weeks,atrD_0.25,51,-1924.6266882352932,-432.7465852941174,-98155.96109999996,130329.39374999993,131922.69874999986,25863.448149999993,45.09803921568628
all_oos,D1,two_weeks,atrH_0.1,51,-2504.0520627451097,-430.70968431372575,-127706.65520000059,160872.96889999998,162825.1001499999,25960.83959999999,52.94117647058824
all_oos,D1,two_weeks,atrH_0.25,51,-2489.372759803928,-456.0055598039213,-126958.01075000034,161685.18889999972,163637.32014999964,27070.50809999997,50.98039215686274
all_oos,D1,two_weeks,atrH_0.5,51,-1842.215640196084,-372.7988470588231,-93952.99765000028,124464.10764999993,126416.23889999985,22599.88749999997,47.05882352941176
all_oos,D1,two_weeks,atrH_1,51,-1794.212300980392,-433.8358117647051,-91504.82734999999,129331.02124999986,131125.1524999998,26058.653849999937,43.13725490196079
all_oos,D1,two_weeks,combo_0.25_1,15,402.7221233333073,77.73092666666524,6040.831849999609,50345.866950000025,53021.82415000007,11760.305550000006,46.666666666666664
all_oos,D1,two_weeks,combo_0.5_2,15,-440.7977100000061,30.256669999999545,-6611.965650000091,50314.990499999985,53074.191150000035,12212.719,46.666666666666664
all_oos,D1,two_weeks,combo_1_2,15,282.56270333333197,1.6039366666667927,4238.440549999979,50029.10594999993,52788.30659999998,13007.486949999982,33.33333333333333
all_oos,D1,two_weeks,fixed_0,51,-2322.4436333333474,-411.2801931372554,-118444.62530000071,153291.03565000047,155322.1669000004,25109.935550000013,52.94117647058824
all_oos,D1,two_weeks,fixed_0.01,51,-2387.691971568634,-418.55384411764743,-121772.29055000034,155964.34189999988,157995.47314999977,25430.891749999995,52.94117647058824
all_oos,D1,two_weeks,fixed_0.03,51,-2464.09501568629,-429.10174705882423,-125668.8458000008,158400.80050000057,160352.93175000048,25849.75990000002,52.94117647058824
all_oos,D1,two_weeks,fixed_0.05,51,-2501.1812098039354,-440.6775578431376,-127560.24170000071,159197.8374000002,161149.9686500001,26316.43155,52.94117647058824
all_oos,D1,two_weeks,fixed_0.1,51,-2557.2424176470695,-466.391598039216,-130419.36330000055,162672.90020000006,164546.03145,27421.821549999975,50.98039215686274
all_oos,D1,two_weeks,fixed_0.2,51,-1789.611999019613,-388.2631950980394,-91270.21195000026,130998.66620000018,132792.79745000013,23734.088099999994,45.09803921568628
all_oos,D1,two_weeks,fixed_0.5,51,-2091.18230686275,-508.36512843137257,-106650.29765000026,132095.16955000025,137954.91455000025,29764.51980000001,41.17647058823529
all_oos,D1,two_weeks,price_0.0005,51,-2507.1479362745176,-439.70508823529457,-127864.54475000041,159600.40895,161552.54019999993,26286.8356,52.94117647058824
all_oos,D1,two_weeks,price_0.001,51,-2168.2735441176546,-372.7233333333337,-110581.9507500004,143154.8732500002,145028.00450000016,22699.815550000007,49.01960784313725
all_oos,D1,two_weeks,price_0.002,51,-2048.021903921578,-390.02671960784323,-104449.11710000048,131156.83535000004,132950.96659999999,23323.629299999982,47.05882352941176
all_oos,D1,two_weeks,price_0.005,51,-1948.7840568627464,-473.074581372549,-99387.98690000006,127814.58310000002,133674.3281,28246.44254999998,41.17647058823529
all_oos,D1,two_weeks,q_0.5,51,-2322.4436333333474,-411.2801931372554,-118444.62530000071,153291.03565000047,155322.1669000004,25109.935550000013,52.94117647058824
all_oos,D1,two_weeks,q_0.75,51,-2134.099893137254,-587.1377970588231,-108839.09454999997,121555.67264999996,126371.85139999999,32176.88419999998,35.294117647058826
all_oos,D1,two_weeks,q_0.9,51,-1787.5637137254905,-856.472231372549,-91165.74940000002,99035.48039999999,100921.78665,49829.66379999999,13.725490196078432
all_oos,D1,two_weeks,selected_atrD,51,-2354.9151696078475,-465.126743137255,-120100.67365000022,146385.5040500001,148179.63530000005,27288.6102,49.01960784313725
all_oos,D1,two_weeks,selected_atrH,51,-2766.717944117654,-485.45446176470546,-141102.61515000035,172137.61079999976,173931.7420499997,28562.569799999954,49.01960784313725
all_oos,D1,two_weeks,selected_combo,15,-410.47748333335136,-21.220250000000092,-6157.16225000027,50029.10594999993,52788.30659999998,13007.486949999982,40.0
all_oos,D1,two_weeks,selected_fixed,51,-2572.8890313725587,-473.676023529412,-131217.3406000005,162627.34595000034,168687.91720000035,28826.68785000001,47.05882352941176
all_oos,D1,two_weeks,selected_price,51,-2588.900929411773,-457.6118147058828,-132033.94740000044,164606.8699000003,166480.00115000026,27029.128100000005,50.98039215686274
all_oos,D1,two_weeks,selected_q,51,-1787.5637137254905,-856.472231372549,-91165.74940000002,99035.48039999999,100921.78665,49829.66379999999,13.725490196078432
all_oos,D1,week,atrD_0.025,83,169.17242951805179,23.199649999998517,14041.311649998297,87354.27635000064,100189.58035000056,14287.550200000025,30.120481927710845
all_oos,D1,week,atrD_0.05,83,214.61827710841794,17.000931927709242,17813.31699999869,80169.71165000033,93005.01565000025,14420.312900000019,28.915662650602407
all_oos,D1,week,atrD_0.1,83,149.28720722889844,17.267189156624788,12390.83819999857,81597.21485000034,93064.71445000026,14878.794200000013,26.506024096385545
all_oos,D1,week,atrD_0.25,83,2.527725903605215,-9.39455361445918,209.80124999923282,87425.82430000033,97525.51950000027,16324.865000000014,24.096385542168676
all_oos,D1,week,atrH_0.1,83,219.65966325298916,23.360617469877866,18231.7520499981,85574.34455000068,98409.6485500006,14315.344700000023,30.120481927710845
all_oos,D1,week,atrH_0.25,83,219.9501397590205,13.294865662649187,18255.8615999987,80876.00335000007,92343.50295,14627.916400000002,28.915662650602407
all_oos,D1,week,atrH_0.5,83,-65.49903192772598,7.587954216866145,-5436.419650001257,88365.30625000021,99832.80585000012,15494.56705,26.506024096385545
all_oos,D1,week,atrH_1,83,25.614765662644295,-0.385624698795938,2126.0255499994764,80295.95165000024,90395.64685000016,15601.821999999991,24.096385542168676
all_oos,D1,week,combo_0.25_1,28,1670.4651553571161,125.81405714285552,46773.02434999925,46313.64215000013,51039.22175000007,11076.740799999998,25.0
all_oos,D1,week,combo_0.5_2,28,1128.311351785699,98.00213392857027,31592.71784999957,50616.30975000007,55341.88935000001,11786.653349999988,25.0
all_oos,D1,week,combo_1_2,28,1450.9120999999898,143.61628035714193,40625.53879999971,44234.12690000003,48434.64209999998,11618.076449999982,17.857142857142858
all_oos,D1,week,fixed_0,83,337.00034156625355,34.5648114457818,27971.028349999044,83788.63475000013,96623.93875000004,13844.719149999997,30.120481927710845
all_oos,D1,week,fixed_0.01,83,290.5250662650533,30.231029518071367,24113.58049999942,85831.10075000004,98666.40474999996,14055.344700000007,30.120481927710845
all_oos,D1,week,fixed_0.03,83,206.12241746986612,23.828631927709427,17108.16064999889,86952.61935000033,99787.92335000023,14255.344700000007,30.120481927710845
all_oos,D1,week,fixed_0.05,83,233.54923554214412,21.44521144578141,19384.586549997963,81983.15915000057,94818.46315000049,14452.73870000001,28.915662650602407
all_oos,D1,week,fixed_0.1,83,119.57366084335852,9.738911445781682,9924.613849998757,81355.35860000034,92822.85820000025,14756.341650000015,27.710843373493976
all_oos,D1,week,fixed_0.2,83,175.20694999998796,7.117971686745596,14542.176849999,87255.78265000027,97355.4778500002,15885.250700000004,24.096385542168676
all_oos,D1,week,fixed_0.5,83,-267.03284759037086,-38.62156204819426,-22163.726350000783,86723.00755000065,95916.44755000071,17142.448999999986,21.686746987951807
all_oos,D1,week,price_0.0005,83,253.70519939756784,21.686093373492174,21057.53154999813,81983.15915000057,94818.46315000049,14452.73870000001,28.915662650602407
all_oos,D1,week,price_0.001,83,160.5278963855288,22.59433795180572,13323.815399998892,82481.83310000031,93949.33270000023,14716.341650000011,26.506024096385545
all_oos,D1,week,price_0.002,83,-163.45687891568008,-3.7670849397608293,-13566.920950001446,86848.09500000047,97790.5302000004,15775.25070000002,26.506024096385545
all_oos,D1,week,price_0.005,83,-174.48200843374593,-31.40511084337503,-14482.006700000911,82363.6914500008,92148.13145000089,16817.82050000001,22.89156626506024
all_oos,D1,week,q_0.5,83,337.00034156625355,34.5648114457818,27971.028349999044,83788.63475000013,96623.93875000004,13844.719149999997,30.120481927710845
all_oos,D1,week,q_0.75,83,-36.578447590369976,-17.94310060241076,-3036.011150000708,86356.55785000027,97298.99305000021,16454.374000000007,24.096385542168676
all_oos,D1,week,q_0.9,83,-390.40958012048765,-124.50128012048354,-32403.995150000475,64580.135100000385,70315.09510000041,20129.266650000012,9.63855421686747
all_oos,D1,week,selected_atrD,83,-39.039716867487044,-4.489296987953248,-3240.2965000014246,87425.82430000033,97525.51950000027,16324.865000000014,28.915662650602407
all_oos,D1,week,selected_atrH,83,95.95691506022335,10.83668072289026,7964.423949998538,80295.95165000024,90395.64685000016,15601.821999999991,27.710843373493976
all_oos,D1,week,selected_combo,28,1357.2938785714057,126.04701071428447,38004.22859999936,44234.12690000003,48434.64209999998,11618.076449999982,21.428571428571427
all_oos,D1,week,selected_fixed,83,18.59906265059139,-7.399882530121939,1543.7221999990852,80847.24110000019,88410.04665000006,17142.448999999986,27.710843373493976
all_oos,D1,week,selected_price,83,91.66537710841467,-3.8901421686764364,7608.226299998418,80640.34950000035,90422.36910000027,16162.926250000013,27.710843373493976
all_oos,D1,week,selected_q,83,-2.2058650602492813,-81.78969939759179,-183.08680000069035,65240.398350000556,75112.35835000066,20129.266650000012,18.072289156626507
all_oos,H1,four_weeks,atrD_0.025,33,1064.6790121211384,221.50653484848345,35134.407399997566,42115.17395000122,47176.02895000111,1871.9565000000073,54.54545454545454
all_oos,H1,four_weeks,atrD_0.05,33,2091.938054545413,242.1763257575744,69033.95579999863,37943.02960000015,41928.62319999981,1931.9765000000093,45.45454545454545
all_oos,H1,four_weeks,atrD_0.1,33,2347.2682681818014,260.9392318181814,77459.85284999944,42472.285750000185,46072.94654999991,2218.6526499999977,39.39393939393939
all_oos,H1,four_weeks,atrD_0.25,33,2949.2817439393702,405.55032121212054,97326.29754999922,35073.1672000001,39220.02639999996,2495.8310499999916,27.27272727272727
all_oos,H1,four_weeks,atrH_0.1,33,1824.8670378787383,246.3497621212108,60220.61224999836,42123.73785000043,47184.592850000336,1871.9565000000073,51.515151515151516
all_oos,H1,four_weeks,atrH_0.25,33,2263.1633560605524,253.39303787878663,74684.39074999823,41192.547199999986,46164.4406000005,1961.9764999999966,42.42424242424242
all_oos,H1,four_weeks,atrH_0.5,33,3657.2882863636046,426.0855878787871,120690.51344999895,42355.59470000025,45690.122699999956,2345.024749999993,30.303030303030305
all_oos,H1,four_weeks,atrH_1,33,2319.056957575731,377.621453030302,76528.87959999911,41133.17075000019,43790.23314999997,2845.807149999995,30.303030303030305
all_oos,H1,four_weeks,combo_0.25_1,33,2263.1633560605524,253.39303787878663,74684.39074999823,41192.547199999986,46164.4406000005,1961.9764999999966,42.42424242424242
all_oos,H1,four_weeks,combo_0.5_2,33,3657.2882863636046,426.0855878787871,120690.51344999895,42355.59470000025,45690.122699999956,2345.024749999993,30.303030303030305
all_oos,H1,four_weeks,combo_1_2,33,2319.056957575731,377.621453030302,76528.87959999911,41133.17075000019,43790.23314999997,2845.807149999995,30.303030303030305
all_oos,H1,four_weeks,fixed_0,33,928.3088560605253,218.8778272727259,30634.192249997333,42371.43890000078,47938.37940000066,1816.020650000005,57.57575757575758
all_oos,H1,four_weeks,fixed_0.01,33,799.4723666666808,213.39013181818223,26382.588100000467,42494.29449999975,48061.23499999964,1821.956499999996,57.57575757575758
all_oos,H1,four_weeks,fixed_0.03,33,1131.5797712120632,221.80956515151388,37342.132449998084,42078.87265000086,47139.72765000076,1841.9565000000064,54.54545454545454
all_oos,H1,four_weeks,fixed_0.05,33,1335.126819696944,215.07768333333254,44059.185049999156,41981.963999999774,46585.569000000236,1861.9565000000023,48.484848484848484
all_oos,H1,four_weeks,fixed_0.1,33,2998.130713636338,272.8402621212117,98938.31354999915,42832.70085000007,46752.29444999977,2225.4588999999883,36.36363636363637
all_oos,H1,four_weeks,fixed_0.2,33,2673.540312121185,275.28657121211995,88226.8302999991,41324.33385000008,44858.99464999985,2624.6225999999947,33.33333333333333
all_oos,H1,four_weeks,fixed_0.5,33,4024.6949136363487,503.96594545454445,132814.9321499995,18861.66374999994,22337.474149999834,2261.9965499999835,12.121212121212121
all_oos,H1,four_weeks,price_0.0005,33,1939.4019136363468,239.26375757575698,64000.263149999446,41981.963999999774,46585.569000000236,1861.9565000000025,45.45454545454545
all_oos,H1,four_weeks,price_0.001,33,2389.028240909051,246.7167318181805,78837.93194999869,41881.020650000144,45813.81424999984,2185.0436499999964,39.39393939393939
all_oos,H1,four_weeks,price_0.002,33,2893.144306060588,283.12027575757503,95473.7620999994,42744.661899999985,46305.72269999974,2507.0264999999895,33.33333333333333
all_oos,H1,four_weeks,price_0.005,33,3829.688746969676,460.2289181818169,126379.7286499993,18529.18294999996,22004.993349999844,2101.193349999987,15.151515151515152
all_oos,H1,four_weeks,q_0.5,33,2678.1226999999703,389.3593348484838,88378.04909999901,41355.51525000027,44331.51045000003,2657.0108999999975,30.303030303030305
all_oos,H1,four_weeks,q_0.75,33,1090.0373484848442,420.36198939393864,35971.23249999986,15353.520449999958,16190.930049999934,5623.958249999984,6.0606060606060606
all_oos,H1,four_weeks,q_0.9,33,-53.51122878788082,262.539169696969,-1765.870550000067,16004.982050000022,16635.870850000014,8395.531699999981,3.0303030303030303
all_oos,H1,four_weeks,selected_atrD,33,2949.2817439393702,405.55032121212054,97326.29754999922,35073.1672000001,39220.02639999996,2495.8310499999916,27.27272727272727
all_oos,H1,four_weeks,selected_atrH,33,2319.056957575731,377.621453030302,76528.87959999911,41133.17075000019,43790.23314999997,2845.807149999995,30.303030303030305
all_oos,H1,four_weeks,selected_combo,33,2319.056957575731,377.621453030302,76528.87959999911,41133.17075000019,43790.23314999997,2845.807149999995,30.303030303030305
all_oos,H1,four_weeks,selected_fixed,33,4024.6949136363487,503.96594545454445,132814.9321499995,18861.66374999994,22337.474149999834,2261.9965499999835,12.121212121212121
all_oos,H1,four_weeks,selected_price,33,3829.688746969676,460.2289181818169,126379.7286499993,18529.18294999996,22004.993349999844,2101.193349999987,15.151515151515152
all_oos,H1,four_weeks,selected_q,33,-53.51122878788082,262.539169696969,-1765.870550000067,16004.982050000022,16635.870850000014,8395.531699999981,3.0303030303030303
all_oos,H1,intraday,atrD_0.025,164,-1506.9870814024448,-49.679624390244285,-247145.88135000094,292832.37695000024,294635.81229999976,10597.464950000003,37.80487804878049
all_oos,H1,intraday,atrD_0.05,164,-1454.294280182934,-54.406467073171214,-238504.26195000118,278519.39615000074,280173.99620000034,11174.031950000044,36.58536585365854
all_oos,H1,intraday,atrD_0.1,164,-1283.954528048787,-58.271439939024766,-210568.5426000011,242373.22310000056,243825.07020000022,11482.87280000004,31.70731707317073
all_oos,H1,intraday,atrD_0.25,164,-798.9231262195109,-54.95476341463411,-131023.3926999998,148898.22859999957,151685.7545499994,10649.400099999963,20.121951219512198
all_oos,H1,intraday,atrH_0.1,164,-1510.5729966463532,-48.26780426829313,-247733.97145000193,293148.2645000014,295005.61750000087,10386.388450000024,37.80487804878049
all_oos,H1,intraday,atrH_0.25,164,-1456.099199390256,-50.85470640243955,-238800.268700002,276082.1049500019,277736.70500000153,10545.166150000048,34.756097560975604
all_oos,H1,intraday,atrH_0.5,164,-1150.1296762195207,-53.96812652439067,-188621.26690000138,216156.49675000084,222164.5107500008,11015.313500000026,29.878048780487802
all_oos,H1,intraday,atrH_1,164,-1208.7979131097547,-72.63013506097562,-198242.8577499998,213268.70364999963,214871.72394999937,13476.361749999962,24.390243902439025
all_oos,H1,intraday,combo_0.25_1,162,-1497.8491759259366,-54.94904907407457,-242651.56650000173,267009.4027500017,267926.0028000013,10347.740250000046,34.5679012345679
all_oos,H1,intraday,combo_0.5_2,162,-1184.2464135802536,-57.91572129629668,-191847.9190000011,207177.1488500006,212488.16285000058,10787.88760000002,29.629629629629626
all_oos,H1,intraday,combo_1_2,162,-1233.0304700617276,-76.3707811728395,-199750.93614999985,204006.78204999972,204994.80234999946,13178.086149999965,24.074074074074073
all_oos,H1,intraday,fixed_0,164,-1733.7524881097297,-46.939257317072986,-284335.40804999566,337319.9999999964,339380.1059499958,10285.323449999956,40.243902439024396
all_oos,H1,intraday,fixed_0.01,164,-1384.0985085365883,-40.88122530487835,-226992.15540000048,277864.5588500004,279834.8020499998,9366.025100000059,38.41463414634146
all_oos,H1,intraday,fixed_0.03,164,-1546.8826097560907,-48.523241768292735,-253688.7479999989,299100.1472499991,300903.5825999987,10377.818199999989,38.41463414634146
all_oos,H1,intraday,fixed_0.05,164,-1570.4657451219562,-53.97381219512234,-257556.3822000008,298132.6082500002,299787.2082999998,11093.077850000012,37.19512195121951
all_oos,H1,intraday,fixed_0.1,164,-1253.2071164634233,-54.98751402439051,-205525.9671000014,236832.75495000064,242840.76895000064,11213.861999999997,32.31707317073171
all_oos,H1,intraday,fixed_0.2,164,-1226.923818597565,-68.561361280488,-201215.50625000068,218125.09840000066,219364.52210000035,12840.463750000012,26.82926829268293
all_oos,H1,intraday,fixed_0.5,164,-307.38461249999995,-30.78801829268302,-50411.07644999999,83291.52164999992,85421.36139999986,8259.434849999994,5.487804878048781
all_oos,H1,intraday,price_0.0005,164,-1547.940200609773,-52.702821951220024,-253862.19290000276,294438.4189500021,296093.0190000017,10884.63545000003,37.19512195121951
all_oos,H1,intraday,price_0.001,164,-1206.2291027439064,-51.24567835365877,-197821.57285000064,228741.78795000009,234749.80195000005,10609.765149999996,32.31707317073171
all_oos,H1,intraday,price_0.002,164,-1300.0703509146301,-66.92282042682915,-213211.53754999934,232692.03719999894,233956.96259999892,12641.743049999934,28.04878048780488
all_oos,H1,intraday,price_0.005,164,-486.62192317073243,-44.49735762195131,-79805.99540000012,110600.90114999982,116050.93974999987,10551.417099999986,9.75609756097561
all_oos,H1,intraday,q_0.5,164,-1733.7524881097297,-46.939257317072986,-284335.40804999566,337319.9999999964,339380.1059499958,10285.323449999956,40.243902439024396
all_oos,H1,intraday,q_0.75,164,-1150.719592987807,-54.11002896341485,-188718.01325000034,213900.77210000026,218451.93665,10899.070050000004,29.878048780487802
all_oos,H1,intraday,q_0.9,164,-417.74294329268486,-26.90884329268304,-68509.84270000031,98171.2959000002,105430.12934999994,7483.711249999993,12.195121951219512
all_oos,H1,intraday,selected_atrD,164,-1131.4559631097532,-63.395977439024314,-185558.77794999952,203433.61384999912,206221.13979999896,12033.759199999957,25.0
all_oos,H1,intraday,selected_atrH,164,-1304.7656628048842,-67.58685365853694,-213981.568700001,229007.41460000083,230610.43490000057,12649.263600000015,27.439024390243905
all_oos,H1,intraday,selected_combo,162,-1313.6452546296366,-73.05270462963003,-212810.53125000114,217066.3771500011,218054.39745000083,12640.557750000027,26.543209876543212
all_oos,H1,intraday,selected_fixed,164,-307.38461249999995,-30.78801829268302,-50411.07644999999,83291.52164999992,85421.36139999986,8259.434849999994,5.487804878048781
all_oos,H1,intraday,selected_price,164,-486.62192317073243,-44.49735762195131,-79805.99540000012,110600.90114999982,116050.93974999987,10551.417099999986,9.75609756097561
all_oos,H1,intraday,selected_q,164,-417.74294329268486,-26.90884329268304,-68509.84270000031,98171.2959000002,105430.12934999994,7483.711249999993,12.195121951219512
all_oos,H1,two_weeks,atrD_0.025,67,435.11497164180264,141.24952910447794,29152.703100000777,109951.17485000083,113732.34990000074,4319.42259999998,53.73134328358209
all_oos,H1,two_weeks,atrD_0.05,67,341.02979776119776,143.12817238805985,22848.99645000025,114385.41695000154,119100.9954500007,4663.24240000006,52.23880597014925
all_oos,H1,two_weeks,atrD_0.1,67,695.5192194029859,180.59293805970142,46599.78770000005,84311.53740000055,91092.95700000042,4660.64239999998,47.76119402985074
all_oos,H1,two_weeks,atrD_0.25,67,-409.3753529850675,114.28575597014972,-27428.148649999523,86129.77850000015,91215.84320000003,6067.149000000006,46.26865671641791
all_oos,H1,two_weeks,atrH_0.1,67,448.09785522390064,140.65251417910514,30022.556300001343,110543.88720000049,113061.27325000025,4329.422599999971,53.73134328358209
all_oos,H1,two_weeks,atrH_0.25,67,233.3509470149506,135.88063582089603,15634.51345000169,115003.27020000135,119167.91090000002,4984.830750000049,52.23880597014925
all_oos,H1,two_weeks,atrH_0.5,67,386.4468798507438,163.20998059701495,25891.940949999836,89456.35165000081,96237.77125000069,5001.847250000015,47.76119402985074
all_oos,H1,two_weeks,atrH_1,67,-697.5092522388126,93.878121641791,-46733.11990000044,102442.68695000105,108093.86995000092,7574.708300000039,47.76119402985074
all_oos,H1,two_weeks,combo_0.25_1,67,233.3509470149506,135.88063582089603,15634.51345000169,115003.27020000135,119167.91090000002,4984.830750000049,52.23880597014925
all_oos,H1,two_weeks,combo_0.5_2,67,386.4468798507438,163.20998059701495,25891.940949999836,89456.35165000081,96237.77125000069,5001.847250000015,47.76119402985074
all_oos,H1,two_weeks,combo_1_2,67,-697.5092522388126,93.878121641791,-46733.11990000044,102442.68695000105,108093.86995000092,7574.708300000039,47.76119402985074
all_oos,H1,two_weeks,fixed_0,67,-246.10234402984491,99.90851940298508,-16488.85704999961,118656.78285000173,124097.30685000165,5153.935300000046,58.2089552238806
all_oos,H1,two_weeks,fixed_0.01,67,69.94851194032395,119.26835000000051,4686.550300001705,119674.43490000111,125032.83090000105,5313.539950000028,56.71641791044776
all_oos,H1,two_weeks,fixed_0.03,67,545.6060089552321,141.72502462686597,36555.60260000055,109557.58440000116,111832.32385000093,4357.563099999976,53.73134328358209
all_oos,H1,two_weeks,fixed_0.05,67,130.74752313432992,127.73364925373137,8760.084050000105,119598.22560000082,123682.71490000072,4730.181750000049,53.73134328358209
all_oos,H1,two_weeks,fixed_0.1,67,271.41541268658233,123.31296940298581,18184.832650001015,82263.00125000028,89609.53915000013,4741.584049999978,50.74626865671642
all_oos,H1,two_weeks,fixed_0.2,67,82.41128134329051,127.60557537313458,5521.5558500004645,97389.26655000052,103605.5678500004,5971.193050000024,47.76119402985074
all_oos,H1,two_weeks,fixed_0.5,67,41.05593955223689,90.64275223880584,2750.7479499998717,81096.81729999986,82742.0244999998,8203.387799999979,38.80597014925373
all_oos,H1,two_weeks,price_0.0005,67,225.51483656716297,131.02477835820912,15109.49404999992,114598.26230000117,117519.5410500012,4543.242400000042,53.73134328358209
all_oos,H1,two_weeks,price_0.001,67,19.42226865673658,114.04426865671711,1301.292000001351,102771.60615000079,107726.63619999983,4770.17830000004,52.23880597014925
all_oos,H1,two_weeks,price_0.002,67,275.29337611941247,143.3583761194035,18444.656200000634,94276.41640000071,101057.83600000059,5406.937099999973,47.76119402985074
all_oos,H1,two_weeks,price_0.005,67,23.033505223882756,102.9938604477615,1543.2448500001447,85681.03199999999,90032.81185000032,7674.172450000027,40.298507462686565
all_oos,H1,two_weeks,q_0.5,67,-310.0879679104353,122.75067537313515,-20775.893849999164,98866.90679999997,105083.20809999984,6409.674899999983,47.76119402985074
all_oos,H1,two_weeks,q_0.75,67,-301.3312679104485,44.29669104477607,-20189.19495000005,71094.74805000005,76800.48679999998,17522.701250000002,22.388059701492537
all_oos,H1,two_weeks,q_0.9,67,69.20294925373143,95.92311641791052,4636.5976000000055,28729.58775000002,31622.941250000025,16047.00715000001,5.970149253731343
all_oos,H1,two_weeks,selected_atrD,67,-409.3753529850675,114.28575597014972,-27428.148649999523,86129.77850000015,91215.84320000003,6067.149000000006,46.26865671641791
all_oos,H1,two_weeks,selected_atrH,67,-697.5092522388126,93.878121641791,-46733.11990000044,102442.68695000105,108093.86995000092,7574.708300000039,47.76119402985074
all_oos,H1,two_weeks,selected_combo,67,-697.5092522388126,93.878121641791,-46733.11990000044,102442.68695000105,108093.86995000092,7574.708300000039,47.76119402985074
all_oos,H1,two_weeks,selected_fixed,67,41.05593955223689,90.64275223880584,2750.7479499998717,81096.81729999986,82742.0244999998,8203.387799999979,38.80597014925373
all_oos,H1,two_weeks,selected_price,67,23.033505223882756,102.9938604477615,1543.2448500001447,85681.03199999999,90032.81185000032,7674.172450000027,40.298507462686565
all_oos,H1,two_weeks,selected_q,67,69.20294925373143,95.92311641791052,4636.5976000000055,28729.58775000002,31622.941250000025,16047.00715000001,5.970149253731343
all_oos,H1,week,atrD_0.025,131,-687.5123534351214,36.95889312977103,-90064.1183000009,231319.42335000177,232268.5322500015,7846.146250000072,58.01526717557252
all_oos,H1,week,atrD_0.05,131,-835.4176667938993,22.540324809160353,-109439.71435000081,250169.82625000188,252064.03115000163,9317.284600000055,56.48854961832062
all_oos,H1,week,atrD_0.1,131,-663.2381408396914,12.084401908397023,-86884.19644999957,205200.02440000066,207850.75560000073,9939.780050000078,52.67175572519084
all_oos,H1,week,atrD_0.25,131,-188.90473320610522,14.37106259542032,-24746.520049999785,96918.682900001,98512.42330000075,8697.360499999988,42.74809160305343
all_oos,H1,week,atrH_0.1,131,-692.7928919847415,38.18875076335865,-90755.86885000113,231779.4446000017,232914.70790000126,7706.508500000063,58.01526717557252
all_oos,H1,week,atrH_0.25,131,-1019.5780461832115,17.866050381679408,-133564.72405000072,255436.23950000212,257555.04730000172,9607.966150000064,56.48854961832062
all_oos,H1,week,atrH_0.5,131,-657.8504072518991,18.812822519084584,-86178.40334999879,178991.21315000078,183395.59225000054,8520.450900000047,51.14503816793893
all_oos,H1,week,atrH_1,131,-525.8968335877945,18.11741259541973,-68892.48520000109,137956.57715000215,141648.3451000018,9996.153550000026,43.51145038167939
all_oos,H1,week,combo_0.25_1,131,-1019.5780461832115,17.866050381679408,-133564.72405000072,255436.23950000212,257555.04730000172,9607.966150000064,56.48854961832062
all_oos,H1,week,combo_0.5_2,131,-657.8504072518991,18.812822519084584,-86178.40334999879,178991.21315000078,183395.59225000054,8520.450900000047,51.14503816793893
all_oos,H1,week,combo_1_2,131,-525.8968335877945,18.11741259541973,-68892.48520000109,137956.57715000215,141648.3451000018,9996.153550000026,43.51145038167939
all_oos,H1,week,fixed_0,131,-1481.2626122137558,20.346172900763115,-194045.40220000202,281758.79965000245,284227.10315000237,8587.934900000055,65.64885496183206
all_oos,H1,week,fixed_0.01,131,-1251.2972530534453,27.757691603053622,-163919.94015000132,273507.7664000044,275917.9244000041,9024.345700000069,64.12213740458014
all_oos,H1,week,fixed_0.03,131,-659.3511744274801,39.26101183206112,-86375.0038499999,229753.47290000156,230888.7362000011,7594.568700000068,58.01526717557252
all_oos,H1,week,fixed_0.05,131,-833.8382244274918,28.227347328244157,-109232.80740000143,246392.95360000117,248781.01880000107,8592.364650000045,57.25190839694656
all_oos,H1,week,fixed_0.1,131,-820.388303435114,16.746130534351266,-107470.86774999993,231118.77515000143,232089.86235000123,9424.800500000068,54.19847328244275
all_oos,H1,week,fixed_0.2,131,-756.4580171755655,-2.4332858778620556,-99096.00024999908,173432.9602999993,175259.44574999923,9638.102250000007,48.854961832061065
all_oos,H1,week,fixed_0.5,131,-553.7246003816812,-27.73357404580152,-72537.92265000023,133878.21495000034,135273.3265500003,11796.527950000072,36.6412213740458
all_oos,H1,week,price_0.0005,131,-802.8847385496418,29.580052290076047,-105177.90075000309,242626.50055000331,244788.41135000292,8385.16030000008,57.25190839694656
all_oos,H1,week,price_0.001,131,-852.7736400763316,15.286794656488953,-111713.34684999945,245323.22750000094,246575.86620000086,9788.074100000023,54.961832061068705
all_oos,H1,week,price_0.002,131,-919.418980916029,-7.081274809160017,-120443.8864999998,200619.61724999975,203373.9787499999,10553.78870000003,50.38167938931297
all_oos,H1,week,price_0.005,131,-465.3103297709926,-14.195141603053147,-60955.65320000003,128589.68710000007,129847.70600000006,10789.817750000027,38.93129770992366
all_oos,H1,week,q_0.5,131,-1093.5562583969477,-4.507046564885472,-143255.86985000013,218505.70305000013,221019.33484999996,10481.997650000056,51.14503816793893
all_oos,H1,week,q_0.75,131,-917.4725564885529,-73.40287213740474,-120188.90490000043,151564.05045000045,152644.76935000042,14651.72705000002,28.24427480916031
all_oos,H1,week,q_0.9,131,-990.3403087786269,-212.71421946564882,-129734.58045000012,146403.78935000015,150848.75815000013,34598.61139999998,15.267175572519085
all_oos,H1,week,selected_atrD,131,-188.90473320610522,14.37106259542032,-24746.520049999785,96918.682900001,98512.42330000075,8697.360499999988,42.74809160305343
all_oos,H1,week,selected_atrH,131,-525.8968335877945,18.11741259541973,-68892.48520000109,137956.57715000215,141648.3451000018,9996.153550000026,43.51145038167939
all_oos,H1,week,selected_combo,131,-525.8968335877945,18.11741259541973,-68892.48520000109,137956.57715000215,141648.3451000018,9996.153550000026,43.51145038167939
all_oos,H1,week,selected_fixed,131,-553.7246003816812,-27.73357404580152,-72537.92265000023,133878.21495000034,135273.3265500003,11796.527950000072,36.6412213740458
all_oos,H1,week,selected_price,131,-465.3103297709926,-14.195141603053147,-60955.65320000003,128589.68710000007,129847.70600000006,10789.817750000027,38.93129770992366
all_oos,H1,week,selected_q,131,-990.3403087786269,-212.71421946564882,-129734.58045000012,146403.78935000015,150848.75815000013,34598.61139999998,15.267175572519085
walk_forward_2024_2025,D1,four_weeks,atrD_0.025,20,1853.0200450000088,-159.89473999999905,37060.400900000175,48796.158199999976,52820.3082,15284.57485,50.0
walk_forward_2024_2025,D1,four_weeks,atrD_0.05,20,1793.3367375000203,-175.15428749999987,35866.7347500004,47855.16655000014,51879.31655000016,15539.325550000023,50.0
walk_forward_2024_2025,D1,four_weeks,atrD_0.1,20,2708.988157500021,83.74070000000081,54179.76315000042,38492.50089999998,38827.977399999974,10241.425800000003,45.0
walk_forward_2024_2025,D1,four_weeks,atrD_0.25,20,1731.9316325000116,1.2673975000005213,34638.63265000023,37916.4995,38251.975999999995,11550.459800000006,45.0
walk_forward_2024_2025,D1,four_weeks,atrH_0.1,20,1789.4806975000088,-160.2844649999986,35789.613950000174,50026.94514999994,54051.09514999997,15282.369349999988,50.0
walk_forward_2024_2025,D1,four_weeks,atrH_0.25,20,1657.7652275000116,-186.8856549999995,33155.30455000023,48637.231750000006,52661.38175000003,15723.952900000004,50.0
walk_forward_2024_2025,D1,four_weeks,atrH_0.5,20,2545.566272500017,63.91675750000168,50911.32545000034,39208.84499999992,39544.321499999925,10557.904649999986,45.0
walk_forward_2024_2025,D1,four_weeks,atrH_1,20,1967.0876325000056,-33.79388499999931,39341.75265000011,40338.39110000001,40673.86760000001,12211.685449999995,45.0
walk_forward_2024_2025,D1,four_weeks,combo_0.25_1,6,-257.9928416666735,-367.0757000000017,-1547.957050000041,37767.22630000004,38102.702800000035,9026.16910000001,66.66666666666666
walk_forward_2024_2025,D1,four_weeks,combo_0.5_2,6,-1270.8980666666648,-455.65777500000013,-7625.388399999989,39457.11399999999,39792.590499999984,9557.66155,66.66666666666666
walk_forward_2024_2025,D1,four_weeks,combo_1_2,6,-1417.777583333335,-664.782033333334,-8506.66550000001,40338.39110000001,40673.867600000005,10812.407100000004,66.66666666666666
walk_forward_2024_2025,D1,four_weeks,fixed_0,20,2274.9604750000417,-141.6337424999977,45499.209500000834,48381.77629999987,53210.756299999906,14990.295999999984,50.0
walk_forward_2024_2025,D1,four_weeks,fixed_0.01,20,2183.2130925000156,-146.6552949999995,43664.261850000315,48779.226050000005,53608.20605000004,15059.785950000003,50.0
walk_forward_2024_2025,D1,four_weeks,fixed_0.03,20,2052.015942500031,-156.78446499999822,41040.31885000062,49566.94514999991,54395.92514999995,15202.36934999999,50.0
walk_forward_2024_2025,D1,four_weeks,fixed_0.05,20,1728.075192499996,-166.6541650000006,34561.50384999992,48027.88225000011,52052.032250000135,15339.76335000002,50.0
walk_forward_2024_2025,D1,four_weeks,fixed_0.1,20,1219.593159999998,-195.96927750000054,24391.86319999996,52478.8170000001,56502.96700000013,15775.620850000014,50.0
walk_forward_2024_2025,D1,four_weeks,fixed_0.2,20,1943.4162750000146,45.997055000001005,38868.32550000029,39145.63469999999,39481.111199999985,10637.696249999999,45.0
walk_forward_2024_2025,D1,four_weeks,fixed_0.5,20,706.7033800000157,-129.0602349999978,14134.067600000315,42111.85379999994,42391.41754999994,13321.73529999998,45.0
walk_forward_2024_2025,D1,four_weeks,price_0.0005,20,1729.5751924999913,-166.65416500000129,34591.503849999826,48077.88225000013,52102.032250000164,15349.763350000023,50.0
walk_forward_2024_2025,D1,four_weeks,price_0.001,20,2759.7165975000053,103.78186499999997,55194.3319500001,38595.38050000003,38930.85700000003,9800.598000000013,45.0
walk_forward_2024_2025,D1,four_weeks,price_0.002,20,2011.6288975000011,53.02054750000034,40232.57795000002,38804.70280000003,39140.17930000003,10557.230300000001,45.0
walk_forward_2024_2025,D1,four_weeks,price_0.005,20,919.2896150000003,-105.96902999999952,18385.792300000005,41073.56875000003,41353.13250000003,13005.262849999992,45.0
walk_forward_2024_2025,D1,four_weeks,q_0.5,20,2159.322705000012,-144.18079749999825,43186.454100000235,48381.77629999987,53210.7562999999,14990.295999999982,50.0
walk_forward_2024_2025,D1,four_weeks,q_0.75,20,1092.6973725000018,45.31013750000048,21853.947450000036,18377.100699999988,18544.838949999987,14096.75584999999,20.0
walk_forward_2024_2025,D1,four_weeks,q_0.9,20,-261.9479749999996,-331.8254949999993,-5238.959499999992,13139.290750000006,14037.324249999983,19772.940749999998,10.0
walk_forward_2024_2025,D1,four_weeks,selected_atrD,20,949.2555700000117,-247.0086849999997,18985.111400000234,50796.76344999998,54820.91345000001,16595.98145000001,50.0
walk_forward_2024_2025,D1,four_weeks,selected_atrH,20,809.6065525000106,-290.71915749999897,16192.131050000211,54354.880499999934,58379.030499999964,17420.190899999994,50.0
walk_forward_2024_2025,D1,four_weeks,selected_combo,6,-1417.777583333335,-664.782033333334,-8506.66550000001,40338.39110000001,40673.867600000005,10812.407100000004,66.66666666666666
walk_forward_2024_2025,D1,four_weeks,selected_fixed,20,460.6845625000163,-352.33105499999857,9213.691250000325,57492.37624999997,61516.52625,18208.717950000002,50.0
walk_forward_2024_2025,D1,four_weeks,selected_price,20,1307.1195125000027,-186.51804500000065,26142.390250000055,51645.644450000094,55669.794450000125,15606.596200000025,50.0
walk_forward_2024_2025,D1,four_weeks,selected_q,20,-261.9479749999996,-331.8254949999993,-5238.959499999992,13139.290750000006,14037.324249999983,19772.940749999998,10.0
walk_forward_2024_2025,D1,intraday,atrD_0.025,125,-612.8197548000068,-39.34540480000035,-76602.46935000084,81789.52015000088,85133.07315000088,8321.778800000026,7.199999999999999
walk_forward_2024_2025,D1,intraday,atrD_0.05,125,-594.9963688000033,-40.94920560000026,-74374.54610000041,79412.01570000043,82690.00070000046,8422.253900000018,7.199999999999999
walk_forward_2024_2025,D1,intraday,atrD_0.1,125,-551.3672308000029,-39.70437680000022,-68920.90385000035,79278.35150000037,82380.54120000036,8473.452950000017,5.6000000000000005
walk_forward_2024_2025,D1,intraday,atrD_0.25,125,-499.4618448000032,-41.82088360000031,-62432.730600000395,71279.33245000035,73822.52215000035,8262.614500000022,4.8
walk_forward_2024_2025,D1,intraday,atrH_0.1,125,-592.380180400006,-39.34540480000035,-74047.52255000075,80408.49235000077,83138.58015000063,8311.778800000033,7.199999999999999
walk_forward_2024_2025,D1,intraday,atrH_0.25,125,-581.7979956000004,-41.71330560000011,-72724.74945000005,77762.21905000007,81535.40215000011,8442.253900000014,7.199999999999999
walk_forward_2024_2025,D1,intraday,atrH_0.5,125,-551.6405920000035,-41.03044120000033,-68955.07400000043,79834.16365000047,82936.35335000046,8501.46655000003,5.6000000000000005
walk_forward_2024_2025,D1,intraday,atrH_1,125,-544.8768124000031,-47.415832800000196,-68109.60155000039,77324.67010000038,79867.85980000038,8858.389500000016,5.6000000000000005
walk_forward_2024_2025,D1,intraday,combo_0.25_1,38,414.9170828947342,76.41824078947323,15766.8491499999,21917.27540000004,28030.483949999885,3772.182050000004,5.263157894736842
walk_forward_2024_2025,D1,intraday,combo_0.5_2,38,374.8796171052564,72.2313644736835,14245.425449999742,21268.582750000158,26708.653950000018,3871.2833500000124,5.263157894736842
walk_forward_2024_2025,D1,intraday,combo_1_2,38,280.66517763157435,63.70377631578895,10665.276749999824,20797.004750000007,25291.58659999989,4075.3317000000006,5.263157894736842
walk_forward_2024_2025,D1,intraday,fixed_0,125,-605.2468380000038,-39.951490800000336,-75655.85475000048,82226.40575000054,85654.4565500004,8205.275000000034,8.0
walk_forward_2024_2025,D1,intraday,fixed_0.01,125,-585.9782808000026,-38.01337440000022,-73247.28510000033,79270.50120000029,82559.58900000014,8245.275000000012,7.199999999999999
walk_forward_2024_2025,D1,intraday,fixed_0.03,125,-594.1168780000056,-39.42540480000039,-74264.6097500007,80625.57955000072,83355.66735000059,8321.778800000038,7.199999999999999
walk_forward_2024_2025,D1,intraday,fixed_0.05,125,-601.7344372000042,-40.86920560000022,-75216.80465000053,79848.70625000064,83532.25925000058,8402.253900000023,7.199999999999999
walk_forward_2024_2025,D1,intraday,fixed_0.1,125,-585.0721560000044,-43.060514800000355,-73134.01950000055,77871.98845000046,81465.69050000058,8433.452950000024,6.4
walk_forward_2024_2025,D1,intraday,fixed_0.2,125,-474.65831320000336,-39.8017792000003,-59332.28915000042,69476.45715000041,72578.6468500004,8031.158700000017,4.8
walk_forward_2024_2025,D1,intraday,fixed_0.5,125,-402.48859360000336,-46.12339720000034,-50311.07420000042,58387.03670000042,60202.53040000041,7889.165900000016,2.4
walk_forward_2024_2025,D1,intraday,price_0.0005,125,-605.3462064000047,-40.789205600000294,-75668.27580000059,80147.9917000007,83831.54470000064,8392.25390000003,7.199999999999999
walk_forward_2024_2025,D1,intraday,price_0.001,125,-588.4469300000038,-42.77288720000029,-73555.86625000047,77849.5033500005,82102.68645000055,8423.452950000019,6.4
walk_forward_2024_2025,D1,intraday,price_0.002,125,-552.623538400005,-44.6915716000004,-69077.94230000064,80116.79585000064,83218.98555000062,8702.382750000033,5.6000000000000005
walk_forward_2024_2025,D1,intraday,price_0.005,125,-415.70205400000276,-45.56715560000028,-51962.75675000034,60166.38190000032,61981.87560000031,7899.165900000009,2.4
walk_forward_2024_2025,D1,intraday,q_0.5,125,-605.2468380000038,-39.951490800000336,-75655.85475000048,82226.40575000054,85654.4565500004,8205.275000000034,8.0
walk_forward_2024_2025,D1,intraday,q_0.75,125,-605.2468380000038,-39.951490800000336,-75655.85475000048,82226.40575000054,85654.4565500004,8205.275000000034,8.0
walk_forward_2024_2025,D1,intraday,q_0.9,125,-605.2468380000038,-39.951490800000336,-75655.85475000048,82226.40575000054,85654.4565500004,8205.275000000034,8.0
walk_forward_2024_2025,D1,intraday,selected_atrD,125,-605.3530612000045,-44.1268268000003,-75669.13265000057,80706.60225000056,83920.78535000059,8422.25390000002,7.199999999999999
walk_forward_2024_2025,D1,intraday,selected_atrH,125,-635.2127212000046,-45.71232320000032,-79401.59015000057,85762.55995000062,88428.84585000049,8311.778800000033,7.199999999999999
walk_forward_2024_2025,D1,intraday,selected_combo,38,356.1501302631497,69.07346973684128,13533.704949999688,21268.582750000158,26708.653950000018,3871.2833500000124,5.263157894736842
walk_forward_2024_2025,D1,intraday,selected_fixed,125,-616.778658400004,-51.48164600000031,-77097.3323000005,83120.54840000048,85227.83430000035,8245.27500000001,5.6000000000000005
walk_forward_2024_2025,D1,intraday,selected_price,125,-625.3429376000042,-44.35947880000032,-78167.86720000053,82647.58310000064,86826.3342000006,8392.253900000032,7.199999999999999
walk_forward_2024_2025,D1,intraday,selected_q,125,-605.2468380000038,-39.951490800000336,-75655.85475000048,82226.40575000054,85654.4565500004,8205.275000000034,8.0
walk_forward_2024_2025,D1,two_weeks,atrD_0.025,36,-2953.4396430555594,-574.1739013888891,-106323.82715000014,120344.39455000011,121656.39454999998,22047.202350000036,52.77777777777778
walk_forward_2024_2025,D1,two_weeks,atrD_0.05,36,-2939.8606041666717,-597.7986916666677,-105834.98175000018,119733.78815000012,121045.78815,22737.693850000065,52.77777777777778
walk_forward_2024_2025,D1,two_weeks,atrD_0.1,36,-1756.2697416666656,-455.7430541666664,-63225.71069999996,92678.89189999981,101441.89189999975,18979.960450000013,44.44444444444444
walk_forward_2024_2025,D1,two_weeks,atrD_0.25,36,-2207.7493083333325,-544.8253375,-79478.97509999997,101343.41984999989,108385.41984999983,21866.52835000001,44.44444444444444
walk_forward_2024_2025,D1,two_weeks,atrH_0.1,36,-2966.9342583333346,-575.2237486111111,-106809.63330000004,120790.2007,122102.20069999987,22074.99685000002,52.77777777777778
walk_forward_2024_2025,D1,two_weeks,atrH_0.25,36,-2914.4021111111088,-603.8722930555552,-104918.47599999991,121382.98239999988,122694.98239999975,22906.34350000001,50.0
walk_forward_2024_2025,D1,two_weeks,atrH_0.5,36,-1928.4210666666647,-473.48350694444395,-69423.15839999993,98726.33959999979,107489.33959999973,19568.620000000003,44.44444444444444
walk_forward_2024_2025,D1,two_weeks,atrH_1,36,-2098.441370833329,-552.4042722222209,-75543.88934999985,99534.53609999974,107097.5360999997,22159.366699999973,41.66666666666667
walk_forward_2024_2025,D1,two_weeks,combo_0.25_1,10,-1233.1770900000038,-419.17157500000013,-12331.770900000038,50345.866950000025,53021.82415000007,11760.305550000006,50.0
walk_forward_2024_2025,D1,two_weeks,combo_0.5_2,10,-2296.6199400000005,-478.5008299999996,-22966.199400000005,50314.990499999985,53074.191150000035,12212.719,50.0
walk_forward_2024_2025,D1,two_weeks,combo_1_2,10,-2452.976499999992,-567.5983399999981,-24529.76499999992,50029.10594999993,52788.30659999998,13007.486949999982,40.0
walk_forward_2024_2025,D1,two_weeks,fixed_0,36,-2753.836556944454,-553.5319694444447,-99138.11605000035,113278.68345000033,114669.68345000019,21474.092800000028,52.77777777777778
walk_forward_2024_2025,D1,two_weeks,fixed_0.01,36,-2836.3007194444453,-561.8918638888891,-102106.82590000003,116207.39329999997,117598.39329999982,21705.049000000035,52.77777777777778
walk_forward_2024_2025,D1,two_weeks,fixed_0.03,36,-2903.971225000015,-572.3582041666674,-104542.96410000054,118563.5315000005,119875.53150000038,21942.76235000004,52.77777777777778
walk_forward_2024_2025,D1,two_weeks,fixed_0.05,36,-2920.62701527778,-584.3240486111113,-105142.57255000008,119083.13994999998,120395.13994999987,22230.66160000002,52.77777777777778
walk_forward_2024_2025,D1,two_weeks,fixed_0.1,36,-2999.774045833336,-610.3290152777777,-107991.8656500001,123109.84985000006,124342.84984999993,22938.511000000013,50.0
walk_forward_2024_2025,D1,two_weeks,fixed_0.2,36,-2132.745559722226,-495.0634027777778,-76778.84015000013,101190.76955000003,108753.76954999998,20025.098700000006,44.44444444444444
walk_forward_2024_2025,D1,two_weeks,fixed_0.5,36,-2158.2777944444483,-585.9845888888889,-77698.00060000014,96704.84120000007,106450.28120000008,24084.263399999985,38.88888888888889
walk_forward_2024_2025,D1,two_weeks,price_0.0005,36,-2918.1270152777784,-584.6018263888891,-105052.57255000003,118993.13994999995,120305.13994999984,22250.661600000036,52.77777777777778
walk_forward_2024_2025,D1,two_weeks,price_0.001,36,-2429.8751625000095,-481.66218194444514,-87475.50585000035,102593.4900500003,103826.49005000017,18356.505000000026,47.22222222222222
walk_forward_2024_2025,D1,two_weeks,price_0.002,36,-2111.5900152777795,-488.93142499999965,-76017.24055000006,101753.2897499999,109837.28974999985,19904.7451,44.44444444444444
walk_forward_2024_2025,D1,two_weeks,price_0.005,36,-1990.8164763888858,-569.1399999999996,-71669.39314999989,94947.60749999982,105214.04749999984,23548.799399999963,38.88888888888889
walk_forward_2024_2025,D1,two_weeks,q_0.5,36,-2753.836556944454,-553.5319694444447,-99138.11605000035,113278.68345000033,114669.68345000019,21474.092800000028,52.77777777777778
walk_forward_2024_2025,D1,two_weeks,q_0.75,36,-2267.1568902777785,-682.6536680555553,-81617.64805000003,94852.55385,102192.25385000001,26768.53504999998,33.33333333333333
walk_forward_2024_2025,D1,two_weeks,q_0.9,36,-1917.4812888888878,-957.8240430555551,-69029.32639999996,73421.31239999994,76148.79239999995,37495.44854999997,13.88888888888889
walk_forward_2024_2025,D1,two_weeks,selected_atrD,36,-2658.8249180555545,-606.2815000000002,-95717.69704999996,120795.62119999982,129400.62119999979,24399.34450000002,47.22222222222222
walk_forward_2024_2025,D1,two_weeks,selected_atrH,36,-3339.04425694444,-652.778849999999,-120205.59324999983,132054.84259999977,133208.84259999965,24676.727049999987,47.22222222222222
walk_forward_2024_2025,D1,two_weeks,selected_combo,10,-2452.976499999992,-567.5983399999981,-24529.76499999992,50029.10594999993,52788.30659999998,13007.486949999982,40.0
walk_forward_2024_2025,D1,two_weeks,selected_fixed,36,-3108.6342041666703,-641.9260625000002,-111910.83135000014,122614.99375000014,128035.43375000011,25190.845100000024,44.44444444444444
walk_forward_2024_2025,D1,two_weeks,selected_price,36,-3025.763958333345,-601.9208638888898,-108927.50250000041,124045.4867000004,125278.48670000027,22685.81755000003,50.0
walk_forward_2024_2025,D1,two_weeks,selected_q,36,-1917.4812888888878,-957.8240430555551,-69029.32639999996,73421.31239999994,76148.79239999995,37495.44854999997,13.88888888888889
walk_forward_2024_2025,D1,week,atrD_0.025,60,-182.32320166668723,3.5091774999983842,-10939.392100001234,87354.27635000064,100189.58035000056,14287.550200000025,31.666666666666664
walk_forward_2024_2025,D1,week,atrD_0.05,60,-32.91457083334967,-3.2185091666683965,-1974.8742500009803,80169.71165000033,93005.01565000025,14420.312900000019,30.0
walk_forward_2024_2025,D1,week,atrD_0.1,60,-71.13536166668214,1.2705791666650195,-4268.121700000928,81597.21485000034,93064.71445000026,14878.794200000013,26.666666666666668
walk_forward_2024_2025,D1,week,atrD_0.25,60,-533.0690508333465,-46.27410416666827,-31984.143050000792,87425.82430000033,97525.51950000027,16324.865000000014,26.666666666666668
walk_forward_2024_2025,D1,week,atrH_0.1,60,-107.49982500002014,3.3792691666649604,-6449.989500001208,85574.34455000068,98409.6485500006,14315.344700000023,31.666666666666664
walk_forward_2024_2025,D1,week,atrH_0.25,60,-19.478546666676447,-7.845234166667952,-1168.7128000005869,80876.00335000007,92343.50295,14627.916400000002,30.0
walk_forward_2024_2025,D1,week,atrH_0.5,60,-405.63595166668,-10.959397500001284,-24338.1571000008,88365.30625000021,99832.80585000012,15494.56705,26.666666666666668
walk_forward_2024_2025,D1,week,atrH_1,60,-336.6219791666751,-21.83493083333406,-20197.318750000504,80295.95165000024,90395.64685000016,15601.821999999991,25.0
walk_forward_2024_2025,D1,week,combo_0.25_1,19,-33.10880000000505,-101.15204736842114,-629.0672000000959,46313.64215000013,51039.22175000007,11076.740799999998,31.57894736842105
walk_forward_2024_2025,D1,week,combo_0.5_2,19,-668.4797315789493,-138.51586578947334,-12701.114900000037,50616.30975000007,55341.88935000001,11786.653349999988,31.57894736842105
walk_forward_2024_2025,D1,week,combo_1_2,19,-494.62436578947353,-100.80874736842068,-9397.862949999997,44234.12690000003,48434.64209999998,11618.076449999982,26.31578947368421
walk_forward_2024_2025,D1,week,fixed_0,60,-12.72066000001308,15.8500133333318,-763.2396000007848,83788.63475000013,96623.93875000004,13844.719149999997,31.666666666666664
walk_forward_2024_2025,D1,week,fixed_0.01,60,-49.28375250000422,10.854948333332592,-2957.0251500002532,85831.10075000004,98666.40474999996,14055.344700000007,31.666666666666664
walk_forward_2024_2025,D1,week,fixed_0.03,60,-131.57658500001514,4.5459358333317486,-7894.595100000909,86952.61935000033,99787.92335000023,14255.344700000007,31.666666666666664
walk_forward_2024_2025,D1,week,fixed_0.05,60,-29.28607333335429,2.9294108333316102,-1757.1644000012575,81983.15915000057,94818.46315000049,14452.73870000001,30.0
walk_forward_2024_2025,D1,week,fixed_0.1,60,-158.01753166667973,-8.817240000001437,-9481.051900000784,81355.35860000034,92822.85820000025,14756.341650000015,28.333333333333332
walk_forward_2024_2025,D1,week,fixed_0.2,60,-376.35577833334713,-26.416260000001547,-22581.346700000828,87255.78265000027,97355.4778500002,15885.250700000004,26.666666666666668
walk_forward_2024_2025,D1,week,fixed_0.5,60,-749.1163775000101,-77.49507833333493,-44946.98265000061,82144.46450000015,88410.04665000006,17142.448999999986,25.0
walk_forward_2024_2025,D1,week,price_0.0005,60,-31.786073333355624,2.596077499998065,-1907.1644000013375,81983.15915000057,94818.46315000049,14452.73870000001,30.0
walk_forward_2024_2025,D1,week,price_0.001,60,-85.01884083334906,7.214841666665003,-5101.130450000944,82481.83310000031,93949.33270000023,14716.341650000011,26.666666666666668
walk_forward_2024_2025,D1,week,price_0.002,60,-362.1070941666842,-20.80549666666861,-21726.425650001052,86848.09500000047,97790.5302000004,15775.25070000002,26.666666666666668
walk_forward_2024_2025,D1,week,price_0.005,60,-669.3510866666802,-66.85023750000181,-40161.06520000081,77981.69950000031,86481.29290000028,16817.82050000001,25.0
walk_forward_2024_2025,D1,week,q_0.5,60,-12.72066000001308,15.8500133333318,-763.2396000007848,83788.63475000013,96623.93875000004,13844.719149999997,31.666666666666664
walk_forward_2024_2025,D1,week,q_0.75,60,-545.5735900000104,-54.72137583333467,-32734.415400000624,86356.55785000027,97298.99305000021,16454.374000000007,26.666666666666668
walk_forward_2024_2025,D1,week,q_0.9,60,-644.0936183333398,-199.22123916666834,-38645.61710000039,52623.21250000007,56406.78250000005,20129.266650000012,11.666666666666666
walk_forward_2024_2025,D1,week,selected_atrD,60,-470.35000416668214,-34.793865833334834,-28221.00025000093,87425.82430000033,97525.51950000027,16324.865000000014,30.0
walk_forward_2024_2025,D1,week,selected_atrH,60,-278.62196000001245,-13.94551000000119,-16717.317600000748,80295.95165000024,90395.64685000016,15601.821999999991,28.333333333333332
walk_forward_2024_2025,D1,week,selected_combo,19,-494.62436578947353,-100.80874736842068,-9397.862949999997,44234.12690000003,48434.64209999998,11618.076449999982,26.31578947368421
walk_forward_2024_2025,D1,week,selected_fixed,60,-453.1757625000128,-42.2011466666682,-27190.54575000077,80847.24110000019,88410.04665000006,17142.448999999986,28.333333333333332
walk_forward_2024_2025,D1,week,selected_price,60,-255.9411608333509,-32.78438166666855,-15356.469650001054,80640.34950000035,90422.36910000027,16162.926250000013,28.333333333333332
walk_forward_2024_2025,D1,week,selected_q,60,-481.9559125000086,-145.10706000000152,-28917.354750000515,52623.21250000007,56406.78250000005,20129.266650000012,15.0
walk_forward_2024_2025,H1,four_weeks,atrD_0.025,24,1278.7149833332746,248.96887708333202,30689.15959999859,42115.17395000122,47176.02895000111,1871.9565000000073,54.166666666666664
walk_forward_2024_2025,H1,four_weeks,atrD_0.05,24,1399.2002833333074,241.53187291666572,33580.80679999938,37943.02960000015,41928.62319999981,1931.9765000000093,50.0
walk_forward_2024_2025,H1,four_weeks,atrD_0.1,24,1105.2541666666536,232.71035416666643,26526.09999999969,42472.285750000185,46072.94654999991,2218.6526499999977,45.83333333333333
walk_forward_2024_2025,H1,four_weeks,atrD_0.25,24,2821.235002083307,453.2433354166662,67709.64004999936,35073.1672000001,39220.02639999996,2495.8310499999916,29.166666666666668
walk_forward_2024_2025,H1,four_weeks,atrH_0.1,24,1299.006158333294,248.13554374999887,31176.147799999057,42123.73785000043,47184.592850000336,1871.9565000000073,54.166666666666664
walk_forward_2024_2025,H1,four_weeks,atrH_0.25,24,1785.6937916666313,259.9381604166662,42856.650999999154,41192.547199999986,46164.4406000005,1961.9764999999966,45.83333333333333
walk_forward_2024_2025,H1,four_weeks,atrH_0.5,24,3257.750439583293,463.1195020833327,78186.01054999903,42355.59470000025,45690.122699999956,2345.024749999993,33.33333333333333
walk_forward_2024_2025,H1,four_weeks,atrH_1,24,1985.5885041666309,412.4305770833323,47654.12409999914,41133.17075000019,43790.23314999997,2845.807149999995,33.33333333333333
walk_forward_2024_2025,H1,four_weeks,combo_0.25_1,24,1785.6937916666313,259.9381604166662,42856.650999999154,41192.547199999986,46164.4406000005,1961.9764999999966,45.83333333333333
walk_forward_2024_2025,H1,four_weeks,combo_0.5_2,24,3257.750439583293,463.1195020833327,78186.01054999903,42355.59470000025,45690.122699999956,2345.024749999993,33.33333333333333
walk_forward_2024_2025,H1,four_weeks,combo_1_2,24,1985.5885041666309,412.4305770833323,47654.12409999914,41133.17075000019,43790.23314999997,2845.807149999995,33.33333333333333
walk_forward_2024_2025,H1,four_weeks,fixed_0,24,864.0045083332712,239.07247499999858,20736.10819999851,42371.43890000078,47938.37940000066,1816.020650000005,58.333333333333336
walk_forward_2024_2025,H1,four_weeks,fixed_0.01,24,758.887058333322,233.6421562500003,18213.28939999973,42494.29449999975,48061.23499999964,1821.956499999996,58.333333333333336
walk_forward_2024_2025,H1,four_weeks,fixed_0.03,24,1314.1437041666288,249.3855437499989,31539.44889999909,42078.87265000086,47139.72765000076,1841.9565000000064,54.166666666666664
walk_forward_2024_2025,H1,four_weeks,fixed_0.05,24,1295.560629166651,239.68067708333274,31093.455099999625,41981.963999999774,46585.569000000236,1861.9565000000023,50.0
walk_forward_2024_2025,H1,four_weeks,fixed_0.1,24,1958.0983145833043,248.65760416666626,46994.3595499993,42832.70085000007,46752.29444999977,2225.4588999999883,41.66666666666667
walk_forward_2024_2025,H1,four_weeks,fixed_0.2,24,2015.16324374998,259.7449333333325,48363.91784999952,41324.33385000008,44858.99464999985,2624.6225999999947,37.5
walk_forward_2024_2025,H1,four_weeks,fixed_0.5,24,3514.18720416665,496.71305208333234,84340.4928999996,18861.66374999994,22337.474149999834,2261.9965499999835,16.666666666666664
walk_forward_2024_2025,H1,four_weeks,price_0.0005,24,2123.940483333317,271.301697916666,50974.5715999996,41981.963999999774,46585.569000000236,1861.9565000000025,45.83333333333333
walk_forward_2024_2025,H1,four_weeks,price_0.001,24,1974.3306624999652,250.75823958333226,47383.93589999917,41881.020650000144,45813.81424999984,2185.0436499999964,41.66666666666667
walk_forward_2024_2025,H1,four_weeks,price_0.002,24,2131.9226124999777,266.76641458333256,51166.142699999466,42744.661899999985,46305.72269999974,2507.0264999999895,37.5
walk_forward_2024_2025,H1,four_weeks,price_0.005,24,3765.453883333312,505.49651874999876,90370.8931999995,18529.18294999996,22004.993349999844,2101.193349999987,16.666666666666664
walk_forward_2024_2025,H1,four_weeks,q_0.5,24,2320.843835416638,424.82016458333277,55700.25204999931,41355.51525000027,44331.51045000003,2657.0108999999975,33.33333333333333
walk_forward_2024_2025,H1,four_weeks,q_0.75,24,694.5087499999954,381.75761249999937,16668.20999999989,15353.520449999958,16190.930049999934,5623.958249999984,8.333333333333332
walk_forward_2024_2025,H1,four_weeks,q_0.9,24,-333.97476041666886,164.75123541666605,-8015.394250000053,16004.982050000022,16635.870850000014,8395.531699999981,4.166666666666666
walk_forward_2024_2025,H1,four_weeks,selected_atrD,24,2821.235002083307,453.2433354166662,67709.64004999936,35073.1672000001,39220.02639999996,2495.8310499999916,29.166666666666668
walk_forward_2024_2025,H1,four_weeks,selected_atrH,24,1985.5885041666309,412.4305770833323,47654.12409999914,41133.17075000019,43790.23314999997,2845.807149999995,33.33333333333333
walk_forward_2024_2025,H1,four_weeks,selected_combo,24,1985.5885041666309,412.4305770833323,47654.12409999914,41133.17075000019,43790.23314999997,2845.807149999995,33.33333333333333
walk_forward_2024_2025,H1,four_weeks,selected_fixed,24,3514.18720416665,496.71305208333234,84340.4928999996,18861.66374999994,22337.474149999834,2261.9965499999835,16.666666666666664
walk_forward_2024_2025,H1,four_weeks,selected_price,24,3765.453883333312,505.49651874999876,90370.8931999995,18529.18294999996,22004.993349999844,2101.193349999987,16.666666666666664
walk_forward_2024_2025,H1,four_weeks,selected_q,24,-333.97476041666886,164.75123541666605,-8015.394250000053,16004.982050000022,16635.870850000014,8395.531699999981,4.166666666666666
walk_forward_2024_2025,H1,intraday,atrD_0.025,96,-1100.7477744791736,-39.853891145833636,-105671.78635000066,137716.28194999995,143427.91684999934,5551.222549999966,30.208333333333332
walk_forward_2024_2025,H1,intraday,atrD_0.05,96,-1105.4035635416733,-46.10777656250025,-106118.74210000063,133209.8763000002,137112.39450000005,5922.960349999999,29.166666666666668
walk_forward_2024_2025,H1,intraday,atrD_0.1,96,-1024.2372218750058,-50.889282812500284,-98326.77330000055,117925.45380000013,119123.56579999995,6052.727800000003,25.0
walk_forward_2024_2025,H1,intraday,atrD_0.25,96,-426.5792916666689,-33.29257083333336,-40951.61200000021,59824.44240000014,64111.12734999992,4782.428199999976,14.583333333333334
walk_forward_2024_2025,H1,intraday,atrH_0.1,96,-1118.1226942708463,-38.992508854166985,-107339.77865000124,139400.91460000086,145454.84920000032,5478.991849999987,30.208333333333332
walk_forward_2024_2025,H1,intraday,atrH_0.25,96,-1073.6908609375175,-40.76897760416721,-103074.32265000168,127432.1589000016,131056.8058000014,5359.816150000017,27.083333333333332
walk_forward_2024_2025,H1,intraday,atrH_0.5,96,-813.519377604178,-44.12605312500052,-78097.86025000109,108708.90470000083,117233.31515000074,6350.164350000012,22.916666666666664
walk_forward_2024_2025,H1,intraday,atrH_1,96,-847.3673098958294,-58.257649999999785,-81347.26174999963,96703.42909999967,99971.92429999934,7107.276499999945,18.75
walk_forward_2024_2025,H1,intraday,combo_0.25_1,96,-1073.6908609375175,-40.76897760416721,-103074.32265000168,127432.1589000016,131056.8058000014,5359.816150000017,27.083333333333332
walk_forward_2024_2025,H1,intraday,combo_0.5_2,96,-813.519377604178,-44.12605312500052,-78097.86025000109,108708.90470000083,117233.31515000074,6350.164350000012,22.916666666666664
walk_forward_2024_2025,H1,intraday,combo_1_2,96,-847.3673098958294,-58.257649999999785,-81347.26174999963,96703.42909999967,99971.92429999934,7107.276499999945,18.75
walk_forward_2024_2025,H1,intraday,fixed_0,96,-1344.7155432291386,-40.37898697916634,-129092.69214999731,167717.28409999795,168957.3900499974,5704.667999999958,32.29166666666667
walk_forward_2024_2025,H1,intraday,fixed_0.01,96,-947.4674671874923,-32.17832708333339,-90956.87684999926,129027.98834999953,135672.10289999895,5045.0853500000285,30.208333333333332
walk_forward_2024_2025,H1,intraday,fixed_0.03,96,-1079.5661458333182,-38.182963020833085,-103638.34999999854,135753.67879999866,141753.69574999812,5360.813449999954,30.208333333333332
walk_forward_2024_2025,H1,intraday,fixed_0.05,96,-1086.3285843750143,-41.31425989583385,-104287.54410000137,131939.7701500008,136800.8424000004,5462.784049999996,29.166666666666668
walk_forward_2024_2025,H1,intraday,fixed_0.1,96,-1001.7721437500148,-49.403780208333764,-96170.12580000142,115270.91365000076,122118.1810500008,6179.6726,26.041666666666668
walk_forward_2024_2025,H1,intraday,fixed_0.2,96,-928.2272661458368,-55.234188541666676,-89109.81755000033,109805.06630000062,113165.59670000029,6848.405099999984,21.875
walk_forward_2024_2025,H1,intraday,fixed_0.5,96,-293.14471406249993,-28.58902552083332,-28141.892549999993,52158.76230000009,53959.1746,5246.290199999987,7.291666666666667
walk_forward_2024_2025,H1,intraday,price_0.0005,96,-1086.366625000026,-40.79342656250069,-104291.1960000025,131943.42205000194,136538.66760000167,5422.784050000018,29.166666666666668
walk_forward_2024_2025,H1,intraday,price_0.001,96,-995.5808177083387,-47.141449479166816,-95575.75850000052,114289.97359999995,121681.26504999987,5972.053049999977,26.041666666666668
walk_forward_2024_2025,H1,intraday,price_0.002,96,-1105.8222036458349,-59.110290625000054,-106158.93155000015,114869.4311999998,115519.35659999977,6581.988399999962,22.916666666666664
walk_forward_2024_2025,H1,intraday,price_0.005,96,-448.87222291666586,-44.29116770833324,-43091.733399999925,70367.74069999991,72713.67859999981,6797.34644999997,9.375
walk_forward_2024_2025,H1,intraday,q_0.5,96,-1344.7155432291386,-40.37898697916634,-129092.69214999731,167717.28409999795,168957.3900499974,5704.667999999958,32.29166666666667
walk_forward_2024_2025,H1,intraday,q_0.75,96,-858.9997885416738,-47.16077343750029,-82463.97970000068,109918.88870000084,116779.13380000053,6501.982050000002,22.916666666666664
walk_forward_2024_2025,H1,intraday,q_0.9,96,-223.52886302083598,-11.031421875000069,-21458.770850000255,45275.20985000019,47450.76364999997,4092.0021499999857,8.333333333333332
walk_forward_2024_2025,H1,intraday,selected_atrD,96,-994.6562213541662,-47.71297812499997,-95486.99724999996,114359.82764999982,118646.51259999961,6166.787299999969,22.916666666666664
walk_forward_2024_2025,H1,intraday,selected_atrH,96,-1011.312215625008,-49.64204427083373,-97085.97270000077,116623.63320000088,120825.04995000054,6280.178350000004,23.958333333333336
walk_forward_2024_2025,H1,intraday,selected_combo,96,-983.4047588541765,-52.65839583333379,-94406.85685000094,113944.51735000106,118145.93410000071,6569.74810000001,22.916666666666664
walk_forward_2024_2025,H1,intraday,selected_fixed,96,-293.14471406249993,-28.58902552083332,-28141.892549999993,52158.76230000009,53959.1746,5246.290199999987,7.291666666666667
walk_forward_2024_2025,H1,intraday,selected_price,96,-448.87222291666586,-44.29116770833324,-43091.733399999925,70367.74069999991,72713.67859999981,6797.34644999997,9.375
walk_forward_2024_2025,H1,intraday,selected_q,96,-223.52886302083598,-11.031421875000069,-21458.770850000255,45275.20985000019,47450.76364999997,4092.0021499999857,8.333333333333332
walk_forward_2024_2025,H1,two_weeks,atrD_0.025,48,770.3927843750204,176.58022812500045,36978.85365000098,83366.83695000011,83366.83695000011,4319.42259999998,52.083333333333336
walk_forward_2024_2025,H1,two_weeks,atrD_0.05,48,828.9877197916744,187.91303020833357,39791.41055000037,83027.20065000093,83027.20065000093,4457.56309999997,50.0
walk_forward_2024_2025,H1,two_weeks,atrD_0.1,48,1075.3688135416592,231.18869166666616,51617.70304999964,71656.38820000071,71656.38820000071,4660.64239999998,45.83333333333333
walk_forward_2024_2025,H1,two_weeks,atrD_0.25,48,-59.39575000000385,170.5371031249999,-2850.9960000001847,60505.501100000336,60885.85535000038,5549.715699999987,43.75
walk_forward_2024_2025,H1,two_weeks,atrH_0.1,48,759.9075156250248,175.53856145833387,36475.56075000119,83948.90639999992,83948.90639999992,4329.422599999971,52.083333333333336
walk_forward_2024_2025,H1,two_weeks,atrH_0.25,48,682.3880031250136,179.53465000000025,32754.62415000065,83568.6283000007,83568.6283000007,4519.736399999978,50.0
walk_forward_2024_2025,H1,two_weeks,atrH_0.5,48,655.9040406249984,209.2091760416666,31483.393949999925,75622.46320000043,75622.46320000043,4939.411450000004,45.83333333333333
walk_forward_2024_2025,H1,two_weeks,atrH_1,48,-568.6936468750057,134.04687395833318,-27297.295050000273,81338.89440000063,81338.89440000063,6456.174300000034,45.83333333333333
walk_forward_2024_2025,H1,two_weeks,combo_0.25_1,48,682.3880031250136,179.53465000000025,32754.62415000065,83568.6283000007,83568.6283000007,4519.736399999978,50.0
walk_forward_2024_2025,H1,two_weeks,combo_0.5_2,48,655.9040406249984,209.2091760416666,31483.393949999925,75622.46320000043,75622.46320000043,4939.411450000004,45.83333333333333
walk_forward_2024_2025,H1,two_weeks,combo_1_2,48,-568.6936468750057,134.04687395833318,-27297.295050000273,81338.89440000063,81338.89440000063,6456.174300000034,45.83333333333333
walk_forward_2024_2025,H1,two_weeks,fixed_0,48,-396.0640500000013,111.96566874999978,-19011.074400000063,92356.43020000111,95497.37020000097,4526.719650000026,58.333333333333336
walk_forward_2024_2025,H1,two_weeks,fixed_0.01,48,133.95426041668642,141.31483229166682,6429.804500000948,93119.42050000082,96260.3605000007,4656.324300000021,56.25
walk_forward_2024_2025,H1,two_weeks,fixed_0.03,48,882.3410739583478,177.24399479166706,42352.371550000695,82973.24650000043,82973.24650000043,4357.563099999976,52.083333333333336
walk_forward_2024_2025,H1,two_weeks,fixed_0.05,48,487.7855000000116,164.72944375,23413.704000000558,88239.16375000062,88239.16375000062,4477.56309999998,52.083333333333336
walk_forward_2024_2025,H1,two_weeks,fixed_0.1,48,402.04482604168624,149.55998229166735,19298.15165000094,72319.91905000026,72319.91905000026,4741.584049999978,50.0
walk_forward_2024_2025,H1,two_weeks,fixed_0.2,48,421.56368958333627,175.97267499999998,20235.05710000014,79238.63235000057,79238.63235000057,5508.7578999999805,45.83333333333333
walk_forward_2024_2025,H1,two_weeks,fixed_0.5,48,610.0199093749935,171.70486562499946,29280.95564999969,54566.60960000004,56211.81679999997,6316.740049999997,35.41666666666667
walk_forward_2024_2025,H1,two_weeks,price_0.0005,48,587.0669708333484,167.88759062500034,28179.214600000723,83244.75480000077,83244.75480000077,4477.56309999998,52.083333333333336
walk_forward_2024_2025,H1,two_weeks,price_0.001,48,421.9426802083408,153.10930000000013,20253.248650000358,71751.73685000048,71751.73685000048,4711.584049999962,50.0
walk_forward_2024_2025,H1,two_weeks,price_0.002,48,606.4285489583485,190.30749479166718,29108.57035000073,77937.12805000032,77937.12805000032,5406.937099999973,45.83333333333333
walk_forward_2024_2025,H1,two_weeks,price_0.005,48,393.2902520833342,164.63755625000013,18877.932100000042,68346.3447500001,68346.3447500001,6378.773250000014,37.5
walk_forward_2024_2025,H1,two_weeks,q_0.5,48,-124.58204062499173,166.3272531250005,-5979.937949999603,79283.1059500003,79283.1059500003,5556.143800000018,45.83333333333333
walk_forward_2024_2025,H1,two_weeks,q_0.75,48,-44.36225625000012,118.64892916666663,-2129.388300000006,53034.94140000002,53766.144599999985,14240.691299999995,18.75
walk_forward_2024_2025,H1,two_weeks,q_0.9,48,107.28530208333359,143.30823125000003,5149.694500000012,14949.057099999985,16845.271549999994,11793.906949999999,4.166666666666666
walk_forward_2024_2025,H1,two_weeks,selected_atrD,48,-59.39575000000385,170.5371031249999,-2850.9960000001847,60505.501100000336,60885.85535000038,5549.715699999987,43.75
walk_forward_2024_2025,H1,two_weeks,selected_atrH,48,-568.6936468750057,134.04687395833318,-27297.295050000273,81338.89440000063,81338.89440000063,6456.174300000034,45.83333333333333
walk_forward_2024_2025,H1,two_weeks,selected_combo,48,-568.6936468750057,134.04687395833318,-27297.295050000273,81338.89440000063,81338.89440000063,6456.174300000034,45.83333333333333
walk_forward_2024_2025,H1,two_weeks,selected_fixed,48,610.0199093749935,171.70486562499946,29280.95564999969,54566.60960000004,56211.81679999997,6316.740049999997,35.41666666666667
walk_forward_2024_2025,H1,two_weeks,selected_price,48,393.2902520833342,164.63755625000013,18877.932100000042,68346.3447500001,68346.3447500001,6378.773250000014,37.5
walk_forward_2024_2025,H1,two_weeks,selected_q,48,107.28530208333359,143.30823125000003,5149.694500000012,14949.057099999985,16845.271549999994,11793.906949999999,4.166666666666666
walk_forward_2024_2025,H1,week,atrD_0.025,94,-1089.483055851037,25.092081914894738,-102411.40724999749,169736.698099998,170017.71049999772,6900.348199999969,60.63829787234043
walk_forward_2024_2025,H1,week,atrD_0.05,94,-1114.2079547872174,11.79991968085188,-104735.54774999844,179085.6100999991,180354.82149999886,7832.95224999998,58.51063829787234
walk_forward_2024_2025,H1,week,atrD_0.1,94,-1431.6110994680594,-18.241790957445673,-134571.44334999757,178681.28919999892,178681.28919999892,9488.832249999989,57.446808510638306
walk_forward_2024_2025,H1,week,atrD_0.25,94,-444.05842553189615,-1.9519824468069313,-41741.49199999824,85735.91484999991,93567.03214999971,8697.360499999988,44.680851063829785
walk_forward_2024_2025,H1,week,atrH_0.1,94,-1108.2770159574286,25.93397393617092,-104178.0394999983,171128.89429999865,171596.0610999982,6832.688749999987,60.63829787234043
walk_forward_2024_2025,H1,week,atrH_0.25,94,-1308.397509042533,6.182392021277658,-122989.36584999811,181923.2994499998,183438.66524999938,8069.351449999992,58.51063829787234
walk_forward_2024_2025,H1,week,atrH_0.5,94,-1316.8934638297576,-7.983431382977222,-123787.9855999972,147676.08959999934,150782.31834999978,8202.898100000011,55.319148936170215
walk_forward_2024_2025,H1,week,atrH_1,94,-923.1692207446723,-5.5104292553183205,-86777.9067499992,127908.55995000049,136422.61500000017,9996.153550000026,45.744680851063826
walk_forward_2024_2025,H1,week,combo_0.25_1,94,-1308.397509042533,6.182392021277658,-122989.36584999811,181923.2994499998,183438.66524999938,8069.351449999992,58.51063829787234
walk_forward_2024_2025,H1,week,combo_0.5_2,94,-1316.8934638297576,-7.983431382977222,-123787.9855999972,147676.08959999934,150782.31834999978,8202.898100000011,55.319148936170215
walk_forward_2024_2025,H1,week,combo_1_2,94,-923.1692207446723,-5.5104292553183205,-86777.9067499992,127908.55995000049,136422.61500000017,9996.153550000026,45.744680851063826
walk_forward_2024_2025,H1,week,fixed_0,94,-1943.4277090425335,0.7873808510643698,-182682.20464999814,203130.55064999865,204844.55164999858,7807.412150000025,68.08510638297872
walk_forward_2024_2025,H1,week,fixed_0.01,94,-1724.4699813829407,11.975454787235362,-162100.17824999642,207067.6118499995,208745.01884999924,8180.61359999999,67.02127659574468
walk_forward_2024_2025,H1,week,fixed_0.03,94,-1060.4391691489088,27.74739308510737,-99681.28189999744,168757.7633499987,169224.93014999822,6700.748949999981,60.63829787234043
walk_forward_2024_2025,H1,week,fixed_0.05,94,-1151.9590170212734,17.59768723404309,-108284.1475999997,176789.00424999942,178530.52444999927,7288.0420999999915,59.57446808510638
walk_forward_2024_2025,H1,week,fixed_0.1,94,-1542.6980765957164,-10.024467553190172,-145013.61919999734,192331.13109999892,192741.87929999875,8802.110749999978,58.51063829787234
walk_forward_2024_2025,H1,week,fixed_0.2,94,-1244.8839696808286,-25.045331382977313,-117019.09314999789,144040.6772999979,145312.31729999793,8732.658699999942,52.12765957446809
walk_forward_2024_2025,H1,week,fixed_0.5,94,-753.6725632978671,-43.876236170212,-70845.22094999951,96892.35904999985,103217.51524999984,9437.577800000026,37.234042553191486
walk_forward_2024_2025,H1,week,price_0.0005,94,-1142.9857803191478,18.09986117021328,-107440.6633499999,174875.67235000004,176391.03814999963,7210.837750000007,59.57446808510638
walk_forward_2024_2025,H1,week,price_0.001,94,-1419.3755122340174,-4.798491489360384,-133421.29814999763,187984.8351499988,188655.58334999875,8452.544899999955,58.51063829787234
walk_forward_2024_2025,H1,week,price_0.002,94,-1569.1166946808314,-37.69002499999878,-147496.96929999816,165678.0756999983,166228.16829999833,9630.670649999956,54.25531914893617
walk_forward_2024_2025,H1,week,price_0.005,94,-768.2589739361573,-39.27818670212631,-72216.34354999878,104265.65289999923,110860.75849999924,9924.304849999971,40.42553191489361
walk_forward_2024_2025,H1,week,q_0.5,94,-1714.4061436170084,-34.36716542553118,-161154.1774999988,180107.33249999874,180657.42509999877,9533.763799999995,55.319148936170215
walk_forward_2024_2025,H1,week,q_0.75,94,-1032.1446920212732,-90.96857712765876,-97021.60104999968,119815.66214999967,124267.35574999967,13049.82604999993,27.659574468085108
walk_forward_2024_2025,H1,week,q_0.9,94,-1049.1358510638277,-246.8936271276586,-98618.7699999998,107363.81879999979,112391.33269999978,28034.550749999904,14.893617021276595
walk_forward_2024_2025,H1,week,selected_atrD,94,-444.05842553189615,-1.9519824468069313,-41741.49199999824,85735.91484999991,93567.03214999971,8697.360499999988,44.680851063829785
walk_forward_2024_2025,H1,week,selected_atrH,94,-923.1692207446723,-5.5104292553183205,-86777.9067499992,127908.55995000049,136422.61500000017,9996.153550000026,45.744680851063826
walk_forward_2024_2025,H1,week,selected_combo,94,-923.1692207446723,-5.5104292553183205,-86777.9067499992,127908.55995000049,136422.61500000017,9996.153550000026,45.744680851063826
walk_forward_2024_2025,H1,week,selected_fixed,94,-753.6725632978671,-43.876236170212,-70845.22094999951,96892.35904999985,103217.51524999984,9437.577800000026,37.234042553191486
walk_forward_2024_2025,H1,week,selected_price,94,-768.2589739361573,-39.27818670212631,-72216.34354999878,104265.65289999923,110860.75849999924,9924.304849999971,40.42553191489361
walk_forward_2024_2025,H1,week,selected_q,94,-1049.1358510638277,-246.8936271276586,-98618.7699999998,107363.81879999979,112391.33269999978,28034.550749999904,14.893617021276595
final_2026,D1,four_weeks,atrD_0.025,8,2980.9559125000133,335.4759812500026,23847.647300000106,16105.247499999903,28733.397499999937,7347.697199999999,37.5
final_2026,D1,four_weeks,atrD_0.05,8,2932.2063812500096,322.9760750000015,23457.651050000077,16255.24374999991,28883.393749999945,7417.697200000006,37.5
final_2026,D1,four_weeks,atrD_0.1,8,2452.7374750000076,297.8321687500012,19621.89980000006,16560.98049999992,29189.130499999956,7557.701100000006,37.5
final_2026,D1,four_weeks,atrD_0.25,8,1342.4647937500133,231.96291250000274,10739.718350000107,16923.421249999905,28054.94124999994,7925.818999999998,37.5
final_2026,D1,four_weeks,atrH_0.1,8,2987.2068687500114,337.9762375000022,23897.65495000009,16155.243749999929,28783.393749999963,7317.695899999997,37.5
final_2026,D1,four_weeks,atrH_0.25,8,2545.23106250001,322.83108125000143,20361.84850000008,16361.04349999989,28989.193499999925,7397.6972000000105,37.5
final_2026,D1,four_weeks,atrH_0.5,8,2434.4705375000085,295.4287812500017,19475.764300000068,16757.11599999995,29385.265999999985,7537.701099999997,37.5
final_2026,D1,four_weeks,atrH_1,8,2189.54449375001,239.3590687500021,17516.35595000008,16515.814399999974,26631.667599999975,7826.269199999995,37.5
final_2026,D1,four_weeks,combo_0.25_1,3,11915.312216666664,2345.793549999999,35745.93664999999,838.5501000000077,10056.839999999967,3352.2799999999897,0.0
final_2026,D1,four_weeks,combo_0.5_2,3,11915.312216666664,2345.793549999999,35745.93664999999,838.5501000000077,10056.839999999967,3352.2799999999897,0.0
final_2026,D1,four_weeks,combo_1_2,3,10663.085816666666,2345.793549999999,31989.257449999997,838.5501000000077,10056.839999999971,3352.2799999999897,0.0
final_2026,D1,four_weeks,fixed_0,8,3038.6912562500156,350.5228312500031,24309.530050000125,15955.2549999999,28583.404999999933,7257.320899999995,37.5
final_2026,D1,four_weeks,fixed_0.01,8,3024.0197687500086,346.8670062500012,24192.15815000007,16005.247499999925,28633.39749999996,7276.569000000005,37.5
final_2026,D1,four_weeks,fixed_0.03,8,2993.4564000000146,339.2261437500028,23947.651200000117,16105.247499999903,28733.397499999937,7317.695899999997,37.5
final_2026,D1,four_weeks,fixed_0.05,8,2963.4563812500046,331.72607500000066,23707.651050000037,16205.243749999954,28833.39374999999,7357.697200000004,37.5
final_2026,D1,four_weeks,fixed_0.1,8,2506.481062500003,312.8310812499999,20051.848500000026,16461.043499999938,29089.193499999972,7457.697200000012,37.5
final_2026,D1,four_weeks,fixed_0.2,8,1933.6253812500122,286.9644562500021,15469.003050000098,16953.237499999916,29581.38749999995,7566.1914,37.5
final_2026,D1,four_weeks,fixed_0.5,8,1352.4318000000126,172.66489375000333,10819.4544000001,15882.533399999978,24868.13279999995,8179.832199999992,37.5
final_2026,D1,four_weeks,price_0.0005,8,2978.456868750007,335.4762375000008,23827.654950000055,16155.243749999929,28783.393749999963,7337.695900000007,37.5
final_2026,D1,four_weeks,price_0.001,8,2536.481062500018,320.3310812500037,20291.848500000146,16361.04349999989,28989.193499999925,7417.697199999992,37.5
final_2026,D1,four_weeks,price_0.002,8,1952.7554375000086,291.77123125000156,15622.043500000069,16757.11599999995,29385.265999999985,7566.961499999997,37.5
final_2026,D1,four_weeks,price_0.005,8,1239.2787187500107,205.0645750000026,9914.229750000086,17192.370049999972,27308.223249999974,8021.787749999993,37.5
final_2026,D1,four_weeks,q_0.5,8,3014.706400000009,344.2261437500017,24117.651200000073,16005.247499999925,28633.39749999996,7297.695900000001,37.5
final_2026,D1,four_weeks,q_0.75,8,196.4461750000022,-428.62826874999973,1571.5694000000176,13001.413700000014,18772.722500000014,12076.170700000013,25.0
final_2026,D1,four_weeks,q_0.9,8,-564.992987499998,-308.3619124999989,-4519.943899999984,4605.4099999999835,8808.427199999987,11114.039850000006,0.0
final_2026,D1,four_weeks,selected_atrD,8,2452.7374750000076,297.8321687500012,19621.89980000006,16560.98049999992,29189.130499999956,7557.701100000006,37.5
final_2026,D1,four_weeks,selected_atrH,8,2434.4705375000085,295.4287812500017,19475.764300000068,16757.11599999995,29385.265999999985,7537.701099999997,37.5
final_2026,D1,four_weeks,selected_combo,3,11915.312216666664,2345.793549999999,35745.93664999999,838.5501000000077,10056.839999999967,3352.2799999999897,0.0
final_2026,D1,four_weeks,selected_fixed,8,2963.4563812500046,331.72607500000066,23707.651050000037,16205.243749999954,28833.39374999999,7357.697200000004,37.5
final_2026,D1,four_weeks,selected_price,8,2536.481062500018,320.3310812500037,20291.848500000146,16361.04349999989,28989.193499999925,7417.697199999992,37.5
final_2026,D1,four_weeks,selected_q,8,-564.992987499998,-308.3619124999989,-4519.943899999984,4605.4099999999835,8808.427199999987,11114.039850000006,0.0
final_2026,D1,intraday,atrD_0.025,50,85.76144699998842,30.004437999998963,4288.072349999421,26660.68790000006,29955.68790000017,2292.741600000024,6.0
final_2026,D1,intraday,atrD_0.05,50,64.82072299999204,28.5876539999991,3241.036149999602,25166.166249999973,28412.166250000082,2312.74160000002,6.0
final_2026,D1,intraday,atrD_0.1,50,26.63220599998941,26.4427349999989,1331.6102999994705,24677.198400000103,27554.198400000198,2352.741600000026,6.0
final_2026,D1,intraday,atrD_0.25,50,348.7939519999994,42.023069999999386,17439.69759999997,22492.904699999865,24902.90469999994,2491.5647000000126,2.0
final_2026,D1,intraday,atrH_0.1,50,97.6018439999836,30.427533999998886,4880.09219999918,26796.187099999937,30140.187100000054,2281.5868000000187,6.0
final_2026,D1,intraday,atrH_0.25,50,65.63745399998493,28.78765399999892,3281.8726999992464,25475.241349999862,28499.241349999967,2302.741600000015,6.0
final_2026,D1,intraday,atrH_0.5,50,53.02768699998966,26.651176999999006,2651.384349999483,24991.371300000006,27646.3713000001,2342.741600000021,6.0
final_2026,D1,intraday,atrH_1,50,229.45015399999892,34.166411999999376,11472.507699999946,23042.55209999989,25279.55209999997,2412.7376000000145,4.0
final_2026,D1,intraday,combo_0.25_1,16,144.13381562497776,18.681737499998484,2306.141049999644,12396.337050000258,12945.657000000316,1713.0619000000108,6.25
final_2026,D1,intraday,combo_0.5_2,16,134.54718749999267,14.38040624999891,2152.754999999883,11892.309700000027,12441.629650000083,1713.0619000000108,6.25
final_2026,D1,intraday,combo_1_2,16,863.1927374999962,49.427959374999055,13811.083799999938,5745.307250000071,7327.330900000163,1713.0619000000106,0.0
final_2026,D1,intraday,fixed_0,50,134.33816699999565,31.627533999999216,6716.908349999782,26863.90870000003,30256.90870000015,2261.586800000023,6.0
final_2026,D1,intraday,fixed_0.01,50,121.91439499999304,31.027533999999186,6095.719749999652,26279.69589999981,29623.695899999926,2271.5868000000137,6.0
final_2026,D1,intraday,fixed_0.03,50,86.20248699999372,29.804437999999145,4310.124349999686,26660.68790000006,29955.68790000017,2292.741600000024,6.0
final_2026,D1,intraday,fixed_0.05,50,54.446984999983044,28.58765399999882,2722.349249999152,25723.951949999966,28969.951950000075,2312.74160000002,6.0
final_2026,D1,intraday,fixed_0.1,50,61.32488999998898,26.05117699999898,3066.244499999449,24661.665699999925,27809.665700000027,2362.741600000017,6.0
final_2026,D1,intraday,fixed_0.2,50,414.57606299999503,42.61524999999913,20728.803149999752,24255.21075000007,26972.27365000004,2461.955700000026,2.0
final_2026,D1,intraday,fixed_0.5,50,292.71408999999784,42.40756999999931,14635.70449999989,17254.391499999954,19518.21819999993,2472.339700000017,0.0
final_2026,D1,intraday,price_0.0005,50,63.362948999988845,28.98765399999902,3168.1474499994424,26584.85224999984,29879.852249999953,2302.741600000015,6.0
final_2026,D1,intraday,price_0.001,50,58.89071499999599,27.152686999999204,2944.5357499997995,24918.482999999993,28115.483000000095,2342.741600000021,6.0
final_2026,D1,intraday,price_0.002,50,-43.51644100000836,22.351194999999034,-2175.822050000418,24818.137899999958,27597.13790000005,2422.7376000000195,6.0
final_2026,D1,intraday,price_0.005,50,343.2399639999978,42.40756999999931,17161.998199999893,18980.11979999995,21243.946499999925,2472.339700000017,0.0
final_2026,D1,intraday,q_0.5,50,134.33816699999565,31.627533999999216,6716.908349999782,26863.90870000003,30256.90870000015,2261.586800000023,6.0
final_2026,D1,intraday,q_0.75,50,134.33816699999565,31.627533999999216,6716.908349999782,26863.90870000003,30256.90870000015,2261.586800000023,6.0
final_2026,D1,intraday,q_0.9,50,134.33816699999565,31.627533999999216,6716.908349999782,26863.90870000003,30256.90870000015,2261.586800000023,6.0
final_2026,D1,intraday,selected_atrD,50,64.82072299999204,28.5876539999991,3241.036149999602,25166.166249999973,28412.166250000082,2312.74160000002,6.0
final_2026,D1,intraday,selected_atrH,50,97.6018439999836,30.427533999998886,4880.09219999918,26796.187099999937,30140.187100000054,2281.5868000000187,6.0
final_2026,D1,intraday,selected_combo,16,134.54718749999267,14.38040624999891,2152.754999999883,11892.309700000027,12441.629650000083,1713.0619000000108,6.25
final_2026,D1,intraday,selected_fixed,50,121.91439499999304,31.027533999999186,6095.719749999652,26279.69589999981,29623.695899999926,2271.5868000000137,6.0
final_2026,D1,intraday,selected_price,50,63.362948999988845,28.98765399999902,3168.1474499994424,26584.85224999984,29879.852249999953,2302.741600000015,6.0
final_2026,D1,intraday,selected_q,50,134.33816699999565,31.627533999999216,6716.908349999782,26863.90870000003,30256.90870000015,2261.586800000023,6.0
final_2026,D1,two_weeks,atrD_0.025,15,-1415.7254466666882,-85.95291666666716,-21235.881700000322,41285.02900000014,47434.16025000021,5913.686000000015,53.333333333333336
final_2026,D1,two_weeks,atrD_0.05,15,-1492.0196133333445,-100.59264666666613,-22380.294200000168,41902.45744999994,48051.588700000015,6043.281949999997,53.333333333333336
final_2026,D1,two_weeks,atrD_0.1,15,-1625.531773333349,-126.3553266666669,-24382.976600000235,41322.839850000164,47471.971100000235,6302.476200000016,53.333333333333336
final_2026,D1,two_weeks,atrD_0.25,15,-1245.132399999998,-163.75757999999917,-18676.985999999968,41505.45149999996,47453.756500000025,7089.736000000008,46.666666666666664
final_2026,D1,two_weeks,atrH_0.1,15,-1393.1347933333686,-83.87593000000042,-20897.02190000053,41420.52820000002,47569.659450000094,5902.53120000001,53.333333333333336
final_2026,D1,two_weeks,atrH_0.25,15,-1469.3023166666926,-101.12539999999987,-22039.534750000388,41639.966499999864,47789.097749999935,6071.2732499999975,53.333333333333336
final_2026,D1,two_weeks,atrH_0.5,15,-1635.3226166666898,-131.1556633333331,-24529.839250000347,41470.72505000003,47619.8563000001,6394.481250000005,53.333333333333336
final_2026,D1,two_weeks,atrH_1,15,-1064.0625333333408,-149.27150666666685,-15960.938000000113,43275.64255000002,48395.77380000008,7012.10005000001,46.666666666666664
final_2026,D1,two_weeks,combo_0.25_1,5,3674.5205499999297,1071.535929999996,18372.60274999965,13752.757000000252,14710.145700000281,3040.9999999999927,40.0
final_2026,D1,two_weeks,combo_0.5_2,5,3270.8467499999833,1047.7716699999978,16354.233749999916,14338.699099999998,14794.495100000018,3040.9999999999936,40.0
final_2026,D1,two_weeks,combo_1_2,5,5753.64110999998,1140.0084899999965,28768.205549999897,9850.810500000036,12722.648850000027,3040.9999999999936,20.0
final_2026,D1,two_weeks,fixed_0,15,-1287.1006166666891,-69.87593000000085,-19306.509250000337,41350.112200000185,47499.24345000026,5752.5312000000185,53.333333333333336
final_2026,D1,two_weeks,fixed_0.01,15,-1311.0309766666874,-74.5425966666671,-19665.46465000031,41094.7085999999,47243.839849999975,5802.531200000002,53.333333333333336
final_2026,D1,two_weeks,fixed_0.03,15,-1408.3921133333508,-85.2862500000002,-21125.881700000264,41175.02900000009,47324.16025000016,5903.68600000001,53.333333333333336
final_2026,D1,two_weeks,fixed_0.05,15,-1494.5112766667105,-95.92598000000089,-22417.669150000656,41452.45745000019,47601.58870000026,6003.281950000019,53.333333333333336
final_2026,D1,two_weeks,fixed_0.1,15,-1495.1665100000284,-120.94179666666696,-22427.497650000427,40900.810350000014,47049.941600000086,6251.273250000005,53.333333333333336
final_2026,D1,two_weeks,fixed_0.2,15,-966.0914533333416,-131.94269666666654,-14491.371800000124,43287.054050000035,49436.18530000011,6751.805600000005,46.666666666666664
final_2026,D1,two_weeks,fixed_0.5,15,-1930.1531366666736,-322.0784233333336,-28952.297050000103,45030.76655000009,49950.071550000146,8704.256200000022,46.666666666666664
final_2026,D1,two_weeks,price_0.0005,15,-1520.798146666691,-91.9529166666674,-22811.972200000368,41945.02900000004,48094.16025000011,5963.686000000012,53.333333333333336
final_2026,D1,two_weeks,price_0.001,15,-1540.429660000002,-111.27009666666605,-23106.44490000003,41899.14319999995,48048.27445000002,6161.273250000001,53.333333333333336
final_2026,D1,two_weeks,price_0.002,15,-1895.4584366666948,-152.65542666666767,-28431.876550000423,44176.82280000004,50325.95405000011,6562.098000000006,53.333333333333336
final_2026,D1,two_weeks,price_0.005,15,-1847.9062500000116,-242.51757666666714,-27718.593750000175,43467.09360000012,48386.398600000175,7721.642950000018,46.666666666666664
final_2026,D1,two_weeks,q_0.5,15,-1287.1006166666891,-69.87593000000085,-19306.509250000337,41350.112200000185,47499.24345000026,5752.5312000000185,53.333333333333336
final_2026,D1,two_weeks,q_0.75,15,-1814.763099999997,-357.89970666666557,-27221.446499999955,33464.517599999934,37153.99634999998,8432.348949999996,40.0
final_2026,D1,two_weeks,q_0.9,15,-1475.761533333337,-613.2278833333344,-22136.423000000053,27867.967600000033,29097.793850000045,15358.215050000017,13.333333333333334
final_2026,D1,two_weeks,selected_atrD,15,-1625.531773333349,-126.3553266666669,-24382.976600000235,41322.839850000164,47471.971100000235,6302.476200000016,53.333333333333336
final_2026,D1,two_weeks,selected_atrH,15,-1393.1347933333686,-83.87593000000042,-20897.02190000053,41420.52820000002,47569.659450000094,5902.53120000001,53.333333333333336
final_2026,D1,two_weeks,selected_combo,5,3674.5205499999297,1071.535929999996,18372.60274999965,13752.757000000252,14710.145700000281,3040.9999999999927,40.0
final_2026,D1,two_weeks,selected_fixed,15,-1287.1006166666891,-69.87593000000085,-19306.509250000337,41350.112200000185,47499.24345000026,5752.5312000000185,53.333333333333336
final_2026,D1,two_weeks,selected_price,15,-1540.429660000002,-111.27009666666605,-23106.44490000003,41899.14319999995,48048.27445000002,6161.273250000001,53.333333333333336
final_2026,D1,two_weeks,selected_q,15,-1475.761533333337,-613.2278833333344,-22136.423000000053,27867.967600000033,29097.793850000045,15358.215050000017,13.333333333333334
final_2026,D1,week,atrD_0.025,23,1086.117554347806,74.56609999999873,24980.70374999954,27936.47399999998,39582.47400000014,5053.6848000000045,26.08695652173913
final_2026,D1,week,atrD_0.05,23,860.3561413043345,69.74729999999877,19788.191249999694,28093.25959999995,39739.259600000114,5093.684800000011,26.08695652173913
final_2026,D1,week,atrD_0.1,23,724.3026043478056,58.99747608695484,16658.95989999953,27265.71040000006,38320.710400000215,5183.684800000015,26.08695652173913
final_2026,D1,week,atrD_0.25,23,1399.7367086956535,86.81296956521666,32193.944300000032,26966.072399999848,37430.07239999999,5472.507900000006,17.391304347826086
final_2026,D1,week,atrH_0.1,23,1073.1191978260574,75.48587391304201,24681.74154999932,28071.97319999986,39717.97320000002,5042.53,26.08695652173913
final_2026,D1,week,atrH_0.25,23,844.5467130434474,68.44295217391114,19424.574399999292,28406.47399999981,39461.47399999996,5103.684800000002,26.08695652173913
final_2026,D1,week,atrH_0.5,23,821.8146717391108,55.9723499999986,18901.73744999955,27698.924799999968,38753.92480000012,5203.68480000001,26.08695652173913
final_2026,D1,week,atrH_1,23,970.5801869565216,55.56908695652096,22323.344299999997,26199.859599999825,35634.85959999995,5403.680799999999,21.73913043478261
final_2026,D1,week,combo_0.25_1,9,5266.8990611110385,604.9647222222173,47402.09154999934,14127.874100000277,18938.373900000355,3429.7739999999976,11.11111111111111
final_2026,D1,week,combo_0.5_2,9,4921.536972222178,597.317911111107,44293.8327499996,14213.816200000052,18517.94760000012,3429.7739999999994,11.11111111111111
final_2026,D1,week,combo_1_2,9,5558.155749999967,659.6246722222184,50023.401749999706,6486.722399999974,12844.93140000006,3429.7739999999994,0.0
final_2026,D1,week,fixed_0,23,1249.3159978260803,83.38602391304231,28734.267949999845,27784.032800000037,39430.0328000002,4992.530000000017,26.08695652173913
final_2026,D1,week,fixed_0.01,23,1176.9828543478125,80.77732826086829,27070.605649999685,27711.97319999976,39357.97319999992,5012.529999999999,26.08695652173913
final_2026,D1,week,fixed_0.03,23,1087.0763369565132,74.13131739130347,25002.755749999804,27936.47399999998,39582.47400000014,5053.6848000000045,26.08695652173913
final_2026,D1,week,fixed_0.05,23,919.2065630434454,69.74729999999816,21141.750949999245,28093.25959999995,39739.259600000114,5093.684800000011,26.08695652173913
final_2026,D1,week,fixed_0.1,23,843.724597826066,58.14626304347674,19405.665749999516,27465.71039999988,38520.71040000003,5193.684800000005,26.08695652173913
final_2026,D1,week,fixed_0.2,23,1614.0662413043406,94.59857608695549,37123.52354999983,27760.278399999996,38224.278400000134,5392.898900000008,17.391304347826086
final_2026,D1,week,fixed_0.5,23,990.5763608695578,62.78761086956383,22783.25629999983,26399.496500000016,34652.496500000125,5973.290300000017,13.043478260869565
final_2026,D1,week,price_0.0005,23,998.4650413043254,71.48613478260711,22964.695949999485,28226.4739999998,39872.47399999996,5073.684800000001,26.08695652173913
final_2026,D1,week,price_0.001,23,801.084602173906,62.714763043477134,18424.945849999836,27398.924799999986,38453.92480000014,5153.684800000014,26.08695652173913
final_2026,D1,week,price_0.002,23,354.7610739130267,40.68094565217238,8159.504699999614,27959.209599999944,38423.20960000008,5313.680800000009,26.08695652173913
final_2026,D1,week,price_0.005,23,1116.480804347822,61.06043695652102,25679.058499999905,25368.7249,34212.72490000012,5744.468800000013,17.391304347826086
final_2026,D1,week,q_0.5,23,1249.3159978260803,83.38602391304231,28734.267949999845,27784.032800000037,39430.0328000002,4992.530000000017,26.08695652173913
final_2026,D1,week,q_0.75,23,1291.2349673913006,78.00022608695583,29698.404249999912,24998.081749999976,33842.0817500001,5564.833850000006,17.391304347826086
final_2026,D1,week,q_0.9,23,271.3748673913008,70.4203521739117,6241.621949999919,17395.507200000015,22846.50720000008,5803.496400000016,4.3478260869565215
final_2026,D1,week,selected_atrD,23,1086.117554347806,74.56609999999873,24980.70374999954,27936.47399999998,39582.47400000014,5053.6848000000045,26.08695652173913
final_2026,D1,week,selected_atrH,23,1073.1191978260574,75.48587391304201,24681.74154999932,28071.97319999986,39717.97320000002,5042.53,26.08695652173913
final_2026,D1,week,selected_combo,9,5266.8990611110385,604.9647222222173,47402.09154999934,14127.874100000277,18938.373900000355,3429.7739999999976,11.11111111111111
final_2026,D1,week,selected_fixed,23,1249.3159978260803,83.38602391304231,28734.267949999845,27784.032800000037,39430.0328000002,4992.530000000017,26.08695652173913
final_2026,D1,week,selected_price,23,998.4650413043254,71.48613478260711,22964.695949999485,28226.4739999998,39872.47399999996,5073.684800000001,26.08695652173913
final_2026,D1,week,selected_q,23,1249.3159978260803,83.38602391304231,28734.267949999845,27784.032800000037,39430.0328000002,4992.530000000017,26.08695652173913
final_2026,H1,four_weeks,atrD_0.025,9,493.9164222221104,148.2736222222204,4445.247799998993,22663.352700000025,30365.20079999999,1114.727899999993,55.55555555555556
final_2026,H1,four_weeks,atrD_0.05,9,3939.2387777776935,243.8948666666642,35453.14899999924,18498.089600000323,24807.80890000004,1133.9638499999892,33.33333333333333
final_2026,H1,four_weeks,atrD_0.1,9,5659.305872222194,336.2162388888878,50933.75284999974,14085.261600000034,22491.06889999973,1184.7312999999863,22.22222222222222
final_2026,H1,four_weeks,atrD_0.25,9,3290.7397222222053,278.36894999999873,29616.65749999985,14685.140799999977,20206.218499999854,1452.1228999999903,22.22222222222222
final_2026,H1,four_weeks,atrH_0.1,9,3227.1627166665908,241.58767777777575,29044.464449999316,18722.228800000245,25701.319399999946,1124.7278999999983,44.44444444444444
final_2026,H1,four_weeks,atrH_0.25,9,3536.4155277776754,235.9393777777745,31827.73974999908,18707.41225000043,24700.404950000167,1173.9638499999955,33.33333333333333
final_2026,H1,four_weeks,atrH_0.5,9,4722.722544444432,327.3284833333325,42504.50289999989,14000.989199999738,21069.251699999866,1254.7210999999938,22.22222222222222
final_2026,H1,four_weeks,atrH_1,9,3208.306166666664,284.79712222222145,28874.755499999977,12599.280000000099,20038.4987999999,1542.122899999994,22.22222222222222
final_2026,H1,four_weeks,combo_0.25_1,9,3536.4155277776754,235.9393777777745,31827.73974999908,18707.41225000043,24700.404950000167,1173.9638499999955,33.33333333333333
final_2026,H1,four_weeks,combo_0.5_2,9,4722.722544444432,327.3284833333325,42504.50289999989,14000.989199999738,21069.251699999866,1254.7210999999938,22.22222222222222
final_2026,H1,four_weeks,combo_1_2,9,3208.306166666664,284.79712222222145,28874.755499999977,12599.280000000099,20038.4987999999,1542.122899999994,22.22222222222222
final_2026,H1,four_weeks,fixed_0,9,1099.7871166665357,165.02543333333216,9898.08404999882,23142.488799999937,31650.7775999999,1083.961599999992,55.55555555555556
final_2026,H1,four_weeks,fixed_0.01,9,907.6998555556361,159.38473333333405,8169.298700000725,23154.200899999625,31299.930799999587,1094.7278999999971,55.55555555555556
final_2026,H1,four_weeks,fixed_0.03,9,644.7426166665553,148.2736222222204,5802.6835499989975,22663.352700000025,30365.20079999999,1114.727899999993,55.55555555555556
final_2026,H1,four_weeks,fixed_0.05,9,1440.6366611110577,149.46969999999874,12965.729949999519,22246.776900000128,29785.9792000001,1133.9638499999892,44.44444444444444
final_2026,H1,four_weeks,fixed_0.1,9,5771.550444444427,337.32734999999946,51943.95399999984,14149.533999999861,22388.867299999732,1184.7312999999863,22.22222222222222
final_2026,H1,four_weeks,fixed_0.2,9,4429.212494444397,316.7309388888865,39862.912449999574,12730.974100000116,19416.882099999904,1284.718549999995,22.22222222222222
final_2026,H1,four_weeks,fixed_0.5,9,5386.048805555543,523.3069944444435,48474.43924999989,37.363450000135344,14754.699999999979,1475.469999999998,0.0
final_2026,H1,four_weeks,price_0.0005,9,1447.2990611110918,153.82924999999943,13025.691549999825,22485.06479999976,30105.58999999973,1124.7278999999983,44.44444444444444
final_2026,H1,four_weeks,price_0.001,9,3494.8884499999463,235.93937777777606,31453.996049999518,18606.852950000233,24247.20094999997,1163.9638499999903,33.33333333333333
final_2026,H1,four_weeks,price_0.002,9,4923.068822222214,326.7305722222218,44307.61939999993,13189.60799999979,20306.042099999802,1244.7210999999888,22.22222222222222
final_2026,H1,four_weeks,price_0.005,9,4000.9817166666453,339.51531666666506,36008.83544999981,12099.34000000006,18228.763099999887,1592.1228999999912,11.11111111111111
final_2026,H1,four_weeks,q_0.5,9,3630.866338888855,294.7971222222202,32677.797049999695,12999.220000000145,21032.82329999993,1492.1228999999967,22.22222222222222
final_2026,H1,four_weeks,q_0.75,9,2144.780277777774,523.3069944444435,19303.022499999963,17.5828000000638,4426.409999999993,1475.469999999998,0.0
final_2026,H1,four_weeks,q_0.9,9,694.3915222222207,523.3069944444435,6249.523699999986,6.593550000024152,1475.469999999998,1475.469999999998,0.0
final_2026,H1,four_weeks,selected_atrD,9,3290.7397222222053,278.36894999999873,29616.65749999985,14685.140799999977,20206.218499999854,1452.1228999999903,22.22222222222222
final_2026,H1,four_weeks,selected_atrH,9,3208.306166666664,284.79712222222145,28874.755499999977,12599.280000000099,20038.4987999999,1542.122899999994,22.22222222222222
final_2026,H1,four_weeks,selected_combo,9,3208.306166666664,284.79712222222145,28874.755499999977,12599.280000000099,20038.4987999999,1542.122899999994,22.22222222222222
final_2026,H1,four_weeks,selected_fixed,9,5386.048805555543,523.3069944444435,48474.43924999989,37.363450000135344,14754.699999999979,1475.469999999998,0.0
final_2026,H1,four_weeks,selected_price,9,4000.9817166666453,339.51531666666506,36008.83544999981,12099.34000000006,18228.763099999887,1592.1228999999912,11.11111111111111
final_2026,H1,four_weeks,selected_q,9,694.3915222222207,523.3069944444435,6249.523699999986,6.593550000024152,1475.469999999998,1475.469999999998,0.0
final_2026,H1,intraday,atrD_0.025,68,-2080.5013970588284,-63.551247794118154,-141474.09500000032,171721.40690000006,179377.25489999977,6054.896000000011,48.529411764705884
final_2026,H1,intraday,atrD_0.05,68,-1946.8458801470672,-66.1222654411773,-132385.51985000056,159775.6238000003,166315.96430000005,6120.111150000032,47.05882352941176
final_2026,H1,intraday,atrD_0.1,68,-1650.6142544117718,-68.69330882352992,-112241.76930000048,136286.77815000058,141907.13815000057,6933.029950000027,41.17647058823529
final_2026,H1,intraday,atrD_0.25,68,-1324.585010294111,-85.53668235294106,-90071.78069999955,111249.36114999949,116254.38514999949,8016.830849999982,27.941176470588236
final_2026,H1,intraday,atrH_0.1,68,-2064.6204823529515,-61.36233897058886,-140394.19280000072,170641.5047000005,177867.54970000024,5906.05020000002,48.529411764705884
final_2026,H1,intraday,atrH_0.25,68,-1995.9697948529458,-65.09338235294167,-135725.94605000032,162764.28775000037,168445.02225000015,6013.502700000024,45.588235294117645
final_2026,H1,intraday,atrH_0.5,68,-1625.3442154411805,-67.86281838235323,-110523.40665000028,139117.74005000046,144245.76405000043,6965.008100000014,39.705882352941174
final_2026,H1,intraday,atrH_1,68,-1719.0528823529437,-92.92070220588265,-116895.59600000017,138988.52055000004,143542.20855000004,8538.944200000007,32.35294117647059
final_2026,H1,intraday,combo_0.25_1,66,-2114.8067250000004,-75.57460757575801,-139577.24385000003,153691.58555000013,158634.32004999992,5816.076800000021,45.45454545454545
final_2026,H1,intraday,combo_0.5_2,66,-1723.485738636364,-77.97342045454562,-113750.05875000003,130138.39215000023,134569.4161500002,6737.582200000009,39.39393939393939
final_2026,H1,intraday,combo_1_2,66,-1793.9950666666693,-102.71715378787911,-118403.67440000018,129726.59895000013,133665.28695000013,8240.668600000008,31.818181818181817
final_2026,H1,intraday,fixed_0,68,-2282.9811161764464,-56.20081544117649,-155242.71589999835,188417.9394499982,197726.54869999786,5673.159299999983,51.470588235294116
final_2026,H1,intraday,fixed_0.01,68,-2000.5188022059006,-53.1676698529418,-136035.27855000124,168609.15060000084,177380.5061000005,5426.905400000032,50.0
final_2026,H1,intraday,fixed_0.03,68,-2206.623500000005,-63.12128235294167,-150050.39800000034,180297.70990000013,187953.55789999987,6025.65835000001,50.0
final_2026,H1,intraday,fixed_0.05,68,-2253.95350147058,-71.84612132352962,-153268.83809999944,181236.11974999934,188098.8124999991,6539.333350000006,48.529411764705884
final_2026,H1,intraday,fixed_0.1,68,-1608.1741367647048,-62.87043235294118,-109355.84129999993,133760.28125000038,139380.64125000036,6556.680050000004,41.17647058823529
final_2026,H1,intraday,fixed_0.2,68,-1648.6130691176522,-87.37619338235338,-112105.68870000035,134301.50635000024,139306.53035000025,8221.917600000017,33.82352941176471
final_2026,H1,intraday,fixed_0.5,68,-327.48799852941187,-33.89247867647083,-22269.183900000007,43520.56189999994,48747.55264999994,4943.433300000006,2.941176470588235
final_2026,H1,intraday,price_0.0005,68,-2199.573483823533,-69.51608602941202,-149570.99690000023,178218.92634999985,185403.97134999957,6420.505,48.529411764705884
final_2026,H1,intraday,price_0.001,68,-1503.6149169117664,-57.039883823529756,-102245.81435000012,128243.62930000029,133863.98930000028,6200.202750000019,41.17647058823529
final_2026,H1,intraday,price_0.002,68,-1574.3030294117527,-77.9522742647055,-107052.60599999918,131125.96594999928,136171.9899499993,7621.091099999967,35.294117647058826
final_2026,H1,intraday,price_0.005,68,-539.9156176470615,-44.788449264706244,-36714.262000000184,56160.08994999992,64472.72780000002,5784.359300000011,10.294117647058822
final_2026,H1,intraday,q_0.5,68,-2282.9811161764464,-56.20081544117649,-155242.71589999835,188417.9394499982,197726.54869999786,5673.159299999983,51.470588235294116
final_2026,H1,intraday,q_0.75,68,-1562.5593169117592,-63.920742647058944,-106254.03354999963,135426.13839999953,141046.49839999952,6706.946949999993,39.705882352941174
final_2026,H1,intraday,q_0.9,68,-691.9275272058835,-49.324026470588436,-47051.07185000008,69552.49740000018,79844.3142000001,6112.778550000007,17.647058823529413
final_2026,H1,intraday,selected_atrD,68,-1324.585010294111,-85.53668235294106,-90071.78069999955,111249.36114999949,116254.38514999949,8016.830849999982,27.941176470588236
final_2026,H1,intraday,selected_atrH,68,-1719.0528823529437,-92.92070220588265,-116895.59600000017,138988.52055000004,143542.20855000004,8538.944200000007,32.35294117647059
final_2026,H1,intraday,selected_combo,66,-1793.9950666666693,-102.71715378787911,-118403.67440000018,129726.59895000013,133665.28695000013,8240.668600000008,31.818181818181817
final_2026,H1,intraday,selected_fixed,68,-327.48799852941187,-33.89247867647083,-22269.183900000007,43520.56189999994,48747.55264999994,4943.433300000006,2.941176470588235
final_2026,H1,intraday,selected_price,68,-539.9156176470615,-44.788449264706244,-36714.262000000184,56160.08994999992,64472.72780000002,5784.359300000011,10.294117647058822
final_2026,H1,intraday,selected_q,68,-691.9275272058835,-49.324026470588436,-47051.07185000008,69552.49740000018,79844.3142000001,6112.778550000007,17.647058823529413
final_2026,H1,two_weeks,atrD_0.025,19,-411.90266052632654,51.9930263157895,-7826.150550000204,26584.33790000072,40480.48115000011,3014.4752500000177,57.89473684210527
final_2026,H1,two_weeks,atrD_0.05,19,-891.7060052631639,29.987478947368334,-16942.414100000115,31358.216300000604,38836.18439999934,3104.7689500000265,57.89473684210527
final_2026,H1,two_weeks,atrD_0.1,19,-264.10080789471505,52.772086842106276,-5017.915349999586,27842.968000000004,42035.3944999995,3289.4096499999896,52.63157894736842
final_2026,H1,two_weeks,atrD_0.25,19,-1293.534349999965,-27.822910526313894,-24577.152649999334,36085.37339999976,46647.98389999956,3977.2110500000017,52.63157894736842
final_2026,H1,two_weeks,atrH_0.1,19,-339.6318131578869,52.519342105264215,-6453.004449999851,26594.980800000576,39216.69214999996,2994.4752500000072,57.89473684210527
final_2026,H1,two_weeks,atrH_0.25,19,-901.058457894682,25.596810526317075,-17120.110699998957,31434.641900000657,38190.5685999989,3093.389850000016,57.89473684210527
final_2026,H1,two_weeks,atrH_0.5,19,-294.2870000000046,47.00148684210555,-5591.453000000087,26256.439950000313,41252.67825000004,3318.6605500000196,52.63157894736842
final_2026,H1,two_weeks,atrH_1,19,-1022.938150000009,-7.600831578947177,-19435.824850000172,30257.25155000037,41882.84815000016,3816.837400000005,52.63157894736842
final_2026,H1,two_weeks,combo_0.25_1,19,-901.058457894682,25.596810526317075,-17120.110699998957,31434.641900000657,38190.5685999989,3093.389850000016,57.89473684210527
final_2026,H1,two_weeks,combo_0.5_2,19,-294.2870000000046,47.00148684210555,-5591.453000000087,26256.439950000313,41252.67825000004,3318.6605500000196,52.63157894736842
final_2026,H1,two_weeks,combo_1_2,19,-1022.938150000009,-7.600831578947177,-19435.824850000172,30257.25155000037,41882.84815000016,3816.837400000005,52.63157894736842
final_2026,H1,two_weeks,fixed_0,19,132.7482815789721,69.44835263157965,2522.21735000047,26300.352650000626,38596.95574999985,2914.475250000009,57.89473684210527
final_2026,H1,two_weeks,fixed_0.01,19,-91.75022105259211,63.571973684211976,-1743.25419999925,26555.014400000295,38509.456850000526,2944.475250000025,57.89473684210527
final_2026,H1,two_weeks,fixed_0.03,19,-305.0931026315862,51.99288947368426,-5796.768950000138,26584.33790000072,38974.04554999998,3004.4752500000122,57.89473684210527
final_2026,H1,two_weeks,fixed_0.05,19,-771.243155263182,34.27058947368427,-14653.619950000457,31359.061850000195,38188.099449999805,3063.3898500000146,57.89473684210527
final_2026,H1,two_weeks,fixed_0.1,19,-58.59573684210112,57.00472631579039,-1113.3189999999213,25730.78730000066,40542.26429999966,3209.409650000006,52.63157894736842
final_2026,H1,two_weeks,fixed_0.2,19,-774.3948026315624,5.415007894737767,-14713.501249999685,29919.367199999895,42110.08209999968,3605.684999999997,52.63157894736842
final_2026,H1,two_weeks,fixed_0.5,19,-1396.326721052622,-114.1457447368412,-26530.207699999817,34376.02969999977,37861.104299999715,4189.752199999984,47.368421052631575
final_2026,H1,two_weeks,price_0.0005,19,-687.8800289474101,37.89767368421025,-13069.720550000791,31353.5075000004,38056.15940000057,3034.4752500000277,57.89473684210527
final_2026,H1,two_weeks,price_0.001,19,-997.4714026315266,15.35366315789682,-18951.956649999007,31019.86930000031,38583.463299999974,3144.7689500000183,57.89473684210527
final_2026,H1,two_weeks,price_0.002,19,-561.2586394736898,24.750076315789897,-10663.914150000106,29415.658350000333,42918.29325000009,3428.319900000005,52.63157894736842
final_2026,H1,two_weeks,price_0.005,19,-912.35196052631,-52.73758157894647,-17334.68724999989,25834.32774999985,34169.050000000105,3573.429900000012,47.368421052631575
final_2026,H1,two_weeks,q_0.5,19,-778.7345210526086,12.662478947370095,-14795.955899999562,30044.896849999604,42982.41344999937,3598.356749999978,52.63157894736842
final_2026,H1,two_weeks,q_0.75,19,-950.516139473686,-143.54054210526326,-18059.806650000035,20675.08065000002,27641.087399999953,4914.794100000015,31.57894736842105
final_2026,H1,two_weeks,q_0.9,19,-27.005100000000407,-23.786647368421033,-513.0969000000077,15088.167650000027,18679.047550000014,7101.912850000013,10.526315789473683
final_2026,H1,two_weeks,selected_atrD,19,-1293.534349999965,-27.822910526313894,-24577.152649999334,36085.37339999976,46647.98389999956,3977.2110500000017,52.63157894736842
final_2026,H1,two_weeks,selected_atrH,19,-1022.938150000009,-7.600831578947177,-19435.824850000172,30257.25155000037,41882.84815000016,3816.837400000005,52.63157894736842
final_2026,H1,two_weeks,selected_combo,19,-1022.938150000009,-7.600831578947177,-19435.824850000172,30257.25155000037,41882.84815000016,3816.837400000005,52.63157894736842
final_2026,H1,two_weeks,selected_fixed,19,-1396.326721052622,-114.1457447368412,-26530.207699999817,34376.02969999977,37861.104299999715,4189.752199999984,47.368421052631575
final_2026,H1,two_weeks,selected_price,19,-912.35196052631,-52.73758157894647,-17334.68724999989,25834.32774999985,34169.050000000105,3573.429900000012,47.368421052631575
final_2026,H1,two_weeks,selected_q,19,-27.005100000000407,-23.786647368421033,-513.0969000000077,15088.167650000027,18679.047550000014,7101.912850000013,10.526315789473683
final_2026,H1,week,atrD_0.025,37,333.7105121620696,67.10700810810533,12347.288949996577,61582.72525000374,68754.34100000074,2780.0084500000294,51.35135135135135
final_2026,H1,week,atrD_0.05,37,-127.1396378379021,49.82675945945756,-4704.166600002378,71084.21615000276,80445.62105000214,3070.723850000007,51.35135135135135
final_2026,H1,week,atrD_0.1,37,1288.844510810757,89.12932432432169,47687.246899998005,52653.72985000032,63370.11855000014,3230.4711500000335,40.54054054054054
final_2026,H1,week,atrD_0.25,37,459.3235662161752,55.840420270267934,16994.971949998482,44669.00290000067,50412.48340000051,3572.062400000023,37.83783783783784
final_2026,H1,week,atrH_0.1,37,362.7613689188416,69.32250810810578,13422.170649997139,60650.55030000306,67917.66790000034,2708.030150000018,51.35135135135135
final_2026,H1,week,atrH_0.25,37,-285.82049189196243,47.54885810810549,-10575.358200002609,73512.94005000233,82367.26765000173,3053.406800000011,51.35135135135135
final_2026,H1,week,atrH_0.5,37,1016.4751959459024,86.88979189189023,37609.58224999839,54001.31849999988,64281.94789999971,3192.9595500000078,40.54054054054054
final_2026,H1,week,atrH_1,37,483.3897716215689,78.14490270270016,17885.42154999805,43580.083700000694,49592.419450000525,3228.284750000005,37.83783783783784
final_2026,H1,week,combo_0.25_1,37,-285.82049189196243,47.54885810810549,-10575.358200002609,73512.94005000233,82367.26765000173,3053.406800000011,51.35135135135135
final_2026,H1,week,combo_0.5_2,37,1016.4751959459024,86.88979189189023,37609.58224999839,54001.31849999988,64281.94789999971,3192.9595500000078,40.54054054054054
final_2026,H1,week,combo_1_2,37,483.3897716215689,78.14490270270016,17885.42154999805,43580.083700000694,49592.419450000525,3228.284750000005,37.83783783783784
final_2026,H1,week,fixed_0,37,-307.1134472974018,70.03607702702482,-11363.197550003868,79796.3539000033,81067.40250000356,2627.94250000001,59.45945945945946
final_2026,H1,week,fixed_0.01,37,-49.18275405418589,67.85310405405134,-1819.761900004878,67064.4674500047,68801.59485000467,2647.942500000006,56.75675675675676
final_2026,H1,week,fixed_0.03,37,359.62913648642007,68.51182702702468,13306.278049997543,60995.70955000282,68167.32529999982,2728.030150000014,51.35135135135135
final_2026,H1,week,fixed_0.05,37,-25.639454054101186,55.232429729727905,-948.6598000017439,69603.94935000176,79126.27555000127,2920.723850000002,51.35135135135135
final_2026,H1,week,fixed_0.1,37,1014.668958108039,84.75792027026738,37542.75144999744,65667.56090000129,74562.41265000105,3422.2131000000445,43.24324324324324
final_2026,H1,week,fixed_0.2,37,484.4079162161846,55.013532432430814,17923.092899998832,57054.79360000002,64514.857199999715,3922.3193499999884,40.54054054054054
final_2026,H1,week,fixed_0.5,37,-45.74869459461398,13.277513513511591,-1692.7017000007172,53741.73110000066,57485.4237000006,4943.31255000001,35.13513513513514
final_2026,H1,week,price_0.0005,37,61.15574594585957,58.745943243240916,2262.762599996804,67750.82820000325,78345.44440000287,2840.7238500000176,51.35135135135135
final_2026,H1,week,price_0.001,37,586.7013864864374,66.31427837837647,21707.951299998185,63324.65860000035,72778.77235000009,3242.587050000009,45.94594594594595
final_2026,H1,week,price_0.002,37,731.1643999999559,70.68149594594392,27053.082799998367,56023.90295000032,65218.40835000024,3543.4483500000215,40.54054054054054
final_2026,H1,week,price_0.005,37,304.34298243239914,49.52935135134899,11260.690349998767,46873.801150000465,51498.757650000334,3989.520950000017,35.13513513513514
final_2026,H1,week,q_0.5,37,483.7380445945572,71.3537959459442,17898.307649998616,57407.54965000024,66092.4700999998,3509.7117500000063,40.54054054054054
final_2026,H1,week,q_0.75,37,-626.1433472973176,-28.77648648648908,-23167.303850000753,51707.97245000018,54009.674950000124,6511.32185000002,29.72972972972973
final_2026,H1,week,q_0.9,37,-840.9678500000093,-125.88004864865111,-31115.810450000346,46063.81685000032,50029.10475000029,10562.822950000018,16.216216216216218
final_2026,H1,week,selected_atrD,37,459.3235662161752,55.840420270267934,16994.971949998482,44669.00290000067,50412.48340000051,3572.062400000023,37.83783783783784
final_2026,H1,week,selected_atrH,37,483.3897716215689,78.14490270270016,17885.42154999805,43580.083700000694,49592.419450000525,3228.284750000005,37.83783783783784
final_2026,H1,week,selected_combo,37,483.3897716215689,78.14490270270016,17885.42154999805,43580.083700000694,49592.419450000525,3228.284750000005,37.83783783783784
final_2026,H1,week,selected_fixed,37,-45.74869459461398,13.277513513511591,-1692.7017000007172,53741.73110000066,57485.4237000006,4943.31255000001,35.13513513513514
final_2026,H1,week,selected_price,37,304.34298243239914,49.52935135134899,11260.690349998767,46873.801150000465,51498.757650000334,3989.520950000017,35.13513513513514
final_2026,H1,week,selected_q,37,-840.9678500000093,-125.88004864865111,-31115.810450000346,46063.81685000032,50029.10475000029,10562.822950000018,16.216216216216218
