phase,tf,horizon,method,n,delta_RUB,delta_1c_RUB,ci_low,ci_high,bonferroni_low_approx,bonferroni_high_approx,months
all_oos,D1,four_weeks,atrD_0.025,153,59.74739052287718,8.183029411764826,-6.623685975473313,129.45840579444308,-35.33660026766739,166.6515600741641,30
all_oos,D1,four_weeks,atrD_0.05,153,-0.050282026138684995,-7.214722875816916,-56.63468181968736,49.92332352393304,-81.6697524727322,77.74549069203911,30
all_oos,D1,four_weeks,atrD_0.1,153,-4.920376470583815,13.589103267973707,-421.15723379032323,575.6064739166683,-557.1697417829499,946.2631474646166,30
all_oos,D1,four_weeks,atrD_0.25,153,-776.5361415032576,-51.7731473856205,-1307.6533143154659,-190.31680880410298,-1472.0632932678056,86.69803737401452,30
all_oos,D1,four_weeks,atrH_0.1,153,35.109899019609905,9.321790522876054,-48.488002871730146,121.83910166128966,-91.69792191462957,165.29523849431652,30
all_oos,D1,four_weeks,atrH_0.25,153,-69.90392875816538,-11.633981372548847,-175.11448185610757,28.789809906753096,-233.65388783113306,64.61495428143107,30
all_oos,D1,four_weeks,atrH_0.5,153,-137.22759901960166,5.139800980392501,-590.3839479522749,460.0824218399212,-735.6006383417357,779.8948884769617,30
all_oos,D1,four_weeks,atrH_1,153,-707.7252454248259,-59.56724281045672,-1253.5818983122952,-98.36400608519648,-1440.9799037384746,175.5402406732127,30
all_oos,D1,four_weeks,combo_0.25_1,41,500.72131341463415,121.43753048780451,-397.7174978418111,2563.674421955417,-643.4015129663152,4449.915908121351,15
all_oos,D1,four_weeks,combo_0.5_2,41,-320.7588304877959,87.18358292682952,-1287.7996381402334,1464.4695455588271,-1631.9029683227689,2919.167292654477,15
all_oos,D1,four_weeks,combo_1_2,41,-781.7297060975417,40.55400487804979,-2093.139927865846,1173.6212949646094,-2551.106431132445,2659.7733256599313,15
all_oos,D1,four_weeks,fixed_0,153,93.54588300653677,-2.8996620915033042,-331.7341381990631,353.7385043274879,-669.1250441812431,437.98198075281226,30
all_oos,D1,four_weeks,fixed_0.01,153,37.61154836601765,-8.405508169934466,-376.5524046915592,287.12213851352266,-724.1348329955212,367.20896145925235,30
all_oos,D1,four_weeks,fixed_0.03,153,57.00378954248338,9.72704575163395,-43.04874099054274,156.5524154038547,-84.65350115456691,235.49106722172726,30
all_oos,D1,four_weeks,fixed_0.05,153,0.0,0.0,0.0,0.0,0.0,0.0,30
all_oos,D1,four_weeks,fixed_0.1,153,-313.13853496731514,-25.48861666666652,-466.35720107952955,-165.58567122777873,-596.5947876435647,-89.90718327296763,30
all_oos,D1,four_weeks,fixed_0.2,153,-496.24533071895,-22.676322875817053,-950.7911847532191,52.96847206292587,-1073.8174566776665,388.05356944155375,30
all_oos,D1,four_weeks,fixed_0.5,153,-1184.2843620914953,-114.89547124183008,-1922.752254288234,-439.5347544407228,-2229.5114268203574,10.065384254436681,30
all_oos,D1,four_weeks,price_0.0005,153,13.393958823529669,1.2392274509801984,-13.150060874999944,41.378552341666946,-25.022520256297366,66.63232100419182,30
all_oos,D1,four_weeks,price_0.001,153,-124.52902581698878,18.001531699346515,-432.8898377621746,383.1029725378876,-538.6820510517891,868.4579745367187,30
all_oos,D1,four_weeks,price_0.002,153,-498.61451176470496,-15.96517875817021,-890.8521564271551,10.721538568738984,-1046.1034543057312,288.44246904417344,30
all_oos,D1,four_weeks,price_0.005,153,-1210.8465869280976,-112.36311307189554,-1808.7476918140678,-514.1320469954557,-2175.692075595828,-60.07024849665416,30
all_oos,D1,four_weeks,q_0.5,153,29.367231699347624,-6.354506209150086,-391.10314377055204,281.97414998035856,-731.7989675514507,363.45611042139484,30
all_oos,D1,four_weeks,q_0.75,153,-1922.97162581698,-278.25567026143773,-3081.599565003717,-848.8527517984818,-3646.811501140501,-226.13926066527904,30
all_oos,D1,four_weeks,q_0.9,153,-2467.8852006535794,-757.694080392157,-3766.731700319725,-1248.8890065594192,-4404.244077559122,-488.4821084080976,30
all_oos,D1,four_weeks,selected_atrD,153,-551.9184486928051,-36.90384836601307,-954.419993745887,-66.70585835345076,-1084.5295275564526,240.04896864308483,30
all_oos,D1,four_weeks,selected_atrH,153,-567.4339460784262,-44.20693725490166,-936.3984294086785,-108.83714044602472,-1141.3602376958208,174.4655596928277,30
all_oos,D1,four_weeks,selected_combo,41,-596.2605182926746,35.168370731707654,-1534.2517969827043,1305.456630506303,-1766.6390948923117,2859.576342269908,15
all_oos,D1,four_weeks,selected_fixed,153,-783.1377578431334,-66.56395196078421,-1298.0983667658297,-289.3629868588367,-1550.6923302339567,-64.22513343034036,30
all_oos,D1,four_weeks,selected_price,153,-288.4541715686227,-16.580985620914944,-449.93411973825664,-136.3184433169884,-550.8169585029848,-74.03094359582046,30
all_oos,D1,four_weeks,selected_q,153,-2467.8852006535794,-757.694080392157,-3766.731700319725,-1248.8890065594192,-4404.244077559122,-488.4821084080976,30
all_oos,D1,intraday,atrD_0.025,183,0.4498306010926698,1.427946994535469,-24.47916095007307,27.867107010335406,-39.957577930028066,44.497996441875195,34
all_oos,D1,intraday,atrD_0.05,183,7.260104918035978,-0.05464480874312001,-15.028726347796384,28.879465130106357,-24.092313382601798,36.49139739249515,34
all_oos,D1,intraday,atrD_0.1,183,23.97244098360926,0.2096046448087707,-40.39010817071745,105.94892984558805,-75.40687433097925,156.88373074080891,34
all_oos,D1,intraday,atrD_0.25,183,143.5708950819723,3.02082540983617,-52.20731213979783,338.75710423221375,-157.63633972038977,443.9038936358429,34
all_oos,D1,intraday,atrH_0.1,183,17.646369672130202,1.5435469945354474,-16.216931103934098,50.865278150587876,-34.8681473069167,67.50424526209181,34
all_oos,D1,intraday,atrH_0.25,183,17.72190163934744,-0.5219262295080885,-8.067362973952463,42.65954921921091,-17.885153461001835,52.69773614162154,34
all_oos,D1,intraday,atrH_0.5,183,31.695724590166233,-0.6392256830601409,-39.834136775917585,118.10082619628348,-78.64275184467789,167.73619645299644,34
all_oos,D1,intraday,atrH_1,183,80.2829333333383,-2.947489071038086,-76.74804417397766,262.24062969035685,-158.9021818529772,414.7684932204501,34
all_oos,D1,intraday,combo_0.25_1,56,-11.367726785711145,-1.2086241071427557,-64.95404556005671,53.60735347851239,-91.95613604470687,97.79406602119228,17
all_oos,D1,intraday,combo_0.5_2,56,-37.27726517856679,-5.278670535714254,-112.93206208960025,51.51521016173351,-150.9092457631235,99.84860557312959,17
all_oos,D1,intraday,combo_1_2,56,110.97372946429275,-1.0516616071426614,-219.03537740530416,745.7174910709634,-278.079376685682,1331.7129262480557,17
all_oos,D1,intraday,fixed_0,183,25.19120355191637,1.457422677595657,-46.26056682508884,88.67705040646499,-93.23789188534082,113.4017097764453,34
all_oos,D1,intraday,fixed_0.01,183,29.717539617490228,2.61733825136622,-13.91897918247143,74.93413866888454,-34.78386410023113,97.25549524689455,34
all_oos,D1,intraday,fixed_0.03,183,13.345522404373666,1.318657377049152,-20.899521383068436,49.483933301348635,-42.0916883972743,62.1570877913963,34
all_oos,D1,intraday,fixed_0.05,183,0.0,0.0,0.0,0.0,0.0,0.0,34
all_oos,D1,intraday,fixed_0.1,183,9.903588251367593,-2.189822404371623,-25.348479064874578,46.92518093971975,-42.854169473354794,72.8926576023659,34
all_oos,D1,intraday,fixed_0.2,183,179.88275273224411,4.561792896174898,-0.017455001301476685,373.6045620045388,-61.41510835053311,511.81828238351244,34
all_oos,D1,intraday,fixed_0.5,183,187.58655901639776,0.18700464480879234,-35.11393047971793,398.380124234609,-181.4921694753117,550.0356379304786,34
all_oos,D1,intraday,price_0.0005,183,-0.030999726774749294,0.1639344262295144,-19.484310489618082,19.87058363844394,-26.54834053260294,31.95801980620194,34
all_oos,D1,intraday,price_0.001,183,7.988853825140399,-1.6923964480873739,-31.436093722248103,47.95869500907644,-47.247576709479766,73.91969642587549,34
all_oos,D1,intraday,price_0.002,183,1.9911693989088086,-4.314856284153072,-80.37386871944243,94.82268889857923,-119.04726366445584,155.88312144604367,34
all_oos,D1,intraday,price_0.005,183,196.24418551913044,0.5669510928962647,-15.304203089343414,411.00816822747464,-158.59307030277154,535.7272909735906,34
all_oos,D1,intraday,q_0.5,183,25.19120355191637,1.457422677595657,-46.26056682508884,88.67705040646499,-93.23789188534082,113.4017097764453,34
all_oos,D1,intraday,q_0.75,183,25.19120355191637,1.457422677595657,-46.26056682508884,88.67705040646499,-93.23789188534082,113.4017097764453,34
all_oos,D1,intraday,q_0.9,183,25.19120355191637,1.457422677595657,-46.26056682508884,88.67705040646499,-93.23789188534082,113.4017097764453,34
all_oos,D1,intraday,selected_atrD,183,-4.400437978139709,-2.2251510928961564,-54.09450190185758,36.1422936976933,-85.78938068728243,57.226865969174874,34
all_oos,D1,intraday,selected_atrH,183,-12.52703797814212,-2.805440983606612,-69.35167553187193,37.01771647805508,-103.78047991409942,65.51444026041985,34
all_oos,D1,intraday,selected_combo,56,-49.986559821424954,-7.421527678571478,-144.74613575399243,49.615852308525085,-207.54897031041583,99.84860557312959,17
all_oos,D1,intraday,selected_fixed,183,3.8597680327897637,-6.582300819672096,-100.1794290522839,102.19527478987344,-181.26645839321355,162.7597376515795,34
all_oos,D1,intraday,selected_price,183,-18.11223797814054,-2.2747767759562927,-53.49093299367001,14.805951865310103,-69.98096403308081,38.28834474154142,34
all_oos,D1,intraday,selected_q,183,25.19120355191637,1.457422677595657,-46.26056682508884,88.67705040646499,-93.23789188534082,113.4017097764453,34
all_oos,D1,two_weeks,atrD_0.025,165,54.773836363637514,7.3448481818184295,-9.940100417897137,116.3125609428456,-40.892634415391186,145.628068013561,33
all_oos,D1,two_weeks,atrD_0.05,165,-7.526856666662912,-6.265749696969666,-56.52600152667322,31.702557717747094,-87.03237106158909,57.28982078740641,33
all_oos,D1,two_weeks,atrD_0.1,165,-19.523906969692916,10.866415151515199,-365.2739343207665,459.2205962275448,-458.2418923775744,694.2740872038222,33
all_oos,D1,two_weeks,atrD_0.25,165,-560.1005363636262,-42.44273424242371,-995.8902206651678,-88.47401613836341,-1149.0713964054298,262.2482507285671,33
all_oos,D1,two_weeks,atrH_0.1,165,58.981708484849186,8.279573636363837,-8.955529418070748,127.4244514187205,-44.88660581562569,168.4774511231521,33
all_oos,D1,two_weeks,atrH_0.25,165,-39.48674303029725,-9.247387878787588,-127.13664668322588,35.94583136616304,-181.4722352400862,79.91334814189916,33
all_oos,D1,two_weeks,atrH_0.5,165,-128.1899696969619,3.0273200000005986,-489.5284339012253,353.959311723994,-611.9286422211518,639.936168088934,33
all_oos,D1,two_weeks,atrH_1,165,-502.6004312121101,-48.38953666666569,-952.4174082603886,19.59760136530503,-1169.866710275537,345.7175999434893,33
all_oos,D1,two_weeks,combo_0.25_1,46,305.92802608695825,82.36822173913042,-347.6964776614582,1560.6613216151322,-462.1220109032198,2511.9466710797356,17
all_oos,D1,two_weeks,combo_0.5_2,46,-385.23715978259895,51.85790760869615,-1031.2623973511859,723.6686706557581,-1245.3480231353055,1633.6244116890591,17
all_oos,D1,two_weeks,combo_1_2,46,-630.4616760869395,18.257867391305457,-1615.1004665624894,783.7414969885266,-2060.355979830242,1742.8289663304909,17
all_oos,D1,two_weeks,fixed_0,165,252.29572030303058,22.423531818181708,162.99479294477356,342.1078839250277,83.98449681683203,386.67829646741427,33
all_oos,D1,two_weeks,fixed_0.01,165,199.0148003030337,17.586524242424435,110.12108328293468,280.0360865056368,45.792223110380995,330.4394492414933,33
all_oos,D1,two_weeks,fixed_0.03,165,66.32105515151457,8.655360303030255,-3.589171991446216,136.99336943795913,-43.19226984764039,182.05027155017072,33
all_oos,D1,two_weeks,fixed_0.05,165,0.0,0.0,0.0,0.0,0.0,0.0,33
all_oos,D1,two_weeks,fixed_0.1,165,-268.8176727272677,-20.401281515151275,-378.59609582771634,-150.78301930291641,-429.77626591859837,-86.51196053687512,33
all_oos,D1,two_weeks,fixed_0.2,165,-387.2339281818143,-20.63078878787875,-764.7868710453683,82.51558631526817,-916.1247510913395,384.4394639004343,33
all_oos,D1,two_weeks,fixed_0.5,165,-858.2199339393849,-86.3879360606059,-1463.9092563130114,-130.48565994225717,-1744.617092617787,334.1419810039241,33
all_oos,D1,two_weeks,price_0.0005,165,10.086327272727447,1.0884957575756316,-12.994468719525084,37.78655684721439,-24.60432530755393,55.74829330835759,33
all_oos,D1,two_weeks,price_0.001,165,-118.45402333333043,11.243311515151529,-339.7661024866023,236.14719598294144,-407.99257091001203,477.21262731846736,33
all_oos,D1,two_weeks,price_0.002,165,-413.5778239393927,-14.522169090909262,-750.2107420181675,26.59079799661701,-862.8303036591365,264.32777988314723,33
all_oos,D1,two_weeks,price_0.005,165,-844.4332842424167,-79.69337363636356,-1410.3227364326533,-145.06816513714412,-1701.653160604808,263.6306595764086,33
all_oos,D1,two_weeks,q_0.5,165,252.29572030303058,22.423531818181708,162.99479294477356,342.1078839250277,83.98449681683203,386.67829646741427,33
all_oos,D1,two_weeks,q_0.75,165,-926.7586830302914,-92.66500393939373,-1688.309717454491,-36.26807875912102,-2040.3424754521902,311.94249465241757,33
all_oos,D1,two_weeks,q_0.9,165,-1258.001148787864,-228.069398181818,-2228.989317574785,-286.52645428455673,-2817.238912879907,243.85581459014566,33
all_oos,D1,two_weeks,selected_atrD,165,-374.16633666666087,-29.36852606060584,-692.5102054252161,48.26198954687816,-815.1888833999001,340.17545366032607,33
all_oos,D1,two_weeks,selected_atrH,165,-289.9954448484797,-26.985339393938865,-513.3674096422242,-84.3711121992554,-636.2418076746434,-20.79425034070469,33
all_oos,D1,two_weeks,selected_combo,46,-387.30408260868813,16.709296739131073,-1073.2593569412775,838.2074267726945,-1225.31417852185,1828.1095038382202,17
all_oos,D1,two_weeks,selected_fixed,165,-322.4385478787843,-28.110286363636316,-794.7396217716037,201.8004165598778,-1039.7931489868024,414.37516715738064,33
all_oos,D1,two_weeks,selected_price,165,-231.4130554545421,-12.202164545454476,-356.86872237115625,-106.67004206564815,-415.6469511994083,-48.93097595387631,33
all_oos,D1,two_weeks,selected_q,165,-1258.001148787864,-228.069398181818,-2228.989317574785,-286.52645428455673,-2817.238912879907,243.85581459014566,33
all_oos,D1,week,atrD_0.025,173,-2.565235838149572,4.531028901734248,-87.05017351701177,65.69706943277303,-120.61337631964375,97.57096843466542,33
all_oos,D1,week,atrD_0.05,173,-25.229776589590415,-4.497263005780207,-92.34300746789515,32.27745189705629,-134.37245498141874,56.8076052836595,33
all_oos,D1,week,atrD_0.1,173,-77.59017312138357,-7.508059248554861,-316.8591973004587,276.1523264981568,-386.9607365214026,530.0440789920373,33
all_oos,D1,week,atrD_0.25,173,-305.992629479758,-26.26019421965277,-666.0783512547662,50.97725428504682,-810.1219848138703,226.72667326172393,33
all_oos,D1,week,atrH_0.1,173,19.492708381502684,5.13350520231217,-62.38403080167293,92.8778229633576,-107.54718530788223,126.82488183355548,33
all_oos,D1,week,atrH_0.25,173,-21.038788439301097,-7.7632713872830275,-98.39059945813736,57.41124825825151,-147.939368012234,97.6434007169117,33
all_oos,D1,week,atrH_0.5,173,-182.0965884392987,-14.99734190751404,-444.013077059596,168.35247535194995,-535.8760915755979,428.67646731701547,33
all_oos,D1,week,atrH_1,173,-329.81119999999044,-28.023065606935933,-673.0839177190393,77.87703167972653,-773.8457303097706,360.1460439229979,33
all_oos,D1,week,combo_0.25_1,52,-51.97064230769129,7.122396153845859,-285.64313624999596,245.10312804486693,-386.9370065359273,397.3150167005944,17
all_oos,D1,week,combo_0.5_2,52,-528.1345259615322,-19.279560576923174,-896.8716208168627,-121.72041256545516,-1110.8931222505053,151.91947224143993,17
all_oos,D1,week,combo_1_2,52,-409.87178557691044,35.023318269230984,-1069.9735507551995,517.0239867023425,-1357.0314041061345,957.0774646634941,17
all_oos,D1,week,fixed_0,173,174.20783121387555,16.262870809248536,68.33513728979895,270.2031250858947,17.983963849556734,316.1766386710289,33
all_oos,D1,week,fixed_0.01,173,120.4816115606988,12.168664450867318,16.5454570120945,210.18761484220488,-35.36010853577742,254.1208694089835,33
all_oos,D1,week,fixed_0.03,173,6.477759537573498,5.602546531791929,-81.67295256228891,82.66739223298289,-138.59945724736042,114.72886928978684,33
all_oos,D1,week,fixed_0.05,173,0.0,0.0,0.0,0.0,0.0,0.0,33
all_oos,D1,week,fixed_0.1,173,-212.04070086704763,-15.245590462427561,-310.5588946300682,-101.60628835309537,-352.4151567343871,-49.067923023875935,33
all_oos,D1,week,fixed_0.2,173,-230.90717283236472,-27.2046864161849,-561.0840427424073,150.90060270278204,-697.5683121989665,369.33406568606165,33
all_oos,D1,week,fixed_0.5,173,-463.0294317918982,-52.11538670520235,-987.5640679990651,65.66575283091375,-1166.1578017457114,279.2378855544721,33
all_oos,D1,week,price_0.0005,173,7.654567052024088,0.6913323699422268,-13.562472318779417,33.484710591457265,-25.02731168228269,51.190314736574436,33
all_oos,D1,week,price_0.001,173,-160.53761907514024,-7.083249710982691,-268.26662036134894,-43.28599919611429,-305.9552981364622,2.8062810255315513,33
all_oos,D1,week,price_0.002,173,-367.4573531791883,-27.64590404624299,-614.0884136453324,-40.24935284438701,-691.4417253121754,190.74341503364306,33
all_oos,D1,week,price_0.005,173,-487.01682023120526,-52.93832225433524,-979.7205471820571,52.056197272304296,-1140.3841765037116,289.49196749403296,33
all_oos,D1,week,q_0.5,173,174.20783121387555,16.262870809248536,68.33513728979895,270.2031250858947,17.983963849556734,316.1766386710289,33
all_oos,D1,week,q_0.75,173,-351.9080702312042,-31.408719364161552,-711.9746243198923,39.665609261192586,-833.6236138856044,269.7591733643017,33
all_oos,D1,week,q_0.9,173,-447.34581705201043,-50.70277080924875,-1034.087957158591,147.33469395678821,-1283.01070968684,440.96246362020486,33
all_oos,D1,week,selected_atrD,173,-239.35875809248049,-7.277902601155835,-462.3426741064894,-64.69812999354816,-565.6271764694252,-7.0732919534257475,33
all_oos,D1,week,selected_atrH,173,-167.90425404623903,0.4838445086707641,-381.08611964288417,28.900905670713,-499.97617794113864,137.18561315007364,33
all_oos,D1,week,selected_combo,52,-344.66242692307173,34.59312211538464,-772.7573775743617,208.13917288588755,-950.9801334218137,467.1729662284607,17
all_oos,D1,week,selected_fixed,173,-207.31001589594848,-14.3919023121388,-571.7825381213328,140.9818803033426,-751.4922648072911,317.6303998652257,33
all_oos,D1,week,selected_price,173,-107.15393034681892,-11.179746242774696,-296.07150352627616,74.28111476021638,-418.0156099011669,164.60314154103642,33
all_oos,D1,week,selected_q,173,-84.55650924854625,-34.43780838150308,-520.6574719633787,315.20400798395934,-716.5533335276084,549.7199602348626,33
all_oos,H1,four_weeks,atrD_0.025,1744,116.91658021788678,7.597217832568706,39.00767826889926,190.20608514442046,-5.059435007502355,224.70104755382104,32
all_oos,H1,four_weeks,atrD_0.05,1744,183.86665103210643,3.5694407110090767,87.87165416070063,286.75926408884715,28.363510245748266,354.8026729932882,32
all_oos,H1,four_weeks,atrD_0.1,1744,379.5185444094005,6.313928555045728,132.57724786215098,620.4982167830506,-33.17992251415653,724.4509991069003,32
all_oos,H1,four_weeks,atrD_0.25,1744,447.7177938073354,-1.0958380160550603,135.97032345642597,763.7691499798547,-30.31403992568935,909.9000692615434,32
all_oos,H1,four_weeks,atrH_0.1,1744,105.81210994839346,7.236053927752243,12.263768175921605,197.91554605341324,-46.89882391099738,256.38367685201115,32
all_oos,H1,four_weeks,atrH_0.25,1744,192.15996691513425,5.267180590596205,54.17060421188821,338.05409592811463,3.0195917509697145,410.3457469073242,32
all_oos,H1,four_weeks,atrH_0.5,1744,413.60118053325425,7.921185607798047,153.23410554102713,661.4996415549215,-18.495548724656775,792.2455061301183,32
all_oos,H1,four_weeks,atrH_1,1744,370.06368342889556,-5.909456995412903,72.06244503801582,655.5031508878583,-97.64123526842567,810.3457641191699,32
all_oos,H1,four_weeks,combo_0.25_1,1742,192.4297852468392,5.267487342135348,54.26075264350178,338.75165111655633,3.0195917509697145,411.437604878177,32
all_oos,H1,four_weeks,combo_0.5_2,1742,413.62874411595584,7.960137543053838,153.425120622038,661.7416985627024,-18.38677822696154,792.1807760569609,32
all_oos,H1,four_weeks,combo_1_2,1742,370.3649636624531,-5.793821526980547,72.23922824735527,655.5946270484214,-97.89558959156648,811.9602593830887,32
all_oos,H1,four_weeks,fixed_0,1744,-118.81250378440551,4.591246330275108,-337.4265055986576,85.30254517335081,-467.9946044370227,190.5076037439526,32
all_oos,H1,four_weeks,fixed_0.01,1744,-15.229371416286153,7.311200917431082,-228.95093059038786,186.84265227126892,-369.46732711326035,265.71962880613967,32
all_oos,H1,four_weeks,fixed_0.03,1744,89.72832026949149,8.11850794151366,-42.52962751628122,202.64991134471438,-101.91047271619543,248.15361107260966,32
all_oos,H1,four_weeks,fixed_0.05,1744,0.0,0.0,0.0,0.0,0.0,0.0,32
all_oos,H1,four_weeks,fixed_0.1,1744,333.01050341169287,3.423947964449424,152.1388157768468,510.5377097816143,36.28247993725686,619.2512939066432,32
all_oos,H1,four_weeks,fixed_0.2,1744,439.0794401662798,-0.9855263761468916,147.76602498316444,719.890094062001,-49.91655295412401,841.8121244325847,32
all_oos,H1,four_weeks,fixed_0.5,1744,535.7125121559588,-9.317624053899163,140.92895550696787,924.3613260626305,-92.87915290804231,1199.0066701740507,32
all_oos,H1,four_weeks,price_0.0005,1744,53.77090054472377,2.5498671158256343,18.45712550745633,91.08743937057197,-0.40440956748061047,112.6826140515584,32
all_oos,H1,four_weeks,price_0.001,1744,265.7608035550447,2.797157253440342,100.94713683149169,427.08626207806503,4.298777039037371,533.817279299861,32
all_oos,H1,four_weeks,price_0.002,1744,352.24504739105294,-0.8751382167431276,111.09978455494708,585.2016831286682,-46.71261890058072,676.4552226243884,32
all_oos,H1,four_weeks,price_0.005,1744,497.8736956421971,-8.589576032110175,140.25818984143322,839.0657231797927,-60.715232120958156,1100.3991452202815,32
all_oos,H1,four_weeks,q_0.5,1744,399.7336547591716,-0.709004271789036,108.06696062520302,677.6596868762688,-21.885636813022955,824.5894346519514,32
all_oos,H1,four_weeks,q_0.75,1744,234.54659862384835,-137.3373651949543,-310.1249715925613,735.3594277843819,-567.8353457804102,1044.8769803457712,32
all_oos,H1,four_weeks,q_0.9,1744,200.95424868118795,-364.5240383314222,-339.89991205841034,736.4820764335622,-617.9251050495507,1037.1398997784563,32
all_oos,H1,four_weeks,selected_atrD,1744,447.7177938073354,-1.0958380160550603,135.97032345642597,763.7691499798547,-30.31403992568935,909.9000692615434,32
all_oos,H1,four_weeks,selected_atrH,1744,370.06368342889556,-5.909456995412903,72.06244503801582,655.5031508878583,-97.64123526842567,810.3457641191699,32
all_oos,H1,four_weeks,selected_combo,1742,370.3649636624531,-5.793821526980547,72.23922824735527,655.5946270484214,-97.89558959156648,811.9602593830887,32
all_oos,H1,four_weeks,selected_fixed,1744,535.7125121559588,-9.317624053899163,140.92895550696787,924.3613260626305,-92.87915290804231,1199.0066701740507,32
all_oos,H1,four_weeks,selected_price,1744,497.8736956421971,-8.589576032110175,140.25818984143322,839.0657231797927,-60.715232120958156,1100.3991452202815,32
all_oos,H1,four_weeks,selected_q,1744,200.95424868118795,-364.5240383314222,-339.89991205841034,736.4820764335622,-617.9251050495507,1037.1398997784563,32
all_oos,H1,intraday,atrD_0.025,176,-37.694838636366946,2.348719886363594,-260.3869459997234,140.4309255033719,-435.036326030665,175.2547147060755,33
all_oos,H1,intraday,atrD_0.05,176,108.44311335226958,-0.4599738636364886,-28.56352956962989,349.62410204124444,-50.79718806049853,491.8226599790632,33
all_oos,H1,intraday,atrD_0.1,176,251.99819659090784,-5.358630113636414,-107.4529274009696,695.0221103174629,-252.31272691660078,956.6580803760448,33
all_oos,H1,intraday,atrD_0.25,176,689.5456400568289,-5.37910397727221,92.00466498372002,1415.1104842297566,-239.09985581516403,1852.475575724374,33
all_oos,H1,intraday,atrH_0.1,176,-43.69581988636883,3.834734090909076,-262.04496153620596,140.82388833131242,-437.75936952706894,184.12839955774925,33
all_oos,H1,intraday,atrH_0.25,176,102.60425397726807,2.731063352272665,-112.03823326172115,379.8587180313812,-171.82989449546014,545.1964088616223,33
all_oos,H1,intraday,atrH_0.5,176,366.0241869318192,-1.6306417613635404,-113.6455635182305,931.8010549675107,-313.64643218621035,1392.2109628990665,33
all_oos,H1,intraday,atrH_1,176,306.47756420455477,-21.056309374999593,-341.1980533508877,1049.437566491062,-631.4764130444387,1498.1495810352658,33
all_oos,H1,intraday,combo_0.25_1,174,104.27616264367195,2.704983620689562,-112.57088978931989,385.1217452373565,-172.73901499359866,545.7565466151783,33
all_oos,H1,intraday,combo_0.5_2,174,374.3138287356319,-1.534442241379237,-111.55044687422992,936.9734940957188,-310.843527371999,1406.7454496171188,33
all_oos,H1,intraday,combo_1_2,174,323.95962241379937,-20.776211206896203,-328.53988349626593,1072.031995148632,-626.2087520225115,1524.9049976094534,33
all_oos,H1,intraday,fixed_0,176,-244.77058664770047,5.924971022727797,-671.4172365023027,140.71911640912225,-973.5839499874272,295.60957457041803,33
all_oos,H1,intraday,fixed_0.01,176,79.65292982955025,11.229046306818342,-165.3554175145434,291.44547068065486,-375.66454423652505,367.6080830328253,33
all_oos,H1,intraday,fixed_0.03,176,-74.87021732953694,3.4262582386366316,-317.50929547531086,128.21102158565057,-519.31803923297,170.29032512716088,33
all_oos,H1,intraday,fixed_0.05,176,0.0,0.0,0.0,0.0,0.0,0.0,33
all_oos,H1,intraday,fixed_0.1,176,279.62049630681827,-2.345933238636164,-121.14047808952118,726.9624773247112,-282.5806013756591,972.0456214167577,33
all_oos,H1,intraday,fixed_0.2,176,290.15244318182135,-17.373769602272557,-206.38042559948522,843.5020789056243,-445.76016188677875,1244.5078430009428,33
all_oos,H1,intraday,fixed_0.5,176,1187.1635701704627,14.81002528409125,431.55399329848234,1897.2402467666227,-55.17161873831217,2318.047848051391,33
all_oos,H1,intraday,price_0.0005,176,20.989711931807093,1.1843318181817017,2.467930599043687,41.70981874925673,-4.722350108774529,54.27909815665128,33
all_oos,H1,intraday,price_0.001,176,326.05045340909385,1.4129772727274017,-81.46043410570478,791.6424751880184,-260.5256123859747,1021.591103205705,33
all_oos,H1,intraday,price_0.002,176,223.134757670466,-15.278593749999482,-238.31530512651952,734.464231539674,-429.5395791120178,1052.6523620785742,33
all_oos,H1,intraday,price_0.005,176,1000.4034164772801,1.682644318182143,277.76979039344326,1702.7308679542516,-240.79202774959856,2134.3600400795294,33
all_oos,H1,intraday,q_0.5,176,-244.77058664770047,5.924971022727797,-671.4172365023027,140.71911640912225,-973.5839499874272,295.60957457041803,33
all_oos,H1,intraday,q_0.75,176,370.8558653409137,-1.535596306818028,-102.53424381385008,921.3775708981209,-305.4927034914025,1346.3162528414575,33
all_oos,H1,intraday,q_0.9,176,1035.4781727272787,19.559014772727604,341.30811467981863,1793.5482288595779,-34.91113128468868,2206.6433395210024,33
all_oos,H1,intraday,selected_atrD,176,379.68549659092133,-13.244780681817634,-212.90309095236717,1037.3380828097515,-514.5335199261407,1340.3118921120017,33
all_oos,H1,intraday,selected_atrH,176,217.05307017045735,-16.356888068181743,-361.66037530871034,876.8047815966562,-614.6362487434776,1185.709472696381,33
all_oos,H1,intraday,selected_combo,174,248.90447816091836,-17.686967528735657,-336.2265919997053,902.8059212727101,-602.373857488065,1311.150744519669,33
all_oos,H1,intraday,selected_fixed,176,1187.1635701704627,14.81002528409125,431.55399329848234,1897.2402467666227,-55.17161873831217,2318.047848051391,33
all_oos,H1,intraday,selected_price,176,1000.4034164772801,1.682644318182143,277.76979039344326,1702.7308679542516,-240.79202774959856,2134.3600400795294,33
all_oos,H1,intraday,selected_q,176,1035.4781727272787,19.559014772727604,341.30811467981863,1793.5482288595779,-34.91113128468868,2206.6433395210024,33
all_oos,H1,two_weeks,atrD_0.025,1880,101.72586553191366,7.21137670212762,24.481428449895528,176.2289348882455,-25.274578635080786,203.75400878027483,33
all_oos,H1,two_weeks,atrD_0.05,1880,166.37757287233828,2.7293521010637907,70.95301963479058,263.813789259992,24.57765325826032,323.77266906112544,33
all_oos,H1,two_weeks,atrD_0.1,1880,378.30756611701884,7.578397712765833,134.68044853940535,625.173898323769,16.246071616649918,781.775771290044,33
all_oos,H1,two_weeks,atrD_0.25,1880,495.7580747872318,3.4792006648936544,200.25541416085355,796.1368889631885,59.836627108538664,984.6877974600357,33
all_oos,H1,two_weeks,atrH_0.1,1880,91.3706842021281,6.827956143616998,-2.45035356272371,186.80552967073942,-44.16756293468863,227.80551379919245,33
all_oos,H1,two_weeks,atrH_0.25,1880,173.4829132446781,3.8701256648934823,43.79316029277597,311.05934752573654,-17.96604905336272,391.68980421111144,33
all_oos,H1,two_weeks,atrH_0.5,1880,406.1608090957434,8.250419867021218,158.76973915203115,655.7632794690427,48.25250690158934,785.5379448774977,33
all_oos,H1,two_weeks,atrH_1,1880,400.9731112499976,-2.495574361702174,129.0816688491874,683.8435748415525,12.671678617930867,810.4605444108556,33
all_oos,H1,two_weeks,combo_0.25_1,1878,173.71330165068935,3.8689223908411825,43.89055216707962,311.6612083997019,-17.915748465228795,392.5023474527167,33
all_oos,H1,two_weeks,combo_0.5_2,1878,406.17845287539785,8.286901624068097,158.52483798948728,656.4603437847938,48.32857994069498,785.434228170884,33
all_oos,H1,two_weeks,combo_1_2,1878,401.28549092119,-2.384677263045846,129.10950866933953,685.0275625813769,12.822490462565899,811.1796363748798,33
all_oos,H1,two_weeks,fixed_0,1880,-118.30669164893625,6.374761675531845,-319.6466120680789,65.94890436215995,-424.08918787287314,145.7541493635826,33
all_oos,H1,two_weeks,fixed_0.01,1880,-3.0332904787230097,9.064184308510592,-195.71871295611524,185.15780121517588,-321.1921697134072,279.78657518831045,33
all_oos,H1,two_weeks,fixed_0.03,1880,79.9286863829767,7.939635930851013,-41.89528326404469,187.254589899109,-133.00309454885084,257.5983036551468,33
all_oos,H1,two_weeks,fixed_0.05,1880,0.0,0.0,0.0,0.0,0.0,0.0,33
all_oos,H1,two_weeks,fixed_0.1,1880,319.5043743085074,2.4991283510637494,136.68594095582137,492.2274347637207,41.565778844554856,580.8522360384403,33
all_oos,H1,two_weeks,fixed_0.2,1880,445.8353237234015,1.1486211436169675,172.26194244839422,720.0766667875608,26.89273328439759,842.000737796913,33
all_oos,H1,two_weeks,fixed_0.5,1880,597.3433537499969,-5.156952367021332,217.3906802555483,965.815445402866,14.751882187170114,1163.2705187310648,33
all_oos,H1,two_weeks,price_0.0005,1880,41.655574654254934,2.115385744680813,-1.1436680110112971,83.48655164041327,-23.864200346124075,110.23185398659614,33
all_oos,H1,two_weeks,price_0.001,1880,253.48260936170186,1.8188776861702236,91.66775461107669,407.10176097462653,0.5788398188102579,484.4317556495248,33
all_oos,H1,two_weeks,price_0.002,1880,362.60005569148836,1.3013979255319255,134.45403138886087,595.8470872868851,21.115061530195977,730.4624897152605,33
all_oos,H1,two_weeks,price_0.005,1880,544.0564991489332,-5.651110159574498,200.02850023547205,879.2223595240744,21.073260657492412,1002.027990385752,33
all_oos,H1,two_weeks,q_0.5,1880,435.4074062499998,2.6648558244681584,166.07878178861907,697.0975963101959,48.94601580163204,839.6739400957413,33
all_oos,H1,two_weeks,q_0.75,1880,435.86586909574146,-71.83155002659582,-33.28003675034427,911.9427072898417,-281.4226625655466,1206.7841655670231,33
all_oos,H1,two_weeks,q_0.9,1880,405.6733557712734,-166.01074718085118,-128.42338364429978,934.8363887758288,-420.4597034554597,1288.9604867073986,33
all_oos,H1,two_weeks,selected_atrD,1880,495.7580747872318,3.4792006648936544,200.25541416085355,796.1368889631885,59.836627108538664,984.6877974600357,33
all_oos,H1,two_weeks,selected_atrH,1880,400.9731112499976,-2.495574361702174,129.0816688491874,683.8435748415525,12.671678617930867,810.4605444108556,33
all_oos,H1,two_weeks,selected_combo,1878,401.28549092119,-2.384677263045846,129.10950866933953,685.0275625813769,12.822490462565899,811.1796363748798,33
all_oos,H1,two_weeks,selected_fixed,1880,597.3433537499969,-5.156952367021332,217.3906802555483,965.815445402866,14.751882187170114,1163.2705187310648,33
all_oos,H1,two_weeks,selected_price,1880,544.0564991489332,-5.651110159574498,200.02850023547205,879.2223595240744,21.073260657492412,1002.027990385752,33
all_oos,H1,two_weeks,selected_q,1880,405.6733557712734,-166.01074718085118,-128.42338364429978,934.8363887758288,-420.4597034554597,1288.9604867073986,33
all_oos,H1,week,atrD_0.025,1955,89.78833979539556,6.6831412787723545,6.110129172882448,170.2006648079808,-62.26340321465036,198.19745362233783,33
all_oos,H1,week,atrD_0.05,1955,145.4376578005101,1.3009269565217012,52.11280853419262,245.17056362767056,9.516643556130369,301.2206425932201,33
all_oos,H1,week,atrD_0.1,1955,334.6561710997419,3.38659767263414,107.12665862245562,573.9905587236877,-6.049390575116919,729.5703401962783,33
all_oos,H1,week,atrD_0.25,1955,449.48311667518993,-4.986359616368266,171.7096061548823,727.2506887998254,24.499645656545514,914.7715631240807,33
all_oos,H1,week,atrH_0.1,1955,85.6028814833768,6.659125907928379,-11.077308629279269,183.03563519463472,-70.00587467944761,229.98001227403276,33
all_oos,H1,week,atrH_0.25,1955,149.5279517902789,1.7068681585676575,24.11859540340334,287.1873108272117,-31.607746736376026,359.16516770657205,33
all_oos,H1,week,atrH_0.5,1955,319.40386455242833,-0.3882442710998059,72.92908259150444,574.7522985201949,-41.08756260206586,692.1408199834847,33
all_oos,H1,week,atrH_1,1955,352.17675352941,-11.866123657289055,92.67325593923981,615.7149175645246,-31.24456625196668,742.0939719712873,33
all_oos,H1,week,combo_0.25_1,1953,149.72496126471836,1.7034957757295264,24.21342511009145,287.4483339169193,-31.595775283507802,359.9708164731142,33
all_oos,H1,week,combo_0.5_2,1953,319.33198597030054,-0.36201006144399767,72.31068984953427,574.4462915349371,-41.63647525994307,692.7031885270414,33
all_oos,H1,week,combo_1_2,1953,352.4271663850466,-11.769081336405586,92.67036916959415,616.1598088312707,-31.112681982007434,743.2930637347764,33
all_oos,H1,week,fixed_0,1955,-148.51298585677645,5.338860511508896,-342.0076843412046,27.8886160166024,-459.8943391970146,117.67522555515662,33
all_oos,H1,week,fixed_0.01,1955,-13.427957135549477,8.222405626598432,-188.7754558430327,167.9653345304947,-283.03441882482224,256.3351173977173,33
all_oos,H1,week,fixed_0.03,1955,67.53706900255582,6.8156885421994415,-62.338570292900826,180.92805540221545,-151.4727278617224,248.14767949603691,33
all_oos,H1,week,fixed_0.05,1955,0.0,0.0,0.0,0.0,0.0,0.0,33
all_oos,H1,week,fixed_0.1,1955,293.2397173913015,0.7990445012786969,118.03888001251303,470.2352834023882,11.319474454271628,551.6993522387033,33
all_oos,H1,week,fixed_0.2,1955,374.2969399999972,-5.735376086956578,121.89701835462303,643.1718433562363,-24.490021590258554,766.086905511578,33
all_oos,H1,week,fixed_0.5,1955,584.1476118670054,-12.608637237851683,235.3099265483144,927.0616384832238,18.146657128847785,1105.5777467697512,33
all_oos,H1,week,price_0.0005,1955,40.68960046035764,2.042112404092047,3.336578987913721,80.38458116878692,-15.295195110960067,103.24985230920475,33
all_oos,H1,week,price_0.001,1955,217.1559162659847,-0.360824168797948,62.879525302073596,381.52458913662883,-44.36264262417398,465.3828426981629,33
all_oos,H1,week,price_0.002,1955,279.48227069053627,-6.15468769820971,64.34529101474857,503.3216085596494,-53.99302311606225,646.9212613459864,33
all_oos,H1,week,price_0.005,1955,543.1920360613791,-11.663333989769823,207.15150205266164,869.6561536150144,50.23824256221685,1005.1404334160645,33
all_oos,H1,week,q_0.5,1955,335.6805231202038,-3.6538263171355516,84.01178214079462,588.8260942152868,-68.33274310908442,723.3232015822111,33
all_oos,H1,week,q_0.75,1955,482.05476156010036,-49.89371854219946,125.012400754415,864.7866018229813,-126.25784510671137,1064.4004094542486,33
all_oos,H1,week,q_0.9,1955,592.0938944245503,-92.32566537084399,141.29534693571657,1060.7535512905695,-81.95538243732379,1390.058497374704,33
all_oos,H1,week,selected_atrD,1955,449.48311667518993,-4.986359616368266,171.7096061548823,727.2506887998254,24.499645656545514,914.7715631240807,33
all_oos,H1,week,selected_atrH,1955,352.17675352941,-11.866123657289055,92.67325593923981,615.7149175645246,-31.24456625196668,742.0939719712873,33
all_oos,H1,week,selected_combo,1953,352.4271663850466,-11.769081336405586,92.67036916959415,616.1598088312707,-31.112681982007434,743.2930637347764,33
all_oos,H1,week,selected_fixed,1955,584.1476118670054,-12.608637237851683,235.3099265483144,927.0616384832238,18.146657128847785,1105.5777467697512,33
all_oos,H1,week,selected_price,1955,543.1920360613791,-11.663333989769823,207.15150205266164,869.6561536150144,50.23824256221685,1005.1404334160645,33
all_oos,H1,week,selected_q,1955,592.0938944245503,-92.32566537084399,141.29534693571657,1060.7535512905695,-81.95538243732379,1390.058497374704,33
walk_forward_2024_2025,D1,four_weeks,atrD_0.025,110,41.81630045454208,8.385488636363421,-30.581964711998516,120.44195411261148,-68.52679018342243,162.01976407510148,21
walk_forward_2024_2025,D1,four_weeks,atrD_0.05,110,18.027969090910176,-8.307715454545752,-18.161120641697696,56.021611479072035,-31.6312193429731,77.62866262520176,21
walk_forward_2024_2025,D1,four_weeks,atrD_0.1,110,161.1306350000024,30.054466363636156,-395.34591081730474,947.1105604894766,-523.2682446886654,1457.5447891409992,21
walk_forward_2024_2025,D1,four_weeks,atrD_0.25,110,-679.9748668181765,-39.63234681818176,-1338.987827690449,119.0280664294683,-1647.9125360943267,704.9819769578468,21
walk_forward_2024_2025,D1,four_weeks,atrH_0.1,110,-6.2661527272729804,9.50433954545451,-96.89926053702405,97.33725464791135,-152.41972128271476,151.5051210286618,21
walk_forward_2024_2025,D1,four_weeks,atrH_0.25,110,-33.050512272723815,-13.189420000000036,-127.74194805424408,54.492133217396685,-185.61050583488114,99.43073169605354,21
walk_forward_2024_2025,D1,four_weeks,atrH_0.5,110,-14.764444090903453,21.310038636363842,-608.0839446802698,791.936783645977,-779.3797454871518,1271.4476232071497,21
walk_forward_2024_2025,D1,four_weeks,atrH_1,110,-645.0256863636296,-52.97111545454481,-1250.342036427729,99.38973919879176,-1519.1745197176256,639.4001862881311,21
walk_forward_2024_2025,D1,four_weeks,combo_0.25_1,30,708.2808716666664,167.63987833333326,-424.66643174480106,3777.5370266563095,-550.7700825296483,6793.60176059921,7
walk_forward_2024_2025,D1,four_weeks,combo_0.5_2,30,-122.62636333333224,127.79947833333341,-1346.0499267857053,2493.969065217394,-2097.0437425873356,4855.491092024539,7
walk_forward_2024_2025,D1,four_weeks,combo_1_2,30,-839.2604333333227,49.73869333333423,-1979.4988022727186,1738.8127021739188,-2456.2345635634447,4069.339552285947,7
walk_forward_2024_2025,D1,four_weeks,fixed_0,110,-8.21802727272959,-13.146520909091084,-565.3114066547683,336.8445975434996,-1029.5348133555044,425.71554279674075,21
walk_forward_2024_2025,D1,four_weeks,fixed_0.01,110,-56.25934409090714,-19.084063181818227,-617.1813419907404,288.0348077355131,-1025.5592904109924,369.7029659723305,21
walk_forward_2024_2025,D1,four_weeks,fixed_0.03,110,35.6365290909026,10.07851772727218,-82.45400501275708,177.85909016643225,-138.86904406533915,257.58039150417886,21
walk_forward_2024_2025,D1,four_weeks,fixed_0.05,110,0.0,0.0,0.0,0.0,0.0,0.0,21
walk_forward_2024_2025,D1,four_weeks,fixed_0.1,110,-345.3876122727241,-26.680715454545435,-537.2308727499869,-161.04000224732118,-624.2034312404822,-64.64541690775687,21
walk_forward_2024_2025,D1,four_weeks,fixed_0.2,110,-447.10764863636444,-12.114773636364099,-969.4975168383669,280.6595023509164,-1144.8993639880957,704.173071198109,21
walk_forward_2024_2025,D1,four_weeks,fixed_0.5,110,-1116.217389999995,-105.81381454545468,-2026.3349359617275,-106.08465451494602,-2440.1080867909923,456.20033400057196,21
walk_forward_2024_2025,D1,four_weeks,price_0.0005,110,6.2500709090889774,0.1818181818178883,-2.956866121397601,20.656678293434446,-6.05073007301042,31.344063536431715,21
walk_forward_2024_2025,D1,four_weeks,price_0.001,110,-61.30341181818331,30.4038227272724,-450.19451935267676,583.0089908240992,-578.6240501084054,978.7028073282279,21
walk_forward_2024_2025,D1,four_weeks,price_0.002,110,-353.2693500000019,-2.3279077272731787,-863.2489092107012,351.91307361079055,-993.4399691009345,745.6465989986172,21
walk_forward_2024_2025,D1,four_weeks,price_0.005,110,-1075.978769999998,-102.55182181818238,-1881.919209359304,-178.55884795454423,-2185.5351772546187,326.95558608153425,21
walk_forward_2024_2025,D1,four_weeks,q_0.5,110,-51.84522227273066,-15.76651590909101,-614.4020298313537,296.06418127556395,-1107.5192503835829,377.51589203466364,21
walk_forward_2024_2025,D1,four_weeks,q_0.75,110,-1436.244081818172,-203.43129500000026,-2691.157148742046,-245.98280708342517,-3504.7039037068507,443.5112069365798,21
walk_forward_2024_2025,D1,four_weeks,q_0.9,110,-2172.1714799999877,-704.0878318181824,-3527.6667474491514,-879.3408177571428,-4246.966243008476,-76.90406771146131,21
walk_forward_2024_2025,D1,four_weeks,selected_atrD,110,-599.6939563636327,-40.176639090909106,-1116.6922114659294,84.54246264828187,-1383.9636667857694,555.63621207582,21
walk_forward_2024_2025,D1,four_weeks,selected_atrH,110,-613.1423631818142,-47.32678818181804,-1092.1373791113253,22.866083844666434,-1334.1970514509558,493.85197702855356,21
walk_forward_2024_2025,D1,four_weeks,selected_combo,30,-790.927631666656,49.73869333333423,-1979.4988022727186,1927.9769352223389,-2456.2345635634447,4407.556936084961,7
walk_forward_2024_2025,D1,four_weeks,selected_fixed,110,-1089.2734268181764,-92.58440590909076,-1747.6272222002337,-432.3553701416967,-2122.674189020524,-97.12397681721062,21
walk_forward_2024_2025,D1,four_weeks,selected_price,110,-289.30838727272874,-17.697315000000355,-483.2994084552554,-119.64751346061824,-577.7682542693252,-34.21322184732454,21
walk_forward_2024_2025,D1,four_weeks,selected_q,110,-2172.1714799999877,-704.0878318181824,-3527.6667474491514,-879.3408177571428,-4246.966243008476,-76.90406771146131,21
walk_forward_2024_2025,D1,intraday,atrD_0.025,132,-11.966081060608483,1.442993181818057,-38.48757058317287,12.703804340953056,-56.51458582383287,24.727339042496013,24
walk_forward_2024_2025,D1,intraday,atrD_0.05,132,6.135699242425275,-0.07575757575761495,-23.021367195163513,33.834398094433794,-42.0249532384771,48.62923588169335,24
walk_forward_2024_2025,D1,intraday,atrD_0.1,132,44.498592803031684,1.1030575757575793,-42.32062220631969,152.16876368204572,-81.6301325668559,239.23033931238513,24
walk_forward_2024_2025,D1,intraday,atrD_0.25,132,91.18726098484976,-0.9012102272728008,-87.91459050786183,295.9633801214669,-187.378054202169,411.81850822767115,24
walk_forward_2024_2025,D1,intraday,atrH_0.1,132,7.38957651514994,1.442993181818057,-28.489608704318403,41.96685291937086,-42.4419975004368,64.1352024249214,24
walk_forward_2024_2025,D1,intraday,atrH_0.25,132,20.330185984852168,-0.7993371212120101,-11.65006724358709,50.985317522448234,-29.618392539631945,67.02822141264328,24
walk_forward_2024_2025,D1,intraday,atrH_0.5,132,45.935755303031144,-0.15268522727284395,-45.65831570577479,161.61431043999497,-87.47695246043408,258.46860898752567,24
walk_forward_2024_2025,D1,intraday,atrH_1,132,48.653116287880124,-6.199457575757561,-88.2624643841638,194.14059738433807,-160.23194051176478,290.2193336241906,24
walk_forward_2024_2025,D1,intraday,combo_0.25_1,40,-54.549371249999055,-1.887812499999957,-109.20080546874834,-0.2546485250024833,-128.21259230768828,18.327511697240407,8
walk_forward_2024_2025,D1,intraday,combo_0.5_2,40,-86.9880737500029,-5.865345000000225,-152.98106652174317,-3.199045952390934,-185.2738461610966,39.81310635846982,8
walk_forward_2024_2025,D1,intraday,combo_1_2,40,-170.89490125000097,-13.966553750000054,-284.2207533892867,-18.871821905638257,-340.7098905571568,58.36916452032905,8
walk_forward_2024_2025,D1,intraday,fixed_0,132,3.2060147727276265,0.8690481060604953,-89.42552487650295,74.04443667238509,-143.15689566072083,114.90109498063953,24
walk_forward_2024_2025,D1,intraday,fixed_0.01,132,14.187136742425713,2.7043856060606024,-37.75889485952951,66.6441754227889,-57.90471834466348,92.8051254021681,24
walk_forward_2024_2025,D1,intraday,fixed_0.03,132,5.744976515150281,1.3672356060604425,-33.651047202885515,42.62207320595201,-55.72982362881951,67.15728381120462,24
walk_forward_2024_2025,D1,intraday,fixed_0.05,132,0.0,0.0,0.0,0.0,0.0,0.0,24
walk_forward_2024_2025,D1,intraday,fixed_0.1,132,12.581049999999959,-2.075103409091026,-29.83530166617431,63.458633361073495,-48.77803124562769,84.66709300746933,24
walk_forward_2024_2025,D1,intraday,fixed_0.2,132,115.88306250000093,1.0108204545453825,-27.20212582737958,288.5131451171048,-82.05308811052387,392.5477561006365,24
walk_forward_2024_2025,D1,intraday,fixed_0.5,132,176.36403371212225,-4.9755602272728465,-63.75519074016109,435.76506441584945,-168.7067945688901,596.6935599003457,24
walk_forward_2024_2025,D1,intraday,price_0.0005,132,-3.420235984848997,0.07575757575750686,-21.699803042530114,11.590501031053261,-33.862031276923396,17.3650097526995,24
walk_forward_2024_2025,D1,intraday,price_0.001,132,10.120396590909543,-1.8027287878788578,-34.20281434046036,64.0095337958737,-51.48504264924994,88.48158314608304,24
walk_forward_2024_2025,D1,intraday,price_0.002,132,42.05235681818117,-3.619664772727447,-57.15155075081496,156.02153139781234,-101.81414594328999,243.5655491111685,24
walk_forward_2024_2025,D1,intraday,price_0.005,132,168.49989242424408,-4.44881628787885,-71.94214150230569,422.28954588348086,-177.15797867905246,574.542259267489,24
walk_forward_2024_2025,D1,intraday,q_0.5,132,3.2060147727276265,0.8690481060604953,-89.42552487650295,74.04443667238509,-143.15689566072083,114.90109498063953,24
walk_forward_2024_2025,D1,intraday,q_0.75,132,3.2060147727276265,0.8690481060604953,-89.42552487650295,74.04443667238509,-143.15689566072083,114.90109498063953,24
walk_forward_2024_2025,D1,intraday,q_0.9,132,3.2060147727276265,0.8690481060604953,-89.42552487650295,74.04443667238509,-143.15689566072083,114.90109498063953,24
walk_forward_2024_2025,D1,intraday,selected_atrD,132,-10.030053409091016,-3.0848685606061426,-82.97111007189848,51.01602793248565,-126.28423296091384,75.03343906818715,24
walk_forward_2024_2025,D1,intraday,selected_atrH,132,-34.44173863636397,-4.586285606060709,-101.67615833808611,34.482122049999994,-137.40746070064765,71.11030674553236,24
walk_forward_2024_2025,D1,intraday,selected_combo,40,-104.78108625000432,-8.865345000000339,-201.62964835786752,-4.597864594599602,-253.7483725697376,39.81310635846982,8
walk_forward_2024_2025,D1,intraday,selected_fixed,132,-21.661137499999928,-10.049659469697062,-153.98192175477175,114.81374311327994,-233.45320639528651,195.65110428721732,24
walk_forward_2024_2025,D1,intraday,selected_price,132,-28.487407196969755,-3.305182954545544,-72.02775671530887,13.445755854080627,-99.64258742273907,35.77594002993163,24
walk_forward_2024_2025,D1,intraday,selected_q,132,3.2060147727276265,0.8690481060604953,-89.42552487650295,74.04443667238509,-143.15689566072083,114.90109498063953,24
walk_forward_2024_2025,D1,two_weeks,atrD_0.025,119,32.194761764703834,7.666381932773227,-36.66444003739521,103.28070544927343,-66.86529362649605,153.8422337011309,24
walk_forward_2024_2025,D1,two_weeks,atrD_0.05,119,14.731736134454877,-7.42730000000015,-19.252440808613578,48.74914150229239,-34.42114983344492,63.93648203977823,24
walk_forward_2024_2025,D1,two_weeks,atrD_0.1,119,159.65075588235493,23.938187394958028,-306.0176024606313,772.9205270505761,-404.97893875155484,1147.6290358679717,24
walk_forward_2024_2025,D1,two_weeks,atrD_0.25,119,-396.915757983187,-34.22244537815094,-921.0330820179582,195.2960692288148,-1120.044685958846,517.9604152534854,24
walk_forward_2024_2025,D1,two_weeks,atrH_0.1,119,24.839879411763803,8.448513025210113,-40.32670775131731,97.0131978664031,-65.70847180126556,148.60643810024175,24
walk_forward_2024_2025,D1,two_weeks,atrH_0.25,119,5.907594117654119,-10.737982352940778,-52.23316755530173,72.29118933993038,-69.32388873682493,115.86420941229528,24
walk_forward_2024_2025,D1,two_weeks,atrH_0.5,119,7.958685294125529,15.183384033614017,-485.1517198487821,632.9033841227892,-596.5731267678286,976.8301560244925,24
walk_forward_2024_2025,D1,two_weeks,atrH_1,119,-393.72609369747084,-44.87073865546126,-891.2353196422582,205.0921656197415,-1091.7815755938705,602.5523386997841,24
walk_forward_2024_2025,D1,two_weeks,combo_0.25_1,32,465.3606718750037,120.28736875000051,-385.28885892856306,2578.9317343750035,-508.4144801209694,4502.298341870656,8
walk_forward_2024_2025,D1,two_weeks,combo_0.5_2,32,-189.3343249999965,84.52878750000056,-992.2529829573226,1705.7661884615302,-1146.0464352074591,3214.356763696189,8
walk_forward_2024_2025,D1,two_weeks,combo_1_2,32,-576.4724859374879,25.902664062501472,-1358.2341617836337,1225.0827319907473,-1466.4714223491355,2747.26280155208,8
walk_forward_2024_2025,D1,two_weeks,fixed_0,119,219.81021596638433,23.507774369747697,122.0916150830463,309.63258384126544,59.892685023513124,346.3115566796056,24
walk_forward_2024_2025,D1,two_weeks,fixed_0.01,119,179.4483731092454,18.223290336134564,84.20207050719772,271.7058881411231,23.30756787700393,317.6278605476733,24
walk_forward_2024_2025,D1,two_weeks,fixed_0.03,119,46.44087268907061,9.14733319327696,-29.835629953388846,132.29993033077906,-65.61249271598024,203.4197736341604,24
walk_forward_2024_2025,D1,two_weeks,fixed_0.05,119,0.0,0.0,0.0,0.0,0.0,0.0,24
walk_forward_2024_2025,D1,two_weeks,fixed_0.1,119,-250.0272491596593,-21.026165126050085,-390.56258939158175,-102.44720398922941,-472.497239660606,-12.645225311142841,24
walk_forward_2024_2025,D1,two_weeks,fixed_0.2,119,-276.13290714285716,-13.191275210084214,-734.2979444323321,277.28510681562847,-858.9353685392016,621.9103531340367,24
walk_forward_2024_2025,D1,two_weeks,fixed_0.5,119,-571.6455668067173,-63.79707941176466,-1392.2953055716962,357.46122042574837,-1834.2768576242822,886.7373540411993,24
walk_forward_2024_2025,D1,two_weeks,price_0.0005,119,4.13845462184708,0.3361344537813273,-6.670414987874025,18.01437967014025,-12.786993553689465,26.785493669326954,24
walk_forward_2024_2025,D1,two_weeks,price_0.001,119,-38.8825205882378,20.119064705882078,-320.7190824894908,393.4043069143043,-416.25669845669745,692.7467976829339,24
walk_forward_2024_2025,D1,two_weeks,price_0.002,119,-223.3131487394969,-3.532592016806979,-663.8312560104353,324.2359689593699,-790.5522834399421,661.8875766000225,24
walk_forward_2024_2025,D1,two_weeks,price_0.005,119,-565.8372680672234,-64.86635042016825,-1303.081392954882,274.8634725066305,-1669.599597316115,772.6612399028078,24
walk_forward_2024_2025,D1,two_weeks,q_0.5,119,219.81021596638433,23.507774369747697,122.0916150830463,309.63258384126544,59.892685023513124,346.3115566796056,24
walk_forward_2024_2025,D1,two_weeks,q_0.75,119,-440.9049252100772,-61.780389495798524,-1350.0124294047616,541.8435446286351,-1846.489320643137,1013.6065787019423,24
walk_forward_2024_2025,D1,two_weeks,q_0.9,119,-620.2998848739376,-163.50719747899154,-1635.0999562163604,388.40671697060236,-2520.0640268601455,827.6330632379247,24
walk_forward_2024_2025,D1,two_weeks,selected_atrD,119,-332.08034411764265,-31.849756302520735,-765.5344278827486,253.99786632123522,-928.4635622459757,678.0489190293663,24
walk_forward_2024_2025,D1,two_weeks,selected_atrH,119,-459.03600546217956,-40.44821512604993,-735.1481006044694,-200.2494035589448,-914.1731171328393,-99.63608453256901,24
walk_forward_2024_2025,D1,two_weeks,selected_combo,32,-531.160484374988,25.902664062501472,-1358.2341617836337,1399.0814768391376,-1466.4714223491355,3037.259611552081,8
walk_forward_2024_2025,D1,two_weeks,selected_fixed,119,-577.0902399159642,-46.56012478991593,-1201.2731581682212,104.86991319560609,-1485.0818406423825,468.69373300301396,24
walk_forward_2024_2025,D1,two_weeks,selected_price,119,-195.5063886554641,-12.389368487395162,-339.982161337912,-56.449653992124425,-451.7266921241076,-4.61426035195581,24
walk_forward_2024_2025,D1,two_weeks,selected_q,119,-620.2998848739376,-163.50719747899154,-1635.0999562163604,388.40671697060236,-2520.0640268601455,827.6330632379247,24
walk_forward_2024_2025,D1,week,atrD_0.025,124,-43.60318185484142,3.8986153225806337,-134.6505435432348,31.78750628691243,-184.1159847394003,66.36769430498067,24
walk_forward_2024_2025,D1,week,atrD_0.05,124,0.8744322580659128,-5.709891129032349,-82.16417935564114,60.684820793345544,-139.93860194059695,91.0190129646889,24
walk_forward_2024_2025,D1,week,atrD_0.1,124,4.25931733871124,-3.8811935483871123,-307.70911423645344,447.9654286035637,-397.77895301470187,849.0453627176449,24
walk_forward_2024_2025,D1,week,atrD_0.25,124,-321.594329435478,-25.3439588709676,-705.1162816375933,114.39919858327839,-848.7978390896543,380.5471003573164,24
walk_forward_2024_2025,D1,week,atrH_0.1,124,-24.67980806451832,4.487918548386919,-118.28145370401958,50.77121478629028,-162.74268455660524,88.76647079272172,24
walk_forward_2024_2025,D1,week,atrH_0.25,124,0.25930483871596727,-9.395602016128803,-88.96806682702285,86.14528719468466,-138.64202954928507,132.97449671715415,24
walk_forward_2024_2025,D1,week,atrH_0.5,124,-163.4261528225737,-12.220410887096364,-522.7292025891021,314.95480372748034,-695.2235652622841,713.8128726605519,24
walk_forward_2024_2025,D1,week,atrH_1,124,-292.8034802419297,-23.68937379032217,-680.793965251552,181.2315597318602,-842.9277607155178,535.5805073976943,24
walk_forward_2024_2025,D1,week,combo_0.25_1,36,-51.88836527777656,10.903751388888772,-310.29146764405533,378.9534794354796,-409.7865473363123,683.6095007630362,8
walk_forward_2024_2025,D1,week,combo_0.5_2,36,-588.4025069444443,-20.864654166666778,-1054.1203501071386,-4.608439282647053,-1286.5734381537786,308.81544972643366,8
walk_forward_2024_2025,D1,week,combo_1_2,36,-474.6653874999926,50.58368888888923,-1021.3535159166543,284.4226697952539,-1198.523192539219,753.8802537027458,8
walk_forward_2024_2025,D1,week,fixed_0,124,127.86209435483735,16.214249596774074,6.778034591204808,234.5693233008651,-91.97906944412254,268.80902329417665,24
walk_forward_2024_2025,D1,week,fixed_0.01,124,84.2666129032289,11.71179838709698,-38.502896636404664,191.27044068157338,-122.25082862383377,230.76049148531877,24
walk_forward_2024_2025,D1,week,fixed_0.03,124,-32.05168024194003,5.393555241935187,-136.03613781543513,54.75643107611432,-196.2663720937215,109.32762627788723,24
walk_forward_2024_2025,D1,week,fixed_0.05,124,0.0,0.0,0.0,0.0,0.0,0.0,24
walk_forward_2024_2025,D1,week,fixed_0.1,124,-224.5024975806426,-15.092628629032186,-360.15425243939154,-73.27355389170727,-424.6950366644964,-7.543794718925366,24
walk_forward_2024_2025,D1,week,fixed_0.2,124,-279.093873387096,-30.52964879032275,-611.8298394006285,159.4823971215305,-743.1467465233956,431.22542748761674,24
walk_forward_2024_2025,D1,week,fixed_0.5,124,-478.5761306451556,-56.102293951613085,-1088.4781064242056,180.4699517979004,-1373.1218500297684,506.3114917226215,24
walk_forward_2024_2025,D1,week,price_0.0005,124,2.3586782258054164,0.08064516129025107,-7.169400623900378,13.934570827295857,-12.719545517810523,21.024235516899388,24
walk_forward_2024_2025,D1,week,price_0.001,124,-151.2568604838725,-5.923197580645471,-290.2054427018063,-11.89896136546477,-372.57196432771985,39.276148708964925,24
walk_forward_2024_2025,D1,week,price_0.002,124,-260.45642338709735,-24.224846370968066,-582.1194027765845,161.40823595320492,-686.9179769055361,450.4542956155179,24
walk_forward_2024_2025,D1,week,price_0.005,124,-533.0297157258019,-64.01656008064538,-1078.7964681013582,52.298015380955306,-1363.0199054463558,383.462676796424,24
walk_forward_2024_2025,D1,week,q_0.5,124,127.86209435483735,16.214249596774074,6.778034591204808,234.5693233008651,-91.97906944412254,268.80902329417665,24
walk_forward_2024_2025,D1,week,q_0.75,124,-315.0387411290268,-26.944045564516088,-743.5932230890005,177.60898505639943,-878.9987671560508,574.3539780090374,24
walk_forward_2024_2025,D1,week,q_0.9,124,-282.2106608870868,-56.15739959677449,-1017.7909862766585,439.5111477588934,-1304.9296084336029,761.7848739259846,24
walk_forward_2024_2025,D1,week,selected_atrD,124,-373.96833790322245,-12.576748790322469,-614.8125534906951,-150.16163029411626,-814.3214567788106,-32.321843033789875,24
walk_forward_2024_2025,D1,week,selected_atrH,124,-286.1287959677386,-1.9991080645160109,-545.2792786278567,-35.78837046008206,-737.115172347833,101.20923108916186,24
walk_forward_2024_2025,D1,week,selected_combo,36,-474.6653874999926,50.58368888888923,-1021.3535159166543,284.4226697952539,-1198.523192539219,753.8802537027458,8
walk_forward_2024_2025,D1,week,selected_fixed,124,-404.4168374999978,-26.554103225806642,-879.6319127672831,54.05175150283993,-1147.870954664939,230.28361584223344,24
walk_forward_2024_2025,D1,week,selected_price,124,-157.81769314516106,-16.481424193548683,-446.11414998869316,96.42320694424608,-572.9645553060012,194.86299227483119,24
walk_forward_2024_2025,D1,week,selected_q,124,-233.1558967741867,-54.52137540322616,-805.0338820122383,315.7843957887012,-1097.9317275834064,582.5447697971847,24
walk_forward_2024_2025,H1,four_weeks,atrD_0.025,1145,111.94618528384346,6.9311319213973785,13.10776876759931,215.7335979531562,-57.68197582354864,248.67737786734548,23
walk_forward_2024_2025,H1,four_weeks,atrD_0.05,1145,124.6473921397389,1.6929585152838853,16.364604458032925,244.64976658513746,-34.25474399115555,335.82083730487756,23
walk_forward_2024_2025,H1,four_weeks,atrD_0.1,1145,171.59965091702986,-1.8427393886463743,-78.73074549508718,441.72226618456966,-206.59803111499255,559.5664234090008,23
walk_forward_2024_2025,H1,four_weeks,atrD_0.25,1145,373.35613589519556,-0.1388471179038848,0.42602189952086617,806.8107284720799,-155.97745924840146,1032.7394841319926,23
walk_forward_2024_2025,H1,four_weeks,atrH_0.1,1145,86.86077943231628,6.098582707423623,-20.876109209850505,191.94246576788422,-87.58787705794697,247.23583334863542,23
walk_forward_2024_2025,H1,four_weeks,atrH_0.25,1145,90.88652689955885,1.4426872925762786,-27.125536859317304,212.78216516060363,-81.22827638104161,276.49653454994785,23
walk_forward_2024_2025,H1,four_weeks,atrH_0.5,1145,277.89192886462666,4.032377641921279,-35.54361114668624,581.7041776776559,-212.68807770611386,712.4614874207269,23
walk_forward_2024_2025,H1,four_weeks,atrH_1,1145,260.9812220524016,-7.185477991266346,-91.3243902592543,643.9454385998982,-245.1754696162135,852.3777563230303,23
walk_forward_2024_2025,H1,four_weeks,combo_0.25_1,1145,90.88652689955885,1.4426872925762786,-27.125536859317304,212.78216516060363,-81.22827638104161,276.49653454994785,23
walk_forward_2024_2025,H1,four_weeks,combo_0.5_2,1145,277.89192886462666,4.032377641921279,-35.54361114668624,581.7041776776559,-212.68807770611386,712.4614874207269,23
walk_forward_2024_2025,H1,four_weeks,combo_1_2,1145,260.9812220524016,-7.185477991266346,-91.3243902592543,643.9454385998982,-245.1754696162135,852.3777563230303,23
walk_forward_2024_2025,H1,four_weeks,fixed_0,1145,-262.4504538864638,-2.350789781659459,-528.4312124174835,-11.085030554682442,-645.4055416001552,171.52601753135872,23
walk_forward_2024_2025,H1,four_weeks,fixed_0.01,1145,-146.8693820960724,1.4562017903929776,-426.63156543811124,117.54993552017129,-584.9844276882533,294.07168764272103,23
walk_forward_2024_2025,H1,four_weeks,fixed_0.03,1145,72.10040030567498,7.605799257641862,-107.58712116313434,222.97074474060585,-185.14037535538037,294.49273177228304,23
walk_forward_2024_2025,H1,four_weeks,fixed_0.05,1145,0.0,0.0,0.0,0.0,0.0,0.0,23
walk_forward_2024_2025,H1,four_weeks,fixed_0.1,1145,232.10355676855656,-0.8591284279476634,2.392412742582401,449.693461941528,-135.0918110294638,544.840027823701,23
walk_forward_2024_2025,H1,four_weeks,fixed_0.2,1145,362.06350213973724,-1.9895661135371079,19.175017523883913,719.3915803976793,-131.82836356203157,928.7776796160451,23
walk_forward_2024_2025,H1,four_weeks,fixed_0.5,1145,395.69093253274923,-12.041144235807918,-55.49966105259727,900.724327422191,-341.59521392419356,1192.3748674168191,23
walk_forward_2024_2025,H1,four_weeks,price_0.0005,1145,49.67623663755471,1.8777122707423695,8.132389284999778,100.69708046770484,0.4584543387488235,130.44957819193658,23
walk_forward_2024_2025,H1,four_weeks,price_0.001,1145,153.8218337554593,-2.0793443231440216,-52.4249650780621,364.5621953926419,-189.1820874466085,485.04895844579187,23
walk_forward_2024_2025,H1,four_weeks,price_0.002,1145,278.7720270742339,-3.2149918340611845,-1.948631445247364,565.8089862453243,-157.56862675232654,669.4427911228281,23
walk_forward_2024_2025,H1,four_weeks,price_0.005,1145,373.9414447161549,-9.574391790393092,-36.89850699608367,846.654599410959,-295.9827573740156,1052.7555805050074,23
walk_forward_2024_2025,H1,four_weeks,q_0.5,1145,284.854449999998,-3.210452052401826,-49.03003133938329,634.2103543983611,-200.10218636733657,780.6097932978582,23
walk_forward_2024_2025,H1,four_weeks,q_0.75,1145,50.06278620087206,-159.37910323144118,-581.1718455274053,642.4843878400162,-851.1947438922201,916.3045560912556,23
walk_forward_2024_2025,H1,four_weeks,q_0.9,1145,128.4814839301298,-314.95429052401767,-550.0479606330679,761.5927895201479,-1047.9963118971755,1064.0191428148776,23
walk_forward_2024_2025,H1,four_weeks,selected_atrD,1145,373.35613589519556,-0.1388471179038848,0.42602189952086617,806.8107284720799,-155.97745924840146,1032.7394841319926,23
walk_forward_2024_2025,H1,four_weeks,selected_atrH,1145,260.9812220524016,-7.185477991266346,-91.3243902592543,643.9454385998982,-245.1754696162135,852.3777563230303,23
walk_forward_2024_2025,H1,four_weeks,selected_combo,1145,260.9812220524016,-7.185477991266346,-91.3243902592543,643.9454385998982,-245.1754696162135,852.3777563230303,23
walk_forward_2024_2025,H1,four_weeks,selected_fixed,1145,395.69093253274923,-12.041144235807918,-55.49966105259727,900.724327422191,-341.59521392419356,1192.3748674168191,23
walk_forward_2024_2025,H1,four_weeks,selected_price,1145,373.9414447161549,-9.574391790393092,-36.89850699608367,846.654599410959,-295.9827573740156,1052.7555805050074,23
walk_forward_2024_2025,H1,four_weeks,selected_q,1145,128.4814839301298,-314.95429052401767,-550.0479606330679,761.5927895201479,-1047.9963118971755,1064.0191428148776,23
walk_forward_2024_2025,H1,intraday,atrD_0.025,97,-12.520800515456287,1.4453134020620608,-283.6492475811093,147.59511059772038,-481.63833942147477,191.46531960660838,23
walk_forward_2024_2025,H1,intraday,atrD_0.05,97,-18.878329896899277,-4.744098969071905,-61.07688259200824,25.11820596287043,-81.27612741518314,52.01935933969849,23
walk_forward_2024_2025,H1,intraday,atrD_0.1,97,59.70150721650337,-9.476311340205967,-253.72756992273477,411.0420098160689,-330.071159811448,626.8310893919285,23
walk_forward_2024_2025,H1,intraday,atrD_0.25,97,647.6985391752695,7.938991237113883,-128.66384239622528,1467.3370978093499,-560.9642693986975,1738.9262286423314,23
walk_forward_2024_2025,H1,intraday,atrH_0.1,97,-29.716597422678863,2.2978154639177117,-303.3006210380824,132.46327478480896,-495.49529392513324,170.51265250984554,23
walk_forward_2024_2025,H1,intraday,atrH_0.25,97,12.507437628863032,0.5396608247422319,-186.93760988637771,314.78385183101665,-257.86447947332937,451.77623549707823,23
walk_forward_2024_2025,H1,intraday,atrH_0.5,97,266.4972644329924,-2.7828056701031088,-274.1651019975479,828.3333052013681,-532.7042989105045,1102.8029137074798,23
walk_forward_2024_2025,H1,intraday,atrH_1,97,229.4988036082649,-16.768715979380723,-576.719226629209,1056.0518370838197,-960.8972493737267,1417.4006601364629,23
walk_forward_2024_2025,H1,intraday,combo_0.25_1,97,12.507437628863032,0.5396608247422319,-186.93760988637771,314.78385183101665,-257.86447947332937,451.77623549707823,23
walk_forward_2024_2025,H1,intraday,combo_0.5_2,97,266.4972644329924,-2.7828056701031088,-274.1651019975479,828.3333052013681,-532.7042989105045,1102.8029137074798,23
walk_forward_2024_2025,H1,intraday,combo_1_2,97,229.4988036082649,-16.768715979380723,-576.719226629209,1056.0518370838197,-960.8972493737267,1417.4006601364629,23
walk_forward_2024_2025,H1,intraday,fixed_0,97,-253.9734376288238,0.9256309278358712,-1020.6990690178221,301.5548571763904,-1447.391775423547,424.9940701185808,23
walk_forward_2024_2025,H1,intraday,fixed_0.01,97,139.17929742270226,9.041747938144775,-159.97222909077183,336.33615346581837,-344.95164495873627,411.26058577265655,23
walk_forward_2024_2025,H1,intraday,fixed_0.03,97,8.442460824771754,3.0990154639182834,-272.0492444097112,159.4242172924959,-455.5174247390807,185.76576009424022,23
walk_forward_2024_2025,H1,intraday,fixed_0.05,97,0.0,0.0,0.0,0.0,0.0,0.0,23
walk_forward_2024_2025,H1,intraday,fixed_0.1,97,81.93498659793774,-8.006123195876212,-265.2572442850182,507.1776394616825,-369.10143451952155,709.667866352029,23
walk_forward_2024_2025,H1,intraday,fixed_0.2,97,152.9719314433095,-13.77642422680363,-465.50828768937737,818.6187056250185,-743.8139193403209,1076.26823251231,23
walk_forward_2024_2025,H1,intraday,fixed_0.5,97,774.5082881443434,12.594046391753093,-213.43245305307582,1672.6883465253145,-774.6201920240583,1996.0918689033745,23
walk_forward_2024_2025,H1,intraday,price_0.0005,97,-0.03764845361977387,0.5154639175255974,-13.286423794734494,14.228703830164035,-20.898332662604883,24.466336949165242,23
walk_forward_2024_2025,H1,intraday,price_0.001,97,88.06248453609135,-5.767115463917167,-251.34121654197176,512.3769025110514,-355.5173373427328,707.0812060865683,23
walk_forward_2024_2025,H1,intraday,price_0.002,97,-22.792130412358862,-17.612566494844916,-523.2189466139399,470.5546133959032,-713.6013606956313,744.1153042329415,23
walk_forward_2024_2025,H1,intraday,price_0.005,97,622.1359556701175,-2.946218041236507,-394.41988742335195,1569.4100035052822,-820.915566546655,1936.3607703646478,23
walk_forward_2024_2025,H1,intraday,q_0.5,97,-253.9734376288238,0.9256309278358712,-1020.6990690178221,301.5548571763904,-1447.391775423547,424.9940701185808,23
walk_forward_2024_2025,H1,intraday,q_0.75,97,221.48572371134713,-5.786240206185353,-317.5848249438783,784.1849182550905,-564.9727996291618,1015.6509680307593,23
walk_forward_2024_2025,H1,intraday,q_0.9,97,843.4064500000108,29.970643814433426,-125.04506779136477,1800.564648136073,-600.8812406089346,2157.782546547504,23
walk_forward_2024_2025,H1,intraday,selected_atrD,97,85.47807268042678,-6.332752061855134,-574.1223966093835,797.6871060526208,-833.9642614736919,1129.159942788315,23
walk_forward_2024_2025,H1,intraday,selected_atrH,97,67.24405154639749,-8.241930927834934,-493.679605697912,671.5744960186718,-788.2310568416747,944.5815977161203,23
walk_forward_2024_2025,H1,intraday,selected_combo,97,94.86380257732357,-11.227186082474175,-498.32796859110283,732.3482237144843,-778.7045378038986,999.2739014519192,23
walk_forward_2024_2025,H1,intraday,selected_fixed,97,774.5082881443434,12.594046391753093,-213.43245305307582,1672.6883465253145,-774.6201920240583,1996.0918689033745,23
walk_forward_2024_2025,H1,intraday,selected_price,97,622.1359556701175,-2.946218041236507,-394.41988742335195,1569.4100035052822,-820.915566546655,1936.3607703646478,23
walk_forward_2024_2025,H1,intraday,selected_q,97,843.4064500000108,29.970643814433426,-125.04506779136477,1800.564648136073,-600.8812406089346,2157.782546547504,23
walk_forward_2024_2025,H1,two_weeks,atrD_0.025,1239,103.7308721146111,6.634163640032329,-5.0535308212127115,198.5139831540443,-74.74413489279726,251.04389321051968,24
walk_forward_2024_2025,H1,two_weeks,atrD_0.05,1239,110.4183162631179,0.8342719531881594,7.343080797674792,220.2935230608823,-39.264959634244704,283.76790840070146,24
walk_forward_2024_2025,H1,two_weeks,atrD_0.1,1239,154.85384176755434,-0.025685633575529554,-95.28948724569157,427.1857031979208,-206.93837194899973,605.7717694116852,24
walk_forward_2024_2025,H1,two_weeks,atrD_0.25,1239,391.4227926957222,4.348216020984729,62.65878659368286,781.6951736301086,-95.85834208931382,992.2771983582293,24
walk_forward_2024_2025,H1,two_weeks,atrH_0.1,1239,79.73720972558885,5.741917635189731,-31.19336080072354,184.68868048680093,-78.90265790897946,245.27081472881173,24
walk_forward_2024_2025,H1,two_weeks,atrH_0.25,1239,61.453874576267644,-0.7270167473770639,-51.278071444965626,178.96052779509608,-100.09477486481683,238.91494967619246,24
walk_forward_2024_2025,H1,two_weeks,atrH_0.5,1239,250.85308087167004,4.386752340597213,-45.76765923753183,533.1291947160291,-171.91351588518597,665.5995828428505,24
walk_forward_2024_2025,H1,two_weeks,atrH_1,1239,278.219066263116,-3.62541412429374,-54.97906102113233,642.1103963267589,-175.64167299260808,859.2461370100992,24
walk_forward_2024_2025,H1,two_weeks,combo_0.25_1,1239,61.453874576267644,-0.7270167473770639,-51.278071444965626,178.96052779509608,-100.09477486481683,238.91494967619246,24
walk_forward_2024_2025,H1,two_weeks,combo_0.5_2,1239,250.85308087167004,4.386752340597213,-45.76765923753183,533.1291947160291,-171.91351588518597,665.5995828428505,24
walk_forward_2024_2025,H1,two_weeks,combo_1_2,1239,278.219066263116,-3.62541412429374,-54.97906102113233,642.1103963267589,-175.64167299260808,859.2461370100992,24
walk_forward_2024_2025,H1,two_weeks,fixed_0,1239,-248.9783281678756,0.09070391444711379,-490.635672820491,2.474747864366532,-571.2907167698942,97.31961841994573,24
walk_forward_2024_2025,H1,two_weeks,fixed_0.01,1239,-113.15115694108093,4.369262267958066,-364.6857322421259,152.43061632586716,-479.802069106448,257.5155300671159,24
walk_forward_2024_2025,H1,two_weeks,fixed_0.03,1239,72.15604830508502,7.6450547619047455,-101.53506784635587,219.8235951904539,-203.6665625035511,288.4778297383942,24
walk_forward_2024_2025,H1,two_weeks,fixed_0.05,1239,0.0,0.0,0.0,0.0,0.0,0.0,24
walk_forward_2024_2025,H1,two_weeks,fixed_0.1,1239,183.82252695722258,-2.868490920096868,-39.66896350743082,393.332705984819,-129.16035117099634,492.6300904090855,24
walk_forward_2024_2025,H1,two_weeks,fixed_0.2,1239,357.0160885795001,1.2297155367232149,36.805703551894624,692.2173583756504,-125.10422284315277,867.1468870361674,24
walk_forward_2024_2025,H1,two_weeks,fixed_0.5,1239,429.7970100080697,-7.886287893462502,26.246864973442822,918.6306255740957,-161.6320606089788,1115.3225159473602,24
walk_forward_2024_2025,H1,two_weeks,price_0.0005,1239,33.47483514931491,1.363952784503664,-22.827300184588626,89.9362233011106,-60.354459526158884,114.14230762470568,24
walk_forward_2024_2025,H1,two_weeks,price_0.001,1239,121.57483656174509,-3.5379987086358873,-81.32932888450479,311.3592996739701,-166.8191881364527,441.77412726625903,24
walk_forward_2024_2025,H1,two_weeks,price_0.002,1239,269.9130255851483,-0.4387472558515349,-0.2446472026546153,559.7504525509439,-156.80336224891968,727.0167563021449,24
walk_forward_2024_2025,H1,two_weeks,price_0.005,1239,387.85103987086256,-7.281417433414045,26.038778181680435,813.3055900796636,-155.9887482639467,989.4561405705715,24
walk_forward_2024_2025,H1,two_weeks,q_0.5,1239,302.0396968119468,-0.0957539548021593,1.4030717503362133,604.6006429550335,-130.18234772645206,770.5149838494476,24
walk_forward_2024_2025,H1,two_weeks,q_0.75,1239,259.91234410815076,-79.98545581113807,-277.66913553656065,796.7089191094291,-637.5519607743724,1142.025129035863,24
walk_forward_2024_2025,H1,two_weeks,q_0.9,1239,255.6056839790143,-146.96515984665064,-366.2276490058503,848.2375649041348,-740.0829388549726,1195.369894419252,24
walk_forward_2024_2025,H1,two_weeks,selected_atrD,1239,391.4227926957222,4.348216020984729,62.65878659368286,781.6951736301086,-95.85834208931382,992.2771983582293,24
walk_forward_2024_2025,H1,two_weeks,selected_atrH,1239,278.219066263116,-3.62541412429374,-54.97906102113233,642.1103963267589,-175.64167299260808,859.2461370100992,24
walk_forward_2024_2025,H1,two_weeks,selected_combo,1239,278.219066263116,-3.62541412429374,-54.97906102113233,642.1103963267589,-175.64167299260808,859.2461370100992,24
walk_forward_2024_2025,H1,two_weeks,selected_fixed,1239,429.7970100080697,-7.886287893462502,26.246864973442822,918.6306255740957,-161.6320606089788,1115.3225159473602,24
walk_forward_2024_2025,H1,two_weeks,selected_price,1239,387.85103987086256,-7.281417433414045,26.038778181680435,813.3055900796636,-155.9887482639467,989.4561405705715,24
walk_forward_2024_2025,H1,two_weeks,selected_q,1239,255.6056839790143,-146.96515984665064,-366.2276490058503,848.2375649041348,-740.0829388549726,1195.369894419252,24
walk_forward_2024_2025,H1,week,atrD_0.025,1296,103.19883514660714,6.295570987654353,-0.6942007871816926,194.34160300260154,-63.032288049934515,243.04107748407898,24
walk_forward_2024_2025,H1,week,atrD_0.05,1296,85.50755520833604,-1.267120370370288,-9.181593067430342,193.46690976162893,-61.89592597190058,246.88184091081195,24
walk_forward_2024_2025,H1,week,atrD_0.1,1296,116.41823275463004,-5.295523765432157,-117.2838312675815,370.2385740301917,-210.83425353845516,516.6815076001853,24
walk_forward_2024_2025,H1,week,atrD_0.25,1296,339.21306199845657,-7.754840123456775,35.60888962707575,695.8509386997763,-123.72673127782578,915.8978565467424,24
walk_forward_2024_2025,H1,week,atrH_0.1,1296,89.75470100308958,5.977638541666719,-11.088138221338864,188.93619406401663,-63.57977142051394,237.0272770860662,24
walk_forward_2024_2025,H1,week,atrH_0.25,1296,41.419214004626106,-3.1227214891976693,-77.0164666685731,161.03959435240776,-123.27829153771827,209.41290764176068,24
walk_forward_2024_2025,H1,week,atrH_0.5,1296,148.73492310956698,-7.8522394675926455,-150.26691155552976,431.0650907686445,-275.9972619562725,548.6610795018772,24
walk_forward_2024_2025,H1,week,atrH_1,1296,229.92643591821087,-16.920363503086406,-69.6933305798378,556.5338148426129,-202.08289196811904,738.1247291362757,24
walk_forward_2024_2025,H1,week,combo_0.25_1,1296,41.419214004626106,-3.1227214891976693,-77.0164666685731,161.03959435240776,-123.27829153771827,209.41290764176068,24
walk_forward_2024_2025,H1,week,combo_0.5_2,1296,148.73492310956698,-7.8522394675926455,-150.26691155552976,431.0650907686445,-275.9972619562725,548.6610795018772,24
walk_forward_2024_2025,H1,week,combo_1_2,1296,229.92643591821087,-16.920363503086406,-69.6933305798378,556.5338148426129,-202.08289196811904,738.1247291362757,24
walk_forward_2024_2025,H1,week,fixed_0,1296,-260.0504278549361,0.5836716820987315,-488.2877025245288,-23.005745532005573,-568.8250674705381,84.6126337837094,24
walk_forward_2024_2025,H1,week,fixed_0.01,1296,-93.75528858024687,5.121888194444477,-325.8083494765086,153.81231556544765,-437.8750088826294,241.26530867310734,24
walk_forward_2024_2025,H1,week,fixed_0.03,1296,72.26113468364179,6.467200694444405,-101.07160510577258,216.21573629945505,-212.296889520851,286.42870217624244,24
walk_forward_2024_2025,H1,week,fixed_0.05,1296,0.0,0.0,0.0,0.0,0.0,0.0,24
walk_forward_2024_2025,H1,week,fixed_0.1,1296,161.72770636574015,-5.065765547839521,-54.07248519835817,378.25191033345334,-154.48328181096622,497.32268031756064,24
walk_forward_2024_2025,H1,week,fixed_0.2,1296,259.1520777006174,-9.29958020833332,-34.19673234238052,559.9769093782091,-221.604650141243,707.7304229037167,24
walk_forward_2024_2025,H1,week,fixed_0.5,1296,434.19769791666585,-17.89753036265434,87.45163864398859,862.3714066842566,-106.06417329577063,1057.3913736863094,24
walk_forward_2024_2025,H1,week,price_0.0005,1296,33.979985802469834,1.3548417824074357,-14.271118920603278,86.12590856206829,-40.74691810173162,110.37605311330131,24
walk_forward_2024_2025,H1,week,price_0.001,1296,81.21866512345869,-6.436099266975221,-110.3130482932626,272.1996254973583,-175.11053357461,406.18714845250184,24
walk_forward_2024_2025,H1,week,price_0.002,1296,175.44578078703591,-10.59319020061734,-89.67496027478886,440.5188263939537,-239.09605026885578,566.2533466798636,24
walk_forward_2024_2025,H1,week,price_0.005,1296,364.40864972993757,-19.947880054012355,37.58616756852596,755.07567398277,-124.6638211510017,949.9172618612066,24
walk_forward_2024_2025,H1,week,q_0.5,1296,221.65741014660676,-7.778675424382651,-61.25531095089582,506.79101974634295,-199.7318677246758,630.7324414410632,24
walk_forward_2024_2025,H1,week,q_0.75,1296,333.07356759259216,-60.953346373456775,-91.04865502472519,809.0154576222401,-375.97010879896084,1080.2504490748274,24
walk_forward_2024_2025,H1,week,q_0.9,1296,492.8933912422836,-92.23916778549388,-59.76130340955964,1055.5276778504942,-405.9810329464637,1353.729173001415,24
walk_forward_2024_2025,H1,week,selected_atrD,1296,339.21306199845657,-7.754840123456775,35.60888962707575,695.8509386997763,-123.72673127782578,915.8978565467424,24
walk_forward_2024_2025,H1,week,selected_atrH,1296,229.92643591821087,-16.920363503086406,-69.6933305798378,556.5338148426129,-202.08289196811904,738.1247291362757,24
walk_forward_2024_2025,H1,week,selected_combo,1296,229.92643591821087,-16.920363503086406,-69.6933305798378,556.5338148426129,-202.08289196811904,738.1247291362757,24
walk_forward_2024_2025,H1,week,selected_fixed,1296,434.19769791666585,-17.89753036265434,87.45163864398859,862.3714066842566,-106.06417329577063,1057.3913736863094,24
walk_forward_2024_2025,H1,week,selected_price,1296,364.40864972993757,-19.947880054012355,37.58616756852596,755.07567398277,-124.6638211510017,949.9172618612066,24
walk_forward_2024_2025,H1,week,selected_q,1296,492.8933912422836,-92.23916778549388,-59.76130340955964,1055.5276778504942,-405.9810329464637,1353.729173001415,24
final_2026,D1,four_weeks,atrD_0.025,43,105.61762093024606,7.66511046511726,-30.856400944435602,228.03778595345307,-88.40900235651932,297.84547440858586,9
final_2026,D1,four_weeks,atrD_0.05,43,-46.29697093021717,-4.418695348836168,-192.30318184998586,92.17248750002462,-242.4566905816734,138.39793267896053,9
final_2026,D1,four_weeks,atrD_0.1,43,-429.7020337209207,-28.531593023255798,-698.3407108695577,-154.68837601562564,-818.0787092470453,-63.35916430414471,9
final_2026,D1,four_weeks,atrD_0.25,43,-1023.5533558139311,-82.83100930232425,-1708.244866690954,-273.88234792894644,-2019.9105646220728,215.76894974421057,9
final_2026,D1,four_weeks,atrH_0.1,43,140.95561279070566,8.854804651163722,-16.173552652155635,297.79974318182025,-78.92986880050354,382.5908218672021,9
final_2026,D1,four_weeks,atrH_0.25,43,-164.18011046510884,-7.6549523255806955,-389.61953117059585,88.09132382788043,-490.5008943369585,154.73119035253296,9
final_2026,D1,four_weeks,atrH_0.5,43,-450.5054372092946,-36.22592325581324,-844.6227450104119,-85.15147981322373,-1130.9236495139567,33.582190355910164,9
final_2026,D1,four_weeks,atrH_1,43,-868.1194662790488,-76.44105697674298,-1799.6295903333212,99.44399822919273,-2181.9422515494616,703.9834615779517,9
final_2026,D1,four_weeks,combo_0.25_1,11,-65.35020909090798,-4.568872727273871,-763.0696333333433,380.85659999997677,-1356.191450000002,634.7609999999613,8
final_2026,D1,four_weeks,combo_0.5_2,11,-861.1201045454235,-23.587040909090195,-1752.486437222224,-148.49250812494677,-2135.764107909434,172.95118328127518,8
final_2026,D1,four_weeks,combo_1_2,11,-624.8277227272312,15.5048545454559,-3495.3103713636383,1864.2189033334284,-4245.653182270625,3058.9428816276913,8
final_2026,D1,four_weeks,fixed_0,43,353.87216511628776,23.31323255813986,139.52594599166582,602.0452524077953,50.53952055305594,726.5993647974583,9
final_2026,D1,four_weeks,fixed_0.01,43,277.746389534895,18.91172558139608,101.65847069381002,473.1716920937748,16.847625641017565,554.4944791555869,9
final_2026,D1,four_weeks,fixed_0.03,43,111.66422325582961,8.827931395350099,-27.63243638677609,231.4504662790981,-88.32871780367375,305.1886863198092,9
final_2026,D1,four_weeks,fixed_0.05,43,0.0,0.0,0.0,0.0,0.0,0.0,9
final_2026,D1,four_weeks,fixed_0.1,43,-230.64089534882726,-22.439061627906504,-463.05722243332565,8.623852197832187,-546.7431270528384,103.08128631898073,9
final_2026,D1,four_weeks,fixed_0.2,43,-621.9463779069597,-49.69423953488276,-1296.1375127578037,157.69895630087007,-1553.741183861695,596.0952621690701,9
final_2026,D1,four_weeks,fixed_0.5,43,-1358.4091744185885,-138.12761627906946,-2301.2971728636107,-300.21375806250603,-2616.6214496666744,285.84706069719863,9
final_2026,D1,four_weeks,price_0.0005,43,31.669020930238414,3.944227906976806,-48.703177529239426,131.27418112675755,-75.89219304486029,173.891501767581,9
final_2026,D1,four_weeks,price_0.001,43,-286.2689686046308,-13.725259302324355,-574.0602299050207,-3.4256034748071933,-658.239881877397,112.93575507272267,9
final_2026,D1,four_weeks,price_0.002,43,-870.4277162790614,-50.851220930232365,-1273.1289514716743,-483.8094862499882,-1508.1398160696076,-350.5180203953184,9
final_2026,D1,four_weeks,price_0.005,43,-1555.857281395329,-137.46176511627797,-2348.262617486095,-750.9209943362127,-2632.297425902897,-243.68582496417545,9
final_2026,D1,four_weeks,q_0.5,43,237.12002093024543,17.72272790697787,57.63718146341114,431.2673424410794,-22.102032943266135,543.2219556325082,9
final_2026,D1,four_weeks,q_0.75,43,-3168.088598837185,-469.6668627906965,-5220.3975001558665,-921.1149016569655,-6071.834526190447,223.99493594188044,9
final_2026,D1,four_weeks,q_0.9,43,-3224.3621604650925,-894.8263441860454,-6096.87352289662,-326.7047986702017,-7166.526445320371,974.3012682409667,9
final_2026,D1,four_weeks,selected_atrD,43,-429.7020337209207,-28.531593023255798,-698.3407108695577,-154.68837601562564,-818.0787092470453,-63.35916430414471,9
final_2026,D1,four_weeks,selected_atrH,43,-450.5054372092946,-36.22592325581324,-844.6227450104119,-85.15147981322373,-1130.9236495139567,33.582190355910164,9
final_2026,D1,four_weeks,selected_combo,11,-65.35020909090798,-4.568872727273871,-763.0696333333433,380.85659999997677,-1356.191450000002,634.7609999999613,8
final_2026,D1,four_weeks,selected_fixed,43,0.0,0.0,0.0,0.0,0.0,0.0,9
final_2026,D1,four_weeks,selected_price,43,-286.2689686046308,-13.725259302324355,-574.0602299050207,-3.4256034748071933,-658.239881877397,112.93575507272267,9
final_2026,D1,four_weeks,selected_q,43,-3224.3621604650925,-894.8263441860454,-6096.87352289662,-326.7047986702017,-7166.526445320371,974.3012682409667,9
final_2026,D1,intraday,atrD_0.025,51,32.58513137255448,1.3890039215687713,-29.056999796006146,97.04013245502803,-57.23947661254074,134.13932012361303,10
final_2026,D1,intraday,atrD_0.05,51,10.170331372557797,2.786442101020001e-13,-2.8926526315660266,31.289852727283755,-4.331274550935097,42.069139168996074,10
final_2026,D1,intraday,atrD_0.1,51,-29.154069607837055,-2.1028617647057932,-82.06153293820097,16.345538285263412,-110.0094701600198,26.51221719058482,10
final_2026,D1,intraday,atrD_0.25,51,279.15206568628963,13.171976470588804,-156.79850853276736,724.4963355580658,-325.93162821151475,949.884781485631,10
final_2026,D1,intraday,atrH_0.1,51,44.193363725490876,1.8038039215686938,-28.974223420715983,111.02159952272707,-57.67751635779274,149.2938532120456,10
final_2026,D1,intraday,atrH_0.25,51,10.971048039217562,0.19607843137264933,-15.463052181518936,34.96718893610839,-26.408084664908912,43.268752833710145,10
final_2026,D1,intraday,atrH_0.5,51,-5.160825490190084,-1.8985068627449095,-63.81906648809575,35.39493512236716,-102.74450515648877,56.91116811659521,10
final_2026,D1,intraday,atrH_1,51,162.1483421568772,5.46937058823585,-213.12317909911397,685.7308700902246,-294.98337119217354,1002.2727658727863,10
final_2026,D1,intraday,combo_0.25_1,16,96.58638437500863,0.48934687500024765,6.9489452335855475,221.85089218751037,0.0,306.1914018394984,9
final_2026,D1,intraday,combo_0.5_2,16,86.9997562500235,-3.8119843749993265,-79.90994318178637,197.36859408572164,-174.02452888257844,281.0010819578938,9
final_2026,D1,intraday,combo_1_2,16,815.6453062500269,31.235568750000816,-221.89230589409718,2252.1412270733917,-442.91745453125037,3131.3708264614947,9
final_2026,D1,intraday,fixed_0,51,82.09404509805198,2.9802745098043113,-10.286204317105492,177.00660559007,-57.048047958564005,224.4886621153439,10
final_2026,D1,intraday,fixed_0.01,51,69.91387647059842,2.392039215686642,-0.9739519796608478,138.43362477041873,-36.03620569950927,173.92845552801825,10
final_2026,D1,intraday,fixed_0.03,51,33.01752352942242,1.1929254901964006,-28.967207430560556,98.02804699576608,-57.23947661254074,134.13932012361303,10
final_2026,D1,intraday,fixed_0.05,51,0.0,0.0,0.0,0.0,0.0,0.0,10
final_2026,D1,intraday,fixed_0.1,51,2.973687254907363,-2.486742156862579,-56.485634840083726,49.80975775108009,-81.3834561246559,61.92296049175915,10
final_2026,D1,intraday,fixed_0.2,51,345.5290098039324,13.752545098039528,-114.92056387500232,858.3450122222489,-247.22732272983276,1099.0891432081312,10
final_2026,D1,intraday,fixed_0.5,51,216.63309509805183,13.548937254902452,-253.84633883568873,603.7953970419394,-549.0670674175851,755.0595689037781,10
final_2026,D1,intraday,price_0.0005,51,8.741141176476242,0.39215686274529865,-37.86676034482516,67.7717500797885,-53.26996838958215,98.3346912510796,10
final_2026,D1,intraday,price_0.001,51,2.4719196078555625,-1.406830392156474,-57.65713473512054,56.556837938672906,-87.1096718615093,77.81338774436544,10
final_2026,D1,intraday,price_0.002,51,-101.69660980391377,-6.114175490195869,-234.2293588680065,3.8270077811004737,-312.34698834351576,39.30031099989238,10
final_2026,D1,intraday,price_0.005,51,268.0529441176599,13.548937254902452,-182.21050962493123,685.5419628171894,-416.6978072432362,888.8557155217189,10
final_2026,D1,intraday,q_0.5,51,82.09404509805198,2.9802745098043113,-10.286204317105492,177.00660559007,-57.048047958564005,224.4886621153439,10
final_2026,D1,intraday,q_0.75,51,82.09404509805198,2.9802745098043113,-10.286204317105492,177.00660559007,-57.048047958564005,224.4886621153439,10
final_2026,D1,intraday,q_0.9,51,82.09404509805198,2.9802745098043113,-10.286204317105492,177.00660559007,-57.048047958564005,224.4886621153439,10
final_2026,D1,intraday,selected_atrD,51,10.170331372557797,2.786442101020001e-13,-2.8926526315660266,31.289852727283755,-4.331274550935097,42.069139168996074,10
final_2026,D1,intraday,selected_atrH,51,44.193363725490876,1.8038039215686938,-28.974223420715983,111.02159952272707,-57.67751635779274,149.2938532120456,10
final_2026,D1,intraday,selected_combo,16,86.9997562500235,-3.8119843749993265,-79.90994318178637,197.36859408572164,-174.02452888257844,281.0010819578938,9
final_2026,D1,intraday,selected_fixed,51,69.91387647059842,2.392039215686642,-0.9739519796608478,138.43362477041873,-36.03620569950927,173.92845552801825,10
final_2026,D1,intraday,selected_price,51,8.741141176476242,0.39215686274529865,-37.86676034482516,67.7717500797885,-53.26996838958215,98.3346912510796,10
final_2026,D1,intraday,selected_q,51,82.09404509805198,2.9802745098043113,-10.286204317105492,177.00660559007,-57.048047958564005,224.4886621153439,10
final_2026,D1,two_weeks,atrD_0.025,46,113.18492065218334,6.51305434782667,-20.771315143926362,229.94876694912838,-86.73237577576596,289.73925806793073,9
final_2026,D1,two_weeks,atrD_0.05,46,-65.10886847825023,-3.2608695652168946,-183.5664590411722,21.36967765959285,-246.80167027157708,40.122823092816645,9
final_2026,D1,two_weeks,atrD_0.1,46,-483.04096956520806,-22.949691304347766,-682.871702871735,-276.03691283288003,-766.7169477142672,-196.74396005180563,9
final_2026,D1,two_weeks,atrD_0.25,46,-982.2524630434581,-63.70826413043371,-1556.6398476041632,-313.98911484159515,-1758.5641699579244,160.65114607858217,9
final_2026,D1,two_weeks,atrH_0.1,46,147.30513586957005,7.84253478260934,-6.367568473214561,297.00242442934666,-85.2617478401991,372.8611084784155,9
final_2026,D1,two_weeks,atrH_0.25,46,-156.91991956521494,-5.3912847826086905,-362.4381962740031,37.823407886897904,-474.69242702828643,74.35134498932388,9
final_2026,D1,two_weeks,atrH_0.5,46,-480.4006206521662,-28.41988913043411,-771.3781095535657,-229.0200663444092,-983.1308681108693,-131.05699742778606,9
final_2026,D1,two_weeks,atrH_1,46,-784.2536086956333,-57.49251413043371,-1572.9135071173362,124.60389004759742,-1857.4012558218617,657.5646472845348,9
final_2026,D1,two_weeks,combo_0.25_1,14,-58.489450000002634,-4.304114285715542,-595.6916497817538,309.04716666664325,-1064.4455111111215,444.41080149036344,9
final_2026,D1,two_weeks,combo_0.5_2,14,-833.0150678571184,-22.818389285713888,-1560.083362931549,-247.21064212665564,-1921.4593321598552,75.30001281631907,9
final_2026,D1,two_weeks,combo_1_2,14,-753.865539285686,0.7840464285717174,-3071.622458229171,1481.4216002344401,-3810.984695673769,2883.1084029964136,9
final_2026,D1,two_weeks,fixed_0,46,336.3343076087025,19.618643478260996,133.13109570409537,559.84972981779,41.49267767153421,680.3986240559454,9
final_2026,D1,two_weeks,fixed_0.01,46,249.6322967391381,15.939238043478678,86.88347050551641,420.6571987565791,8.494687129103362,508.4155793142592,9
final_2026,D1,two_weeks,fixed_0.03,46,117.75022282609784,7.382647826087688,-18.504921035710716,234.5674977272922,-85.56071030158016,295.20421806592657,9
final_2026,D1,two_weeks,fixed_0.05,46,0.0,0.0,0.0,0.0,0.0,0.0,9
final_2026,D1,two_weeks,fixed_0.1,46,-317.42768152173295,-18.78473478260869,-490.89240713301274,-143.46853867892685,-558.3310430054245,-83.40027104609464,9
final_2026,D1,two_weeks,fixed_0.2,46,-674.6474391304208,-39.87648695652114,-1253.6297983896552,50.90545561686823,-1482.801938424484,468.64474044056044,9
final_2026,D1,two_weeks,fixed_0.5,46,-1599.5753619565044,-144.82949999999954,-2268.8165544012218,-866.0199677983553,-2562.7030940790587,-541.6199192963904,9
final_2026,D1,two_weeks,price_0.0005,46,25.473215217396223,3.0348217391304626,-46.67934481613048,115.6777192446991,-72.93167012134457,165.75378219406485,9
final_2026,D1,two_weeks,price_0.001,46,-324.3020413043308,-11.717876086955743,-580.5671028431236,-62.56405569147035,-675.1398421317871,49.7276752209872,9
final_2026,D1,two_weeks,price_0.002,46,-905.7842663043403,-42.951727173913,-1231.1211289450064,-581.0322185429328,-1458.4547940860252,-460.59918498716013,9
final_2026,D1,two_weeks,price_0.005,46,-1565.1490652173736,-118.05023804347753,-2248.2701903098596,-827.925653360421,-2503.087990336907,-411.2973591119894,9
final_2026,D1,two_weeks,q_0.5,46,336.3343076087025,19.618643478260996,133.13109570409537,559.84972981779,41.49267767153421,680.3986240559454,9
final_2026,D1,two_weeks,q_0.75,46,-2183.641230434759,-172.56215869565088,-3336.215710942934,-926.2772062499785,-3744.5673761368103,-240.9449056009366,9
final_2026,D1,two_weeks,q_0.9,46,-2907.7065923912824,-395.08900434782583,-4770.314474967485,-961.8997235526864,-5596.6939373615805,-153.7735848695245,9
final_2026,D1,two_weeks,selected_atrD,46,-483.04096956520806,-22.949691304347766,-682.871702871735,-276.03691283288003,-766.7169477142672,-196.74396005180563,9
final_2026,D1,two_weeks,selected_atrH,46,147.30513586957005,7.84253478260934,-6.367568473214561,297.00242442934666,-85.2617478401991,372.8611084784155,9
final_2026,D1,two_weeks,selected_combo,14,-58.489450000002634,-4.304114285715542,-595.6916497817538,309.04716666664325,-1064.4455111111215,444.41080149036344,9
final_2026,D1,two_weeks,selected_fixed,46,336.3343076087025,19.618643478260996,133.13109570409537,559.84972981779,41.49267767153421,680.3986240559454,9
final_2026,D1,two_weeks,selected_price,46,-324.3020413043308,-11.717876086955743,-580.5671028431236,-62.56405569147035,-675.1398421317871,49.7276752209872,9
final_2026,D1,two_weeks,selected_q,46,-2907.7065923912824,-395.08900434782583,-4770.314474967485,-961.8997235526864,-5596.6939373615805,-153.7735848695245,9
final_2026,D1,week,atrD_0.025,49,101.2858928571522,6.131422448980129,-25.431117777780734,206.01619484541655,-93.7244392678287,261.4329834546386,9
final_2026,D1,week,atrD_0.05,49,-91.28940714284316,-1.4285714285707047,-194.5232279607662,-7.791907272721574,-250.82634447509554,-3.5215449824824,9
final_2026,D1,week,atrD_0.1,49,-284.7194959183581,-16.68624999999977,-445.8021906976492,-123.08417240001016,-520.5166138841182,-74.71509944426296,9
final_2026,D1,week,atrD_0.25,49,-266.510776530589,-28.57883061224379,-918.4000824542575,338.50415417962085,-1171.0833319688325,541.1072121932873,9
final_2026,D1,week,atrH_0.1,49,131.27621938775994,6.76723469387811,-15.387914024998825,264.4649680522304,-92.08174688453616,344.45459492869736,9
final_2026,D1,week,atrH_0.25,49,-74.93600408163,-3.6324755102039266,-206.36398727271603,53.554028039017744,-278.1468897252944,94.62853983579953,9
final_2026,D1,week,atrH_0.5,49,-229.34422142856204,-22.024677551019995,-362.4237541627203,-109.01803356019289,-414.76364378700066,-59.30109999999946,9
final_2026,D1,week,atrH_1,49,-423.46338877549107,-38.989959183672816,-851.3165857638777,196.40305587268205,-959.3607901458233,606.6813957992304,9
final_2026,D1,week,combo_0.25_1,16,-52.15576562499945,-1.3856531250006974,-516.805693624993,257.8755714285841,-981.1815391623262,386.0972245833355,9
final_2026,D1,week,combo_0.5_2,16,-392.5315687499801,-15.713100000000068,-969.915790909089,-29.11475961304644,-1406.3030707569396,201.10700398355192,9
final_2026,D1,week,combo_1_2,16,-264.08618124997565,0.0124843749999215,-2156.929052306555,1645.4229394437468,-3065.813393846113,2919.6377331067188,9
final_2026,D1,week,fixed_0,49,291.4909204081764,16.385912244898194,112.35862913854731,487.51363722039156,35.89957647082942,597.1649551134344,9
final_2026,D1,week,fixed_0.01,49,212.12773061225533,13.324815306122863,66.65571153858781,365.5796500529883,-5.2588383721667755,444.4930788802179,9
final_2026,D1,week,fixed_0.03,49,103.98083163266898,6.13142244898042,-24.704951955276787,208.4352652750184,-93.53184175009811,262.44363302872273,9
final_2026,D1,week,fixed_0.05,49,0.0,0.0,0.0,0.0,0.0,0.0,9
final_2026,D1,week,fixed_0.1,49,-180.50472551019493,-15.632677551019942,-299.3883345940076,-69.26726218220284,-358.48027140324893,-30.22694222221857,9
final_2026,D1,week,fixed_0.2,49,-108.96531836733047,-18.790495918366663,-759.9419251130903,512.4447453518704,-954.9040188888574,737.0557359137957,9
final_2026,D1,week,fixed_0.5,49,-423.6867653061042,-42.0260704081629,-1346.5166101560794,473.12570089278734,-1754.0444617028315,994.0611725764378,9
final_2026,D1,week,price_0.0005,49,21.056408163271342,2.2367448979594715,-47.50060145367539,99.78958654395136,-71.35883447346606,162.0877698776757,9
final_2026,D1,week,price_0.001,49,-184.0236204081444,-10.018891836734023,-350.65220132595095,-3.788662222221683,-418.66618861529173,71.07237409018093,9
final_2026,D1,week,price_0.002,49,-638.2352163265206,-36.30327448979585,-848.5914135412172,-447.58940653814625,-984.3949766761261,-355.60629747739773,9
final_2026,D1,week,price_0.005,49,-370.57602346936915,-24.903597959183074,-1363.5717065295858,620.2846204953044,-1746.2602515075976,1058.5263696189973,9
final_2026,D1,week,q_0.5,49,291.4909204081764,16.385912244898194,112.35862913854731,487.51363722039156,35.89957647082942,597.1649551134344,9
final_2026,D1,week,q_0.75,49,-445.2100459183469,-42.707077551019474,-962.6203185904175,7.8225674636778,-1204.2402036929996,173.31919648876303,9
final_2026,D1,week,q_0.9,49,-865.2388653061029,-36.899220408163174,-2032.7342511266904,95.13170641283338,-2553.0298516743496,446.83070271575605,9
final_2026,D1,week,selected_atrD,49,101.2858928571522,6.131422448980129,-25.431117777780734,206.01619484541655,-93.7244392678287,261.4329834546386,9
final_2026,D1,week,selected_atrH,49,131.27621938775994,6.76723469387811,-15.387914024998825,264.4649680522304,-92.08174688453616,344.45459492869736,9
final_2026,D1,week,selected_combo,16,-52.15576562499945,-1.3856531250006974,-516.805693624993,257.8755714285841,-981.1815391623262,386.0972245833355,9
final_2026,D1,week,selected_fixed,49,291.4909204081764,16.385912244898194,112.35862913854731,487.51363722039156,35.89957647082942,597.1649551134344,9
final_2026,D1,week,selected_price,49,21.056408163271342,2.2367448979594715,-47.50060145367539,99.78958654395136,-71.35883447346606,162.0877698776757,9
final_2026,D1,week,selected_q,49,291.4909204081764,16.385912244898194,112.35862913854731,487.51363722039156,35.89957647082942,597.1649551134344,9
final_2026,H1,four_weeks,atrD_0.025,599,126.41758555925506,8.870453839732594,21.854121420675575,206.12253042477448,-36.43216250456231,234.06473681939994,9
final_2026,H1,four_weeks,atrD_0.05,599,297.0654013355468,7.156372454089784,118.66332456503696,483.5480483596066,36.946988320889325,567.8982958841473,9
final_2026,H1,four_weeks,atrD_0.1,599,776.959501085134,21.905555926543986,349.94553259043363,1180.8915664278668,29.252571835837408,1364.957730202407,9
final_2026,H1,four_weeks,atrD_0.25,599,589.8615305509085,-2.925144490818159,10.843740322579013,1099.58720704655,-302.4724380198891,1260.2851155205383,9
final_2026,H1,four_weeks,atrH_0.1,599,142.03794207011026,9.410352003338668,-27.40406334078876,294.4092682677994,-138.18596068359477,368.3266223078672,9
final_2026,H1,four_weeks,atrH_0.25,599,385.7460918196983,12.577772954924779,79.92821583775867,671.7722349726438,-45.38465445466708,810.9515488169237,9
final_2026,H1,four_weeks,atrH_0.5,599,673.01202053422,15.354716694490703,224.0963880652963,1136.5764194700082,-3.3396068686116447,1402.2123196121015,9
final_2026,H1,four_weeks,atrH_1,599,578.5769025876363,-3.4703183639401183,79.53194812778517,1023.7601756864087,-268.7599229159999,1297.9051213627008,9
final_2026,H1,four_weeks,combo_0.25_1,597,387.18193065326466,12.60315912897812,80.20812717161989,677.9547424800606,-45.37812528226604,815.8389918315632,9
final_2026,H1,four_weeks,combo_0.5_2,597,673.9614969849204,15.49327839195967,225.47176718944002,1137.049430369323,-4.1657416027724326,1402.274902706471,9
final_2026,H1,four_weeks,combo_1_2,597,580.1545518425352,-3.1247316582916946,78.98861149232428,1028.0887070262909,-268.81068838457475,1299.228703540286,9
final_2026,H1,four_weeks,fixed_0,599,155.7541954924838,17.861081636059886,-124.7259183460182,374.5373759657643,-304.4383697420218,473.24806364449967,9
final_2026,H1,four_weeks,fixed_0.01,599,236.40303631051725,18.503144156927956,52.23037856312466,408.428779094565,-33.669045450198944,478.0398375005292,9
final_2026,H1,four_weeks,fixed_0.03,599,123.42442771284693,9.09856043405658,-35.556962924311435,232.59970234810018,-125.9922543801738,256.47671360105056,9
final_2026,H1,four_weeks,fixed_0.05,599,0.0,0.0,0.0,0.0,0.0,0.0,9
final_2026,H1,four_weeks,fixed_0.1,599,525.8960691986562,11.611130717862888,291.07155735052976,772.0556926715394,143.1588907104092,869.5587676168416,9
final_2026,H1,four_weeks,fixed_0.2,599,586.2968843071669,0.9337148580965161,75.04542727818078,1087.7417433045543,-265.88039478948747,1332.4138192404953,9
final_2026,H1,four_weeks,fixed_0.5,599,803.3664498330455,-4.11156293823052,110.7581475205439,1444.766228909432,-339.8854878331754,1758.0680139632225,9
final_2026,H1,four_weeks,price_0.0005,599,61.5979292153558,3.8347040066776183,1.7428769811197704,120.09401223646958,-29.3810063074178,139.85901254213397,9
final_2026,H1,four_weeks,price_0.001,599,479.7342934056711,12.118683639398764,295.92905119854663,674.0917399877703,184.08360738660033,766.2251482629034,9
final_2026,H1,four_weeks,price_0.002,599,492.6901363105149,3.597536894824778,74.95491971448206,893.530488510674,-184.71957717943792,1053.3711458459238,9
final_2026,H1,four_weeks,price_0.005,599,734.7725726210257,-6.707081803005093,126.09059612546169,1256.37135496031,-366.5817912438224,1455.2552243926561,9
final_2026,H1,four_weeks,q_0.5,599,619.3274601836357,4.072561185308878,70.93216337463515,1101.7966085542807,-260.5308901159004,1323.6551743970206,9
final_2026,H1,four_weeks,q_0.75,599,587.1909479131771,-95.20415976627731,-324.96200439025864,1536.3623261150647,-716.259315105703,2041.0822549783397,9
final_2026,H1,four_weeks,q_0.9,599,339.4873298831271,-459.2775629382304,-526.7491323605396,1205.5674540281436,-972.0047223688161,1724.999278575106,9
final_2026,H1,four_weeks,selected_atrD,599,589.8615305509085,-2.925144490818159,10.843740322579013,1099.58720704655,-302.4724380198891,1260.2851155205383,9
final_2026,H1,four_weeks,selected_atrH,599,578.5769025876363,-3.4703183639401183,79.53194812778517,1023.7601756864087,-268.7599229159999,1297.9051213627008,9
final_2026,H1,four_weeks,selected_combo,597,580.1545518425352,-3.1247316582916946,78.98861149232428,1028.0887070262909,-268.81068838457475,1299.228703540286,9
final_2026,H1,four_weeks,selected_fixed,599,803.3664498330455,-4.11156293823052,110.7581475205439,1444.766228909432,-339.8854878331754,1758.0680139632225,9
final_2026,H1,four_weeks,selected_price,599,734.7725726210257,-6.707081803005093,126.09059612546169,1256.37135496031,-366.5817912438224,1455.2552243926561,9
final_2026,H1,four_weeks,selected_q,599,339.4873298831271,-459.2775629382304,-526.7491323605396,1205.5674540281436,-972.0047223688161,1724.999278575106,9
final_2026,H1,intraday,atrD_0.025,79,-68.60473354432051,3.4579658227844643,-432.09910821982066,199.83247001703825,-561.3839766653296,223.39166981721698,10
final_2026,H1,intraday,atrD_0.05,79,264.7745056961858,4.8002810126576305,-20.325688771589235,743.7129801569853,-41.95443288806855,948.6025493508299,10
final_2026,H1,intraday,atrD_0.1,79,488.1093215189741,-0.3027430379750612,-223.04521260195241,1696.5015716311018,-444.1896476722239,2674.24830480099,10
final_2026,H1,intraday,atrD_0.25,79,740.9275234177312,-21.73170189873362,-200.72418958924544,2339.9944299451204,-523.58471174929,3922.712109824451,10
final_2026,H1,intraday,atrH_0.1,79,-60.860181645583104,5.721836708860499,-423.9604138933161,215.69888674968942,-544.9466907297825,244.56812666867913,10
final_2026,H1,intraday,atrH_0.25,79,213.22945886075274,5.421772784810031,-112.15629760762589,749.8249987176124,-138.63422440755448,949.7992929044478,10
final_2026,H1,intraday,atrH_0.5,79,488.22812974683444,-0.21595949367065403,-311.06692274283864,1977.2960913721367,-544.8201159374732,3347.8998487106915,10
final_2026,H1,intraday,atrH_1,79,400.9957892405057,-26.320822784810108,-666.66197760974,2080.008433668103,-1088.2296049892657,3407.636919357095,10
final_2026,H1,intraday,combo_0.25_1,77,219.88092012985982,5.432727922077757,-114.0789389171913,759.1657790555838,-139.87057134985923,954.1874433659345,10
final_2026,H1,intraday,combo_0.5_2,77,510.13469545454126,0.03817142857161349,-307.5347412499702,2021.8950353754694,-556.8288196285617,3429.2163284988605,10
final_2026,H1,intraday,combo_1_2,77,442.9557188311609,-25.824614285714404,-651.4005177724122,2156.4501906079186,-1104.6691995156025,3558.8873270153163,10
final_2026,H1,intraday,fixed_0,79,-233.4708835442959,12.063401265822947,-591.7244562584201,220.7520982281228,-871.545550300947,427.28911552366554,10
final_2026,H1,intraday,fixed_0.01,79,6.563592405047045,13.914716455696013,-456.3196248821285,380.69726830078594,-744.158692837242,438.51233821046424,10
final_2026,H1,intraday,fixed_0.03,79,-177.16553101267544,3.828062658227516,-614.4011032608543,175.47918041421877,-891.6562143561218,203.00631108137978,10
final_2026,H1,intraday,fixed_0.05,79,0.0,0.0,0.0,0.0,0.0,0.0,10
final_2026,H1,intraday,fixed_0.1,79,522.3482740506336,4.603920253164904,-193.6911723886049,1714.1088429449026,-396.4491320338379,2693.550725889212,10
final_2026,H1,intraday,fixed_0.2,79,458.5892740506272,-21.79076329113947,-260.703369228203,1820.3013632464226,-578.518022326016,3106.3761573101224,10
final_2026,H1,intraday,fixed_0.5,79,1693.8415746835462,17.53091075949379,656.8219711794167,3241.785364759477,-65.70619796845973,4728.882893426483,10
final_2026,H1,intraday,price_0.0005,79,46.80811645568565,2.0055999999999563,13.995611243227247,95.52835556647776,6.489774007862904,113.69890463049202,10
final_2026,H1,intraday,price_0.001,79,618.2635291139196,10.22904050632896,-119.27889234182258,1828.082809116353,-323.23211844158027,2808.5437394530136,10
final_2026,H1,intraday,price_0.002,79,525.095620253175,-12.41282974683484,-211.8624829038587,1883.6101676028884,-524.7395841417097,3140.232529190903,10
final_2026,H1,intraday,price_0.005,79,1464.858399999999,7.366184177215165,510.2367731275435,2939.0882537690813,-150.87555919632808,4420.259433167065,10
final_2026,H1,intraday,q_0.5,79,-233.4708835442959,12.063401265822947,-591.7244562584201,220.7520982281228,-871.545550300947,427.28911552366554,10
final_2026,H1,intraday,q_0.75,79,554.2597101265836,3.6835487341772946,-210.5869653397534,2004.0732057884425,-441.3314191712409,3307.110751581599,10
final_2026,H1,intraday,q_0.9,79,1271.3130727848109,6.775115822785004,301.5991657065399,2904.5617388036417,-294.14473982953547,4646.011137536959,10
final_2026,H1,intraday,selected_atrD,79,740.9275234177312,-21.73170189873362,-200.72418958924544,2339.9944299451204,-523.58471174929,3922.712109824451,10
final_2026,H1,intraday,selected_atrH,79,400.9957892405057,-26.320822784810108,-666.66197760974,2080.008433668103,-1088.2296049892657,3407.636919357095,10
final_2026,H1,intraday,selected_combo,77,442.9557188311609,-25.824614285714404,-651.4005177724122,2156.4501906079186,-1104.6691995156025,3558.8873270153163,10
final_2026,H1,intraday,selected_fixed,79,1693.8415746835462,17.53091075949379,656.8219711794167,3241.785364759477,-65.70619796845973,4728.882893426483,10
final_2026,H1,intraday,selected_price,79,1464.858399999999,7.366184177215165,510.2367731275435,2939.0882537690813,-150.87555919632808,4420.259433167065,10
final_2026,H1,intraday,selected_q,79,1271.3130727848109,6.775115822785004,301.5991657065399,2904.5617388036417,-294.14473982953547,4646.011137536959,10
final_2026,H1,two_weeks,atrD_0.025,641,97.85035358813494,8.327081825272804,-37.874527438172,199.40102759254913,-106.31672584536011,232.55540142283866,9
final_2026,H1,two_weeks,atrD_0.05,641,274.54218900154916,6.392385335413101,96.88480728548065,459.66444700461574,26.053796245409774,549.5270171135701,9
final_2026,H1,two_weeks,atrD_0.1,641,810.2251393915686,22.276462090483378,432.66115000949014,1182.5817425312757,219.4972202319899,1367.5634883166417,9
final_2026,H1,two_weeks,atrD_0.25,641,697.4295482839249,1.7994658346333607,126.3550381398997,1184.5179724737131,-171.17514592265775,1346.9282463815866,9
final_2026,H1,two_weeks,atrH_0.1,641,113.85722847113298,8.927178783151138,-64.85141552809985,279.66609580069144,-161.54729211312312,358.217483040272,9
final_2026,H1,two_weeks,atrH_0.25,641,390.025782059281,12.756021840873524,111.15412938659748,653.3950092377452,-4.056230493447745,810.61557523581,9
final_2026,H1,two_weeks,atrH_0.5,641,706.3578063962535,15.718569734789305,319.4333678882946,1138.8596551674348,112.3900993755049,1390.188812259435,9
final_2026,H1,two_weeks,atrH_1,641,638.2465304992118,-0.3116875195009996,199.68979203311002,1049.4588507468693,-40.39454055635955,1299.1639147346227,9
final_2026,H1,two_weeks,combo_0.25_1,639,391.38064147104683,12.780297339592996,111.74010414368716,656.0820386389809,-3.9493970338335496,815.2225854197258,9
final_2026,H1,two_weeks,combo_0.5_2,639,707.3492446009358,15.849162910798027,319.41068733801814,1143.3932772152848,111.5930444494373,1390.2505648690847,9
final_2026,H1,two_weeks,combo_1_2,639,639.9072438967042,0.0210707355240195,200.73909638689895,1053.2409124441047,-40.42494313519921,1300.48737183611,9
final_2026,H1,two_weeks,fixed_0,641,134.2707773790915,18.521325741029475,-134.19825702980947,354.55647059063915,-307.1987575453252,440.1610640754015,9
final_2026,H1,two_weeks,fixed_0.01,641,209.81544048361943,18.139080421216647,28.052327273730697,397.9361009103815,-63.37325988092099,468.88926951975577,9
final_2026,H1,two_weeks,fixed_0.03,641,94.95255312011835,8.509036973478823,-80.52960256910693,230.59552344734482,-154.00776387643842,253.07638265034382,9
final_2026,H1,two_weeks,fixed_0.05,641,0.0,0.0,0.0,0.0,0.0,0.0,9
final_2026,H1,two_weeks,fixed_0.1,641,581.7661666146569,12.874292589703382,381.24231395281714,804.1241554642575,270.89315265170285,879.6915587602518,9
final_2026,H1,two_weeks,fixed_0.2,641,617.5155613884461,0.9918723868952238,162.4949946675556,1083.3292121042516,-49.38812681425128,1325.095678684083,9
final_2026,H1,two_weeks,fixed_0.5,641,921.19658291731,0.11862753510129909,262.6113961884678,1552.2771454409512,-234.8370997533869,1833.6058918270355,9
final_2026,H1,two_weeks,price_0.0005,641,57.46826770670529,3.5678435257408547,1.6334587565302394,113.80779050144356,-24.937722533177013,139.47244423602777,9
final_2026,H1,two_weeks,price_0.001,641,508.4494276131004,12.173276833073142,364.73537586805963,688.0649947629006,302.20514512219154,766.5437515149955,9
final_2026,H1,two_weeks,price_0.002,641,541.7564212168477,4.664954680187316,166.36089055704548,913.215729319834,-48.13370908877713,1047.0446033612282,9
final_2026,H1,two_weeks,price_0.005,641,845.9887363494471,-2.499860998440016,245.35833111029922,1381.2367498162266,-211.84392256813095,1555.973746741086,9
final_2026,H1,two_weeks,q_0.5,641,693.1961613104486,8.000886271450879,230.67920434491074,1142.9099805627864,0.6693472756191668,1346.152740507159,9
final_2026,H1,two_weeks,q_0.75,641,775.9694844773718,-56.0707243369736,-83.3011097013669,1591.6121008351026,-487.6349549296926,1974.236998335055,9
final_2026,H1,two_weeks,q_0.9,641,695.7417572542828,-202.82429274570995,-254.51501388317573,1678.1085947983224,-656.0839301955612,2193.151251679105,9
final_2026,H1,two_weeks,selected_atrD,641,697.4295482839249,1.7994658346333607,126.3550381398997,1184.5179724737131,-171.17514592265775,1346.9282463815866,9
final_2026,H1,two_weeks,selected_atrH,641,638.2465304992118,-0.3116875195009996,199.68979203311002,1049.4588507468693,-40.39454055635955,1299.1639147346227,9
final_2026,H1,two_weeks,selected_combo,639,639.9072438967042,0.0210707355240195,200.73909638689895,1053.2409124441047,-40.42494313519921,1300.48737183611,9
final_2026,H1,two_weeks,selected_fixed,641,921.19658291731,0.11862753510129909,262.6113961884678,1552.2771454409512,-234.8370997533869,1833.6058918270355,9
final_2026,H1,two_weeks,selected_price,641,845.9887363494471,-2.499860998440016,245.35833111029922,1381.2367498162266,-211.84392256813095,1555.973746741086,9
final_2026,H1,two_weeks,selected_q,641,695.7417572542828,-202.82429274570995,-254.51501388317573,1678.1085947983224,-656.0839301955612,2193.151251679105,9
final_2026,H1,week,atrD_0.025,659,63.415043930190414,7.4453432473443275,-120.52876731034027,196.80562002883917,-207.821983518553,229.0287852344575,9
final_2026,H1,week,atrD_0.05,659,263.2971615326157,6.351290136570286,84.86335661135105,453.095648778058,13.799309968112427,549.9459210674942,9
final_2026,H1,week,atrD_0.1,659,763.8464110015096,20.46099734446103,393.8596598158046,1167.3331066321903,167.41407297693658,1369.0644375106176,9
final_2026,H1,week,atrD_0.25,659,666.3419798937732,0.458178679817937,99.99150796863395,1154.7210537142741,-215.5728421871007,1302.3878507590127,9
final_2026,H1,week,atrH_0.1,659,77.43784643398716,7.999349924127335,-139.21159009776574,270.56092329472926,-255.00602122877845,356.7649705071204,9
final_2026,H1,week,atrH_0.25,659,362.1363344461302,11.204816843702504,100.0207155350921,628.362422142175,-12.588906551099736,786.4196159381265,9
final_2026,H1,week,atrH_0.5,659,655.0441499999978,14.290568740515859,260.0440757437189,1104.316916905592,74.67860221011158,1393.3515755215801,9
final_2026,H1,week,atrH_1,659,592.5961945371706,-1.9263742792111023,156.27871195349013,1038.9781096863367,-47.55138134190278,1347.5254555314252,9
final_2026,H1,week,combo_0.25_1,657,363.3691750380511,11.223705175037969,100.56482488389919,630.0373359992225,-12.478435451802548,787.8398173602809,9
final_2026,H1,week,combo_0.5_2,657,655.8522195585969,14.413236986301284,260.2593221221601,1105.3840644669995,73.79594546413333,1395.076498970855,9
final_2026,H1,week,combo_1_2,657,594.0724429223665,-1.6076480213091737,156.94647560756496,1039.0203318841368,-47.825866841753566,1348.5947626351256,9
final_2026,H1,week,fixed_0,659,70.83834165402006,14.69049135053101,-215.344142874801,320.3019603316423,-391.01895649234336,427.2398642738538,9
final_2026,H1,week,fixed_0.01,659,144.54506494689036,14.319933080424725,-73.40247813884699,357.62883813680935,-171.91103583541351,441.1841889360109,9
final_2026,H1,week,fixed_0.03,659,58.24664544764326,7.501030349013592,-156.11504723502264,225.0422157342688,-239.65945018218318,246.46066664827845,9
final_2026,H1,week,fixed_0.05,659,0.0,0.0,0.0,0.0,0.0,0.0,9
final_2026,H1,week,fixed_0.1,659,551.8733536418744,12.332874279210733,352.39331855235616,786.3685535010168,248.1549484301893,889.7054236068465,9
final_2026,H1,week,fixed_0.2,659,600.7426783004469,1.2740450682850748,147.30572170596128,1090.6320989881858,-60.07670188484274,1361.4094995035694,9
final_2026,H1,week,fixed_0.5,659,879.0415245826958,-2.2074149468892386,204.25110258659154,1478.877353748786,-322.3076694737278,1723.9480271089276,9
final_2026,H1,week,price_0.0005,659,53.884836570558846,3.39370986342931,0.16130578231349166,107.86956562508077,-24.66232127905317,133.47859675955587,9
final_2026,H1,week,price_0.001,659,484.4923009104668,11.586909559939146,327.90413145029464,681.7746764072872,258.7571698438047,786.2106607979962,9
final_2026,H1,week,price_0.002,659,484.0821051593322,2.5741427162368646,116.10510249653537,876.8558482622889,-48.147477437090075,1046.214787604595,9
final_2026,H1,week,price_0.005,659,894.7903193474913,4.629187556904428,255.40440956224307,1437.9786913261762,-243.2438837186251,1641.4635281303083,9
final_2026,H1,week,q_0.5,659,559.9202111532568,4.458168285280597,108.56022364999647,1052.0605318595904,-71.91637018195111,1365.8195595348511,9
final_2026,H1,week,q_0.75,659,775.0435739757158,-28.143676555386914,80.56372419986025,1412.608209540325,-244.0656754662288,1727.6770239234718,9
final_2026,H1,week,q_0.9,659,787.1831996206317,-92.49577291350522,-0.9132231070656991,1598.0623086261153,-297.4598991947293,2047.1557765669424,9
final_2026,H1,week,selected_atrD,659,666.3419798937732,0.458178679817937,99.99150796863395,1154.7210537142741,-215.5728421871007,1302.3878507590127,9
final_2026,H1,week,selected_atrH,659,592.5961945371706,-1.9263742792111023,156.27871195349013,1038.9781096863367,-47.55138134190278,1347.5254555314252,9
final_2026,H1,week,selected_combo,657,594.0724429223665,-1.6076480213091737,156.94647560756496,1039.0203318841368,-47.825866841753566,1348.5947626351256,9
final_2026,H1,week,selected_fixed,659,879.0415245826958,-2.2074149468892386,204.25110258659154,1478.877353748786,-322.3076694737278,1723.9480271089276,9
final_2026,H1,week,selected_price,659,894.7903193474913,4.629187556904428,255.40440956224307,1437.9786913261762,-243.2438837186251,1641.4635281303083,9
final_2026,H1,week,selected_q,659,787.1831996206317,-92.49577291350522,-0.9132231070656991,1598.0623086261153,-297.4598991947293,2047.1557765669424,9
