phase,tf,horizon,method,dimension,value,n,mean_RUB,delta_RUB,one_contract_RUB,stop_pct
all_oos,D1,four_weeks,atrD_0.025,side,-1,76,3080.7832822368355,8.153338815789107,697.8352052631575,51.31578947368421
all_oos,D1,four_weeks,atrD_0.025,side,1,77,731.083393506469,110.67138961039268,-186.5434707792223,46.75324675324675
all_oos,D1,four_weeks,atrD_0.025,volatility,high,71,395.3250049295675,75.78453450703813,87.15923239436562,54.929577464788736
all_oos,D1,four_weeks,atrD_0.025,volatility,low,82,3199.5716512194927,45.86157073171344,396.1380835365842,43.90243902439025
all_oos,D1,four_weeks,atrD_0.025,session,10to19,2,332.41734999985147,64.99999999994088,74.96269999998799,50.0
all_oos,D1,four_weeks,atrD_0.025,session,before10,151,1918.9941460264763,59.67781953642602,255.11061556291307,49.00662251655629
all_oos,D1,four_weeks,atrD_0.025,trend,down,80,1020.3958043749923,27.97355312499991,42.61069999999963,51.24999999999999
all_oos,D1,four_weeks,atrD_0.025,trend,up,73,2860.291594520524,94.5680342465783,483.05167602739556,46.57534246575342
all_oos,D1,four_weeks,atrD_0.025,structure_regime,post_20240613,125,1777.001759599984,75.41638160000196,247.0961311999989,49.6
all_oos,D1,four_weeks,atrD_0.025,structure_regime,pre_20240613,28,2439.561814285701,-10.203462500001251,278.0218553571426,46.42857142857143
all_oos,D1,four_weeks,atrD_0.025,fold,0,28,2439.561814285701,-10.203462500001251,278.0218553571426,46.42857142857143
all_oos,D1,four_weeks,atrD_0.025,fold,1,28,3667.1960053571092,101.35900178570266,448.5640857142831,42.857142857142854
all_oos,D1,four_weeks,atrD_0.025,fold,2,25,81.63798399999091,-46.38827200000313,113.27185599999977,60.0
all_oos,D1,four_weeks,atrD_0.025,fold,3,29,269.35486034481386,110.5911982758644,131.43511551723986,51.724137931034484
all_oos,D1,four_weeks,atrD_0.025,fold,4,43,2548.6393313953395,105.61762093024606,271.7164476744182,46.51162790697674
all_oos,D1,four_weeks,atrD_0.05,side,-1,76,3036.1265217105306,-36.50342171051656,680.6143092105259,51.31578947368421
all_oos,D1,four_weeks,atrD_0.05,side,1,77,656.3414441558167,35.92944025974078,-200.14175649350818,46.75324675324675
all_oos,D1,four_weeks,atrD_0.05,volatility,high,71,298.89796690139974,-20.64250352112952,63.93071478873177,54.929577464788736
all_oos,D1,four_weeks,atrD_0.05,volatility,low,82,3171.489648780474,17.779568292694844,387.52062804877914,43.90243902439025
all_oos,D1,four_weeks,atrD_0.05,session,10to19,2,137.41734999984328,-130.0000000000673,59.96269999998742,50.0
all_oos,D1,four_weeks,atrD_0.05,session,before10,151,1860.9872327814471,1.6709062913967934,239.70759503311172,49.00662251655629
all_oos,D1,four_weeks,atrD_0.05,trend,down,80,1011.0926799999925,18.6704287500002,26.69137937499936,51.24999999999999
all_oos,D1,four_weeks,atrD_0.05,trend,up,73,2745.157430821902,-20.566129452044315,468.2255054794507,46.57534246575342
all_oos,D1,four_weeks,atrD_0.05,structure_regime,post_20240613,125,1689.3682687999867,-12.217109199995415,230.32894319999883,49.6
all_oos,D1,four_weeks,atrD_0.05,structure_regime,pre_20240613,28,2504.0311874999948,54.26591071429315,268.7376553571425,46.42857142857143
all_oos,D1,four_weeks,atrD_0.05,fold,0,28,2504.0311874999948,54.26591071429315,268.7376553571425,46.42857142857143
all_oos,D1,four_weeks,atrD_0.05,fold,1,28,3571.349278571396,5.512274999988741,426.51213571428286,42.857142857142854
all_oos,D1,four_weeks,atrD_0.05,fold,2,25,143.17021199999894,15.1439560000048,88.54872400000005,60.0
all_oos,D1,four_weeks,atrD_0.05,fold,3,29,156.37361034481515,-2.3900517241342545,119.68470344827404,51.724137931034484
all_oos,D1,four_weeks,atrD_0.05,fold,4,43,2396.7247395348763,-46.29697093021717,259.63264186046473,46.51162790697674
all_oos,D1,four_weeks,atrD_0.1,side,-1,76,3281.952521710526,209.32257828947886,753.4071105263153,48.68421052631579
all_oos,D1,four_weeks,atrD_0.1,side,1,77,404.0310487012747,-216.38095519480154,-230.6517240259759,46.75324675324675
all_oos,D1,four_weeks,atrD_0.1,volatility,high,71,749.3021485915423,429.76167816901295,128.50847746478783,52.112676056338024
all_oos,D1,four_weeks,atrD_0.1,volatility,low,82,2772.4186567073007,-381.2914237804785,370.4226310975594,43.90243902439025
all_oos,D1,four_weeks,atrD_0.1,session,10to19,2,-342.5453500001031,-609.9627000000137,24.962699999990832,50.0
all_oos,D1,four_weeks,atrD_0.1,session,before10,151,1862.409755629128,3.093429139077526,261.25054470198563,47.682119205298015
all_oos,D1,four_weeks,atrD_0.1,trend,down,80,950.0383718749905,-42.383879375001996,11.169338749999179,50.0
all_oos,D1,four_weeks,atrD_0.1,trend,up,73,2801.8590773972446,36.135517123298996,528.8385006849297,45.20547945205479
all_oos,D1,four_weeks,atrD_0.1,structure_regime,post_20240613,125,1735.7157587999866,34.130380800004325,260.58394039999854,48.0
all_oos,D1,four_weeks,atrD_0.1,structure_regime,pre_20240613,28,2270.511162499992,-179.25411428570942,247.34875357142826,46.42857142857143
all_oos,D1,four_weeks,atrD_0.1,fold,0,28,2270.511162499992,-179.25411428570942,247.34875357142826,46.42857142857143
all_oos,D1,four_weeks,atrD_0.1,fold,1,28,3146.490332142837,-419.3466714285692,398.58628214285534,42.857142857142854
all_oos,D1,four_weeks,atrD_0.1,fold,2,25,826.2006139999975,698.1743580000029,272.4598879999996,56.00000000000001
all_oos,D1,four_weeks,atrD_0.1,fold,3,29,746.0337620689494,587.2700999999998,154.26656724137717,48.275862068965516
all_oos,D1,four_weeks,atrD_0.1,fold,4,43,2013.319676744173,-429.7020337209207,235.51974418604507,46.51162790697674
all_oos,D1,four_weeks,atrD_0.25,side,-1,76,2040.8865835526349,-1031.7433598684124,682.6250532894738,48.68421052631579
all_oos,D1,four_weeks,atrD_0.25,side,1,77,95.76870129868536,-524.6433025973906,-290.6645551948066,44.15584415584416
all_oos,D1,four_weeks,atrD_0.25,volatility,high,71,-31.70792887324223,-351.2483992957714,43.66584507042236,50.70422535211267
all_oos,D1,four_weeks,atrD_0.25,volatility,low,82,2008.9369914634053,-1144.7730890243738,321.9275402439013,42.68292682926829
all_oos,D1,four_weeks,atrD_0.25,session,10to19,2,-714.3934500000541,-981.8107999999647,-79.37705000000608,50.0
all_oos,D1,four_weeks,atrD_0.25,session,before10,151,1085.4990546357558,-773.8172718542946,196.40455231788016,46.35761589403973
all_oos,D1,four_weeks,atrD_0.25,trend,down,80,254.22815874999793,-738.1940924999944,-63.38370500000028,48.75
all_oos,D1,four_weeks,atrD_0.25,trend,up,73,1947.168734931496,-818.5548253424502,473.54835205479344,43.83561643835616
all_oos,D1,four_weeks,atrD_0.25,structure_regime,post_20240613,125,1025.7307191999935,-675.8546587999887,193.77908199999928,46.400000000000006
all_oos,D1,four_weeks,atrD_0.25,structure_regime,pre_20240613,28,1223.7582303571362,-1226.0070464285654,188.42671607142827,46.42857142857143
all_oos,D1,four_weeks,atrD_0.25,fold,0,28,1223.7582303571362,-1226.0070464285654,188.42671607142827,46.42857142857143
all_oos,D1,four_weeks,atrD_0.25,fold,1,28,1869.0775749999896,-1696.7594285714174,323.7325767857132,42.857142857142854
all_oos,D1,four_weeks,atrD_0.25,fold,2,25,578.8352299999981,450.80897400000356,190.81137600000022,52.0
all_oos,D1,four_weeks,atrD_0.25,fold,3,29,12.901648275848103,-145.8620137931014,89.48671034482533,48.275862068965516
all_oos,D1,four_weeks,atrD_0.25,fold,4,43,1419.4683546511624,-1023.5533558139311,181.22032790697662,44.18604651162791
all_oos,D1,four_weeks,atrH_0.1,side,-1,76,3085.4187203947317,12.788776973684627,699.0598749999997,51.31578947368421
all_oos,D1,four_weeks,atrH_0.1,side,1,77,677.5531402597164,57.14113636364005,-185.48950259740394,46.75324675324675
all_oos,D1,four_weeks,atrH_0.1,volatility,high,71,319.70441056337717,0.16394014084799494,89.45607253521115,54.929577464788736
all_oos,D1,four_weeks,atrH_0.1,volatility,low,82,3219.078065853634,65.36798536585498,396.2741176829253,43.90243902439025
all_oos,D1,four_weeks,atrH_0.1,session,10to19,2,-94.71770000008291,-362.1350499999935,84.9626999999931,50.0
all_oos,D1,four_weeks,atrH_0.1,session,before10,151,1899.6877480132307,40.371421523180814,256.13200927152235,49.00662251655629
all_oos,D1,four_weeks,atrH_0.1,trend,down,80,952.213738124995,-40.20851312499717,44.663564374999964,51.24999999999999
all_oos,D1,four_weeks,atrH_0.1,trend,up,73,2883.3741849314815,117.65062465753547,483.18868013698454,46.57534246575342
all_oos,D1,four_weeks,atrH_0.1,structure_regime,post_20240613,125,1744.9254699999842,43.340092000002024,248.4099747999989,49.6
all_oos,D1,four_weeks,atrH_0.1,structure_regime,pre_20240613,28,2448.133242857133,-1.632033928569204,278.3789982142857,46.42857142857143
all_oos,D1,four_weeks,atrH_0.1,fold,0,28,2448.133242857133,-1.632033928569204,278.3789982142857,46.42857142857143
all_oos,D1,four_weeks,atrH_0.1,fold,1,28,3527.193816071403,-38.64318750000351,447.2142821428553,42.857142857142854
all_oos,D1,four_weeks,atrH_0.1,fold,2,25,99.32709399999621,-28.69916199999796,116.9065799999999,60.0
all_oos,D1,four_weeks,atrH_0.1,fold,3,29,198.62257413791355,39.85891206896404,133.5040810344808,51.724137931034484
all_oos,D1,four_weeks,atrH_0.1,fold,4,43,2583.977323255799,140.95561279070566,272.9061418604646,46.51162790697674
all_oos,D1,four_weeks,atrH_0.25,side,-1,76,2927.7963368421033,-144.8336065789433,676.2202032894734,51.31578947368421
all_oos,D1,four_weeks,atrH_0.25,side,1,77,624.4646402597174,4.052636363641417,-204.58584090909244,46.75324675324675
all_oos,D1,four_weeks,atrH_0.25,volatility,high,71,284.20618873239056,-35.334281690138816,60.41956830985909,54.929577464788736
all_oos,D1,four_weeks,atrH_0.25,volatility,low,82,3053.8738963414444,-99.8361841463347,382.3150774390228,43.90243902439025
all_oos,D1,four_weeks,atrH_0.25,session,10to19,2,267.4173499999106,0.0,69.96269999999254,50.0
all_oos,D1,four_weeks,atrH_0.25,session,before10,151,1788.4865178807834,-70.8298086092669,235.09735298013166,49.00662251655629
all_oos,D1,four_weeks,atrH_0.25,trend,down,80,950.0260143749963,-42.396236874995964,22.545817499999906,51.24999999999999
all_oos,D1,four_weeks,atrH_0.25,trend,up,73,2665.674215753403,-100.04934452054279,463.50630547945025,46.57534246575342
all_oos,D1,four_weeks,atrH_0.25,structure_regime,post_20240613,125,1598.3367559999863,-103.24862199999588,226.099687599999,49.6
all_oos,D1,four_weeks,atrH_0.25,structure_regime,pre_20240613,28,2528.7215857142796,78.95630892857791,263.47016964285643,46.42857142857143
all_oos,D1,four_weeks,atrH_0.25,fold,0,28,2528.7215857142796,78.95630892857791,263.47016964285643,46.42857142857143
all_oos,D1,four_weeks,atrH_0.25,fold,1,28,3467.490946428556,-98.34605714285074,414.25944464285607,42.857142857142854
all_oos,D1,four_weeks,atrH_0.25,fold,2,25,147.4361799999985,19.40992400000432,87.0918220000003,60.0
all_oos,D1,four_weeks,atrH_0.25,fold,3,29,35.38809310342913,-123.3755689655203,119.33987586206648,51.724137931034484
all_oos,D1,four_weeks,atrH_0.25,fold,4,43,2278.8415999999843,-164.18011046510884,256.3963848837202,46.51162790697674
all_oos,D1,four_weeks,atrH_0.5,side,-1,76,3014.1100671052627,-58.51987631578432,744.9745355263158,48.68421052631579
all_oos,D1,four_weeks,atrH_0.5,side,1,77,405.49886038958994,-214.91314350648605,-239.1175363636379,46.75324675324675
all_oos,D1,four_weeks,atrH_0.5,volatility,high,71,718.8313274647811,399.29085704225196,122.87115211267545,52.112676056338024
all_oos,D1,four_weeks,atrH_0.5,volatility,low,82,2551.9360134146214,-601.7740670731577,359.5385682926821,43.90243902439025
all_oos,D1,four_weeks,atrH_0.5,session,10to19,2,-102.5453500000649,-369.9626999999755,44.962699999994015,50.0
all_oos,D1,four_weeks,atrH_0.5,session,before10,151,1725.1713115893942,-134.14501490065624,252.42443046357553,47.682119205298015
all_oos,D1,four_weeks,atrH_0.5,trend,down,80,887.6291668749942,-104.79308437499824,5.618843749999451,50.0
all_oos,D1,four_weeks,atrH_0.5,trend,up,73,2592.9512876712174,-172.77227260272858,517.2124232876703,45.20547945205479
all_oos,D1,four_weeks,atrH_0.5,structure_regime,post_20240613,125,1622.6451715999856,-78.94020639999667,251.44950519999887,48.0
all_oos,D1,four_weeks,atrH_0.5,structure_regime,pre_20240613,28,2052.326103571435,-397.4391732142666,241.95808035714387,46.42857142857143
all_oos,D1,four_weeks,atrH_0.5,fold,0,28,2052.326103571435,-397.4391732142666,241.95808035714387,46.42857142857143
all_oos,D1,four_weeks,atrH_0.5,fold,1,28,2765.5780124999815,-800.258991071425,374.13295357142744,42.857142857142854
all_oos,D1,four_weeks,atrH_0.5,fold,2,25,1006.6359179999977,878.6096620000033,268.2095579999996,56.00000000000001
all_oos,D1,four_weeks,atrH_0.5,fold,3,29,501.73670344825643,342.9730413793069,153.5770241379285,48.275862068965516
all_oos,D1,four_weeks,atrH_0.5,fold,4,43,1992.5162732557983,-450.5054372092946,227.8254139534876,46.51162790697674
all_oos,D1,four_weeks,atrH_1,side,-1,76,2200.2381842105256,-872.3917592105217,682.9774769736842,48.68421052631579
all_oos,D1,four_weeks,atrH_1,side,1,77,75.2147461038851,-545.1972577921911,-306.4993707792214,45.45454545454545
all_oos,D1,four_weeks,atrH_1,volatility,high,71,-48.643838732397036,-368.1843091549261,36.790115492957895,52.112676056338024
all_oos,D1,four_weeks,atrH_1,volatility,low,82,2151.9920731707225,-1001.7180073170564,313.33827439024327,42.68292682926829
all_oos,D1,four_weeks,atrH_1,session,10to19,2,-642.5080500000795,-909.9253999999901,-0.037300000007803646,50.0
all_oos,D1,four_weeks,atrH_1,session,before10,151,1154.2692288079422,-705.0470976821085,187.45636622516537,47.019867549668874
all_oos,D1,four_weeks,atrH_1,trend,down,80,289.24891000000036,-703.1733412499922,-68.04766312499957,50.0
all_oos,D1,four_weeks,atrH_1,trend,up,73,2053.009926712316,-712.71363356163,462.32396917808126,43.83561643835616
all_oos,D1,four_weeks,atrH_1,structure_regime,post_20240613,125,1070.2015463999942,-631.3838315999884,182.52385119999954,47.199999999999996
all_oos,D1,four_weeks,atrH_1,structure_regime,pre_20240613,28,1401.230148214279,-1048.5351285714228,196.084117857143,46.42857142857143
all_oos,D1,four_weeks,atrH_1,fold,0,28,1401.230148214279,-1048.5351285714228,196.084117857143,46.42857142857143
all_oos,D1,four_weeks,atrH_1,fold,1,28,1876.000735714276,-1689.836267857131,285.45418392857067,42.857142857142854
all_oos,D1,four_weeks,atrH_1,fold,2,25,160.906178000001,32.87992200000677,147.58488000000102,56.00000000000001
all_oos,D1,four_weeks,atrH_1,fold,3,29,327.7145431034347,168.95088103448506,105.72069655172251,48.275862068965516
all_oos,D1,four_weeks,atrH_1,fold,4,43,1574.902244186045,-868.1194662790488,187.61028023255793,44.18604651162791
all_oos,D1,four_weeks,combo_0.25_1,side,-1,22,4759.144479545442,1007.951690909082,747.9767704545444,45.45454545454545
all_oos,D1,four_weeks,combo_0.25_1,side,1,19,6365.543389473646,-86.59807105262136,912.4212157894709,26.31578947368421
all_oos,D1,four_weeks,combo_0.25_1,volatility,high,22,7481.2424840909025,1217.7749636363562,1146.2360477272725,31.818181818181817
all_oos,D1,four_weeks,combo_0.25_1,volatility,low,19,3213.64043684206,-329.5513342105178,451.2788947368384,42.10526315789473
all_oos,D1,four_weeks,combo_0.25_1,session,10to19,2,-374.68040000008295,-642.0977499999935,69.96269999999254,50.0
all_oos,D1,four_weeks,combo_0.25_1,session,before10,39,5805.022147435875,559.3274192307689,862.8606833333321,35.8974358974359
all_oos,D1,four_weeks,combo_0.25_1,trend,down,16,5973.463934374979,-130.78817187500147,445.54471562499884,31.25
all_oos,D1,four_weeks,combo_0.25_1,trend,up,25,5202.843199999973,904.8873840000011,1066.5110639999978,40.0
all_oos,D1,four_weeks,combo_0.25_1,structure_regime,post_20240613,41,5503.573242682902,500.72131341463415,824.1827329268275,36.58536585365854
all_oos,D1,four_weeks,combo_0.25_1,fold,1,28,3273.8124285714066,-292.024575,411.7768821428553,42.857142857142854
all_oos,D1,four_weeks,combo_0.25_1,fold,2,2,18943.771400000012,14712.557124999996,2918.763850000001,0.0
all_oos,D1,four_weeks,combo_0.25_1,fold,4,11,8735.655649999962,-65.35020909090798,1493.1101499999977,27.27272727272727
all_oos,D1,four_weeks,combo_0.5_2,side,-1,22,3664.4970499999877,-86.69573863637264,701.9138931818175,45.45454545454545
all_oos,D1,four_weeks,combo_0.5_2,side,1,19,5860.362207894716,-591.779252631549,891.8407657894719,26.31578947368421
all_oos,D1,four_weeks,combo_0.5_2,volatility,high,22,6577.907420454538,314.4398999999921,1115.9403636363636,31.818181818181817
all_oos,D1,four_weeks,combo_0.5_2,volatility,low,19,2486.9396736841845,-1056.2520973683922,412.4416947368395,42.10526315789473
all_oos,D1,four_weeks,combo_0.5_2,session,10to19,2,-744.6431000000584,-1012.060449999969,44.962699999994015,50.0
all_oos,D1,four_weeks,combo_0.5_2,session,before10,39,4960.387262820499,-285.30746538460744,828.1321743589734,35.8974358974359
all_oos,D1,four_weeks,combo_0.5_2,trend,down,16,4931.6447281249875,-1172.6073781249916,415.8990812499998,31.25
all_oos,D1,four_weeks,combo_0.5_2,trend,up,25,4522.380055999981,224.42424000000946,1029.3077959999982,40.0
all_oos,D1,four_weeks,combo_0.5_2,structure_regime,post_20240613,41,4682.093098780471,-320.7588304877959,789.9287853658524,36.58536585365854
all_oos,D1,four_weeks,combo_0.5_2,fold,1,28,2592.037808928551,-973.7991946428556,369.09073928571263,42.857142857142854
all_oos,D1,four_weeks,combo_0.5_2,fold,2,2,16025.007550000011,11793.793274999995,2918.763850000001,0.0
all_oos,D1,four_weeks,combo_0.5_2,fold,4,11,7939.885754545446,-861.1201045454235,1474.091981818181,27.27272727272727
all_oos,D1,four_weeks,combo_1_2,side,-1,22,2912.0852045454585,-839.1075840909008,610.3069181818192,45.45454545454545
all_oos,D1,four_weeks,combo_1_2,side,1,19,5736.849297368402,-715.2921631578631,897.2902789473662,21.052631578947366
all_oos,D1,four_weeks,combo_1_2,volatility,high,22,5466.116129545454,-797.3513909090914,1075.639304545455,31.818181818181817
all_oos,D1,four_weeks,combo_1_2,volatility,low,19,2779.5503315789356,-763.6414394736419,358.4843578947354,36.84210526315789
all_oos,D1,four_weeks,combo_1_2,session,10to19,2,-642.5080500000795,-909.9253999999901,-0.037300000007803646,50.0
all_oos,D1,four_weeks,combo_1_2,session,before10,39,4470.539160256409,-775.1555679486984,781.4190282051281,33.33333333333333
all_oos,D1,four_weeks,combo_1_2,trend,down,16,4341.4919031249865,-1762.760203124993,383.15326874999954,31.25
all_oos,D1,four_weeks,combo_1_2,trend,up,25,4144.085627999999,-153.87018799997284,973.7926079999994,36.0
all_oos,D1,four_weeks,combo_1_2,structure_regime,post_20240613,41,4221.122223170725,-781.7297060975417,743.2992073170727,34.146341463414636
all_oos,D1,four_weeks,combo_1_2,fold,1,28,1876.000735714276,-1689.836267857131,285.45418392857067,42.857142857142854
all_oos,D1,four_weeks,combo_1_2,fold,2,2,15300.01552500001,11068.801249999993,2918.763850000001,0.0
all_oos,D1,four_weeks,combo_1_2,fold,4,11,8176.178136363639,-624.8277227272312,1513.1838772727272,18.181818181818183
all_oos,D1,four_weeks,fixed_0,side,-1,76,3428.4350085526303,355.80506513158394,715.5096414473679,51.31578947368421
all_oos,D1,four_weeks,fixed_0,side,1,77,455.104668181787,-165.30733571428908,-226.00982077922257,48.05194805194805
all_oos,D1,four_weeks,fixed_0,volatility,high,71,197.97868309857975,-121.56178732394942,48.2693732394358,56.33802816901409
all_oos,D1,four_weeks,fixed_0,volatility,low,82,3433.5077268292493,279.79764634146994,409.13232987804724,43.90243902439025
all_oos,D1,four_weeks,fixed_0,session,10to19,2,45.28229999988889,-222.1350500000217,94.96269999999106,50.0
all_oos,D1,four_weeks,fixed_0,session,before10,151,1957.0434139072702,97.72708741721968,243.61623278145595,49.668874172185426
all_oos,D1,four_weeks,fixed_0,trend,down,80,1253.333596249986,260.911344999994,61.02997874999919,51.24999999999999
all_oos,D1,four_weeks,fixed_0,trend,up,73,2675.855238356146,-89.8683219178,439.6380582191765,47.94520547945205
all_oos,D1,four_weeks,fixed_0,structure_regime,post_20240613,125,1776.5391827999808,74.95380479999851,230.90532119999855,50.4
all_oos,D1,four_weeks,fixed_0,structure_regime,pre_20240613,28,2626.31150892857,176.54623214286806,289.7432642857145,46.42857142857143
all_oos,D1,four_weeks,fixed_0,fold,0,28,2626.31150892857,176.54623214286806,289.7432642857145,46.42857142857143
all_oos,D1,four_weeks,fixed_0,fold,1,28,2903.2730196428333,-662.5639839285737,313.79309464285546,46.42857142857143
all_oos,D1,four_weeks,fixed_0,fold,2,25,447.97693399998684,319.95067799999305,139.91411599999972,60.0
all_oos,D1,four_weeks,fixed_0,fold,3,29,321.0308034482489,162.26714137929957,145.60100344827313,51.724137931034484
all_oos,D1,four_weeks,fixed_0,fold,4,43,2796.893875581381,353.87216511628776,287.3645697674407,46.51162790697674
all_oos,D1,four_weeks,fixed_0.01,side,-1,76,3376.9579164473676,304.32797302632,709.2884894736839,51.31578947368421
all_oos,D1,four_weeks,fixed_0.01,side,1,77,394.77097727270444,-225.64102662337189,-230.80965064935208,48.05194805194805
all_oos,D1,four_weeks,fixed_0.01,volatility,high,71,177.62639225350944,-141.9140781690195,42.78116619718217,56.33802816901409
all_oos,D1,four_weeks,fixed_0.01,volatility,low,82,3346.764549390231,193.05446890245227,403.61121097560886,43.90243902439025
all_oos,D1,four_weeks,fixed_0.01,session,10to19,2,-24.71770000014658,-292.13505000005716,89.96269999998856,50.0
all_oos,D1,four_weeks,fixed_0.01,session,before10,151,1901.295379470188,41.979052980137894,238.10368675496608,49.668874172185426
all_oos,D1,four_weeks,fixed_0.01,trend,down,80,1201.2026437499903,208.78039249999833,56.02829749999917,51.24999999999999
all_oos,D1,four_weeks,fixed_0.01,trend,up,73,2615.752813698615,-149.97074657533113,433.57970273972495,47.94520547945205
all_oos,D1,four_weeks,fixed_0.01,structure_regime,post_20240613,125,1705.9128171999846,4.32743920000222,225.20989079999893,50.4
all_oos,D1,four_weeks,fixed_0.01,structure_regime,pre_20240613,28,2635.9665982142883,186.20132142858628,285.0837767857142,46.42857142857143
all_oos,D1,four_weeks,fixed_0.01,fold,0,28,2635.9665982142883,186.20132142858628,285.0837767857142,46.42857142857143
all_oos,D1,four_weeks,fixed_0.01,fold,1,28,2845.5425749999768,-720.2944285714296,305.80789285714127,46.42857142857143
all_oos,D1,four_weeks,fixed_0.01,fold,2,25,369.47341199999465,241.44715600000052,133.93451800000008,60.0
all_oos,D1,four_weeks,fixed_0.01,fold,3,29,252.89815344825334,94.13449137930397,140.4427827586183,51.724137931034484
all_oos,D1,four_weeks,fixed_0.01,fold,4,43,2720.7680999999884,277.746389534895,282.963062790697,46.51162790697674
all_oos,D1,four_weeks,fixed_0.03,side,-1,76,3155.1629105263114,82.53296710526385,698.940468421052,51.31578947368421
all_oos,D1,four_weeks,fixed_0.03,side,1,77,652.2181636363347,31.806159740258515,-184.56639935065095,46.75324675324675
all_oos,D1,four_weeks,fixed_0.03,volatility,high,71,402.6206429577362,83.08017253520714,92.42593028168962,54.929577464788736
all_oos,D1,four_weeks,fixed_0.03,volatility,low,82,3188.135538414612,34.42545792683234,394.4588024390228,43.90243902439025
all_oos,D1,four_weeks,fixed_0.03,session,10to19,2,-164.71770000011747,-432.13505000002806,79.9626999999906,50.0
all_oos,D1,four_weeks,fixed_0.03,session,before10,151,1922.7987761589245,63.48244966887427,256.60885728476717,49.00662251655629
all_oos,D1,four_weeks,fixed_0.03,trend,down,80,1014.2002374999887,21.777986249996435,45.80205124999954,51.24999999999999
all_oos,D1,four_weeks,fixed_0.03,trend,up,73,2861.330969862991,95.60740958904444,482.7903938356145,46.57534246575342
all_oos,D1,four_weeks,fixed_0.03,structure_regime,post_20240613,125,1776.6453023999816,75.05992439999919,249.4476155999987,49.6
all_oos,D1,four_weeks,fixed_0.03,structure_regime,pre_20240613,28,2426.1613214285608,-23.60395535714068,275.9611035714282,46.42857142857143
all_oos,D1,four_weeks,fixed_0.03,fold,0,28,2426.1613214285608,-23.60395535714068,275.9611035714282,46.42857142857143
all_oos,D1,four_weeks,fixed_0.03,fold,1,28,3555.050958928542,-10.786044642865233,450.7857107142832,42.857142857142854
all_oos,D1,four_weeks,fixed_0.03,fold,2,25,311.20934399998316,183.18308799998871,122.14100599999912,60.0
all_oos,D1,four_weeks,fixed_0.03,fold,3,29,169.22438620687146,10.460724137921842,130.05580517241157,51.724137931034484
all_oos,D1,four_weeks,fixed_0.03,fold,4,43,2554.685933720923,111.66422325582961,272.879268604651,46.51162790697674
all_oos,D1,four_weeks,fixed_0.05,side,-1,76,3072.6299434210473,0.0,689.177134210526,51.31578947368421
all_oos,D1,four_weeks,fixed_0.05,side,1,77,620.4120038960758,0.0,-194.25762792207976,46.75324675324675
all_oos,D1,four_weeks,fixed_0.05,volatility,high,71,319.54047042252944,0.0,81.42446478873197,54.929577464788736
all_oos,D1,four_weeks,fixed_0.05,volatility,low,82,3153.710080487779,0.0,385.83521768292513,43.90243902439025
all_oos,D1,four_weeks,fixed_0.05,session,10to19,2,267.4173499999106,0.0,69.96269999999254,50.0
all_oos,D1,four_weeks,fixed_0.05,session,before10,151,1859.3163264900502,0.0,246.88542682119103,49.00662251655629
all_oos,D1,four_weeks,fixed_0.05,trend,down,80,992.4222512499925,0.0,34.95808624999952,51.24999999999999
all_oos,D1,four_weeks,fixed_0.05,trend,up,73,2765.723560273946,0.0,474.2873691780803,46.57534246575342
all_oos,D1,four_weeks,fixed_0.05,structure_regime,post_20240613,125,1701.5853779999818,0.0,240.03486039999868,49.6
all_oos,D1,four_weeks,fixed_0.05,structure_regime,pre_20240613,28,2449.765276785702,0.0,264.830975,46.42857142857143
all_oos,D1,four_weeks,fixed_0.05,fold,0,28,2449.765276785702,0.0,264.830975,46.42857142857143
all_oos,D1,four_weeks,fixed_0.05,fold,1,28,3565.8370035714065,0.0,442.34211428571246,42.857142857142854
all_oos,D1,four_weeks,fixed_0.05,fold,2,25,128.0262559999944,0.0,110.00560199999984,60.0
all_oos,D1,four_weeks,fixed_0.05,fold,3,29,158.76366206894969,0.0,121.18726896551546,51.724137931034484
all_oos,D1,four_weeks,fixed_0.05,fold,4,43,2443.0217104650933,0.0,264.0513372093009,46.51162790697674
all_oos,D1,four_weeks,fixed_0.1,side,-1,76,2681.687675657891,-390.9422677631561,661.0027388157891,51.31578947368421
all_oos,D1,four_weeks,fixed_0.1,side,1,77,384.0667636363443,-236.34524025973187,-217.09534610389764,46.75324675324675
all_oos,D1,four_weeks,fixed_0.1,volatility,high,71,246.56775352111902,-72.97271690141007,49.02698450704164,54.929577464788736
all_oos,D1,four_weeks,fixed_0.1,volatility,low,82,2632.623093292668,-521.0869871951111,366.32866585365736,43.90243902439025
all_oos,D1,four_weeks,fixed_0.1,session,10to19,2,-102.5453500000649,-369.9626999999755,44.962699999994015,50.0
all_oos,D1,four_weeks,fixed_0.1,session,before10,151,1546.9304294701876,-312.3858970198627,221.39033841059515,49.00662251655629
all_oos,D1,four_weeks,fixed_0.1,trend,down,80,843.9104412499943,-148.51180999999798,8.997138749999385,51.24999999999999
all_oos,D1,four_weeks,fixed_0.1,trend,up,73,2272.172176027379,-493.55138424656695,449.3163753424644,46.57534246575342
all_oos,D1,four_weeks,fixed_0.1,structure_regime,post_20240613,125,1385.6141463999882,-315.9712315999945,213.42627279999897,49.6
all_oos,D1,four_weeks,fixed_0.1,structure_regime,pre_20240613,28,2149.2727089285613,-300.4925678571398,244.3422285714279,46.42857142857143
all_oos,D1,four_weeks,fixed_0.1,fold,0,28,2149.2727089285613,-300.4925678571398,244.3422285714279,46.42857142857143
all_oos,D1,four_weeks,fixed_0.1,fold,1,28,3195.5748660714053,-370.2621375000012,409.44827142856985,42.857142857142854
all_oos,D1,four_weeks,fixed_0.1,fold,2,25,-79.98264199999852,-208.0088979999926,80.28445000000028,60.0
all_oos,D1,four_weeks,fixed_0.1,fold,3,29,-324.3840327586326,-483.14769482758226,97.14804827586039,51.724137931034484
all_oos,D1,four_weeks,fixed_0.1,fold,4,43,2212.3808151162657,-230.64089534882726,241.61227558139436,46.51162790697674
all_oos,D1,four_weeks,fixed_0.2,side,-1,76,2707.376360526313,-365.2535828947344,711.8152618421047,48.68421052631579
all_oos,D1,four_weeks,fixed_0.2,side,1,77,-5.123883116904835,-625.5358870129811,-261.6599019480537,45.45454545454545
all_oos,D1,four_weeks,fixed_0.2,volatility,high,71,426.86334225351345,107.32287183098423,101.33182605633736,52.112676056338024
all_oos,D1,four_weeks,fixed_0.2,volatility,low,82,2134.8630134146174,-1018.8470670731615,326.2876560975594,42.68292682926829
all_oos,D1,four_weeks,fixed_0.2,session,10to19,2,-697.5080500001068,-964.9254000000174,-5.037300000010305,50.0
all_oos,D1,four_weeks,fixed_0.2,session,before10,151,1369.2786788079359,-490.0376476821147,224.90213278145592,47.019867549668874
all_oos,D1,four_weeks,fixed_0.2,trend,down,80,468.8517231249916,-523.5705281250008,-22.425915000000554,50.0
all_oos,D1,four_weeks,fixed_0.2,trend,up,73,2299.423651369846,-466.2999089040998,489.64685821917624,43.83561643835616
all_oos,D1,four_weeks,fixed_0.2,structure_regime,post_20240613,125,1311.728278799986,-389.85709919999675,228.2385939999986,47.199999999999996
all_oos,D1,four_weeks,fixed_0.2,structure_regime,pre_20240613,28,1478.5724839285674,-971.1927928571344,193.5829714285714,46.42857142857143
all_oos,D1,four_weeks,fixed_0.2,fold,0,28,1478.5724839285674,-971.1927928571344,193.5829714285714,46.42857142857143
all_oos,D1,four_weeks,fixed_0.2,fold,1,28,2616.0281357142635,-949.8088678571432,360.40970178571206,42.857142857142854
all_oos,D1,four_weeks,fixed_0.2,fold,2,25,372.2676799999909,244.24142399999675,254.0738899999993,56.00000000000001
all_oos,D1,four_weeks,fixed_0.2,fold,3,29,107.04537068963114,-51.71829137931836,98.9362120689628,48.275862068965516
all_oos,D1,four_weeks,fixed_0.2,fold,4,43,1821.0753325581338,-621.9463779069597,214.35709767441813,44.18604651162791
all_oos,D1,four_weeks,fixed_0.5,side,-1,76,1536.2483039473661,-1536.3816394736812,580.6227782894733,48.68421052631579
all_oos,D1,four_weeks,fixed_0.5,side,1,77,-216.3477727272876,-836.7597766233637,-315.41186233766416,40.25974025974026
all_oos,D1,four_weeks,fixed_0.5,volatility,high,71,45.07029014083786,-274.47018028169117,-0.19081197183183743,49.29577464788733
all_oos,D1,four_weeks,fixed_0.5,volatility,low,82,1181.6597804877945,-1972.0502999999842,242.12396829268167,40.243902439024396
all_oos,D1,four_weeks,fixed_0.5,session,10to19,2,-1877.114150000064,-2144.5314999999746,-154.3770500000088,50.0
all_oos,D1,four_weeks,fixed_0.5,session,before10,151,687.7504695364157,-1171.5658569536345,133.43954867549564,44.370860927152314
all_oos,D1,four_weeks,fixed_0.5,trend,down,80,-127.30368625000702,-1119.7259374999994,-130.1203218750009,47.5
all_oos,D1,four_weeks,fixed_0.5,trend,up,73,1510.690239726017,-1255.033320547929,414.3868972602726,41.0958904109589
all_oos,D1,four_weeks,fixed_0.5,structure_regime,post_20240613,125,627.9692963999894,-1073.6160815999929,126.57320679999852,44.800000000000004
all_oos,D1,four_weeks,fixed_0.5,structure_regime,pre_20240613,28,771.4260910714277,-1678.339185714274,143.53453214285756,42.857142857142854
all_oos,D1,four_weeks,fixed_0.5,fold,0,28,771.4260910714277,-1678.339185714274,143.53453214285756,42.857142857142854
all_oos,D1,four_weeks,fixed_0.5,fold,1,28,964.8877267857008,-2600.9492767857055,199.91410535714118,42.857142857142854
all_oos,D1,four_weeks,fixed_0.5,fold,2,25,277.52715199999415,149.50089600000018,140.2786299999998,52.0
all_oos,D1,four_weeks,fixed_0.5,fold,3,29,-72.3176603448452,-231.08132241379462,44.90931551723843,44.827586206896555
all_oos,D1,four_weeks,fixed_0.5,fold,4,43,1084.6125360465048,-1358.4091744185885,125.92372093023143,41.86046511627907
all_oos,D1,four_weeks,price_0.0005,side,-1,76,3063.7613052631514,-8.868638157895965,691.0140894736835,51.31578947368421
all_oos,D1,four_weeks,price_0.0005,side,1,77,655.7794350649089,35.367431168832894,-193.6083655844175,46.75324675324675
all_oos,D1,four_weeks,price_0.0005,volatility,high,71,346.2812035211181,26.74073309858871,82.82724295774561,54.929577464788736
all_oos,D1,four_weeks,price_0.0005,volatility,low,82,3155.547685975587,1.8376054878078165,386.9328341463398,43.90243902439025
all_oos,D1,four_weeks,price_0.0005,session,10to19,2,267.4173499999106,0.0,69.96269999999254,50.0
all_oos,D1,four_weeks,price_0.0005,session,before10,151,1872.8876887417061,13.57136225165589,248.14106788079349,49.00662251655629
all_oos,D1,four_weeks,price_0.0005,trend,down,80,1000.1497312499916,7.727479999999332,36.70800124999937,51.24999999999999
all_oos,D1,four_weeks,price_0.0005,trend,up,73,2785.3273589040837,19.603798630138257,474.9669390410939,46.57534246575342
all_oos,D1,four_weeks,price_0.0005,structure_regime,post_20240613,125,1717.9795835999823,16.394205600000316,241.55167479999838,49.6
all_oos,D1,four_weeks,price_0.0005,structure_regime,pre_20240613,28,2449.765276785702,0.0,264.830975,46.42857142857143
all_oos,D1,four_weeks,price_0.0005,fold,0,28,2449.765276785702,0.0,264.830975,46.42857142857143
all_oos,D1,four_weeks,price_0.0005,fold,1,28,3565.8370035714065,0.0,442.34211428571246,42.857142857142854
all_oos,D1,four_weeks,price_0.0005,fold,2,25,122.02625599999148,-6.000000000003093,109.2056019999994,60.0
all_oos,D1,four_weeks,price_0.0005,fold,3,29,187.6432413792896,28.879579310340166,122.56657931034229,51.724137931034484
all_oos,D1,four_weeks,price_0.0005,fold,4,43,2474.690731395332,31.669020930238414,267.9955651162777,46.51162790697674
all_oos,D1,four_weeks,price_0.001,side,-1,76,3058.527871052629,-14.102072368417913,744.5518085526313,50.0
all_oos,D1,four_weeks,price_0.001,side,1,77,386.89014090906943,-233.5218629870068,-213.14387337662492,46.75324675324675
all_oos,D1,four_weeks,price_0.001,volatility,high,71,588.213096478864,268.67262605633516,138.6005816901403,53.52112676056338
all_oos,D1,four_weeks,price_0.001,volatility,low,82,2688.725965853644,-464.98411463413515,369.91729146341333,43.90243902439025
all_oos,D1,four_weeks,price_0.001,session,10to19,2,-42.54535000011947,-309.96270000003005,49.96269999998947,50.0
all_oos,D1,four_weeks,price_0.001,session,before10,151,1737.2433758278044,-122.07295066224653,265.3902900662243,48.34437086092716
all_oos,D1,four_weeks,price_0.001,trend,down,80,829.6032574999938,-162.81899374999847,15.096399999999653,51.24999999999999
all_oos,D1,four_weeks,price_0.001,trend,up,73,2683.156143150666,-82.5674171232796,533.7828383561625,45.20547945205479
all_oos,D1,four_weeks,price_0.001,structure_regime,post_20240613,125,1615.752185599987,-85.83319239999535,266.4982143999989,48.8
all_oos,D1,four_weeks,price_0.001,structure_regime,pre_20240613,28,2152.486994642849,-297.27828214285245,245.05651428571394,46.42857142857143
all_oos,D1,four_weeks,price_0.001,fold,0,28,2152.486994642849,-297.27828214285245,245.05651428571394,46.42857142857143
all_oos,D1,four_weeks,price_0.001,fold,1,28,3146.255899999977,-419.58110357143005,411.4466089285694,42.857142857142854
all_oos,D1,four_weeks,price_0.001,fold,2,25,1125.2481479999906,997.2218919999967,320.8506079999994,56.00000000000001
all_oos,D1,four_weeks,price_0.001,fold,3,29,-241.3004689655391,-400.0641310344886,103.67190344827367,51.724137931034484
all_oos,D1,four_weeks,price_0.001,fold,4,43,2156.752741860462,-286.2689686046308,250.32607790697656,46.51162790697674
all_oos,D1,four_weeks,price_0.002,side,-1,76,2801.647082236834,-270.9828611842133,721.5289309210519,48.68421052631579
all_oos,D1,four_weeks,price_0.002,side,1,77,-102.8779032467761,-723.2899071428527,-257.912288961041,46.75324675324675
all_oos,D1,four_weeks,price_0.002,volatility,high,71,537.4887683098483,217.9482978873194,113.55689084506963,52.112676056338024
all_oos,D1,four_weeks,price_0.002,volatility,low,82,2034.6570384146141,-1119.0530420731648,328.2245518292665,43.90243902439025
all_oos,D1,four_weeks,price_0.002,session,10to19,2,-587.5080500001295,-854.9254000000401,4.962699999987649,50.0
all_oos,D1,four_weeks,price_0.002,session,before10,151,1365.4211642383962,-493.8951622516542,231.56971589403847,47.682119205298015
all_oos,D1,four_weeks,price_0.002,trend,down,80,605.5694349999911,-386.85281625000124,-11.635651875000804,50.0
all_oos,D1,four_weeks,price_0.002,trend,up,73,2144.6304780821683,-621.0930821917775,491.88773493150484,45.20547945205479
all_oos,D1,four_weeks,price_0.002,structure_regime,post_20240613,125,1295.2710807999836,-406.3142971999988,235.25304079999856,48.0
all_oos,D1,four_weeks,price_0.002,structure_regime,pre_20240613,28,1539.0962357142726,-910.6690410714291,198.94008571428483,46.42857142857143
all_oos,D1,four_weeks,price_0.002,fold,0,28,1539.0962357142726,-910.6690410714291,198.94008571428483,46.42857142857143
all_oos,D1,four_weeks,price_0.002,fold,1,28,2640.6644660714032,-925.1725375000035,365.3457874999978,42.857142857142854
all_oos,D1,four_weeks,price_0.002,fold,2,25,606.9792719999928,478.9530159999984,262.1913459999994,56.00000000000001
all_oos,D1,four_weeks,price_0.002,fold,3,29,178.4226379310166,19.65897586206703,119.1227379310325,48.275862068965516
all_oos,D1,four_weeks,price_0.002,fold,4,43,1572.5939941860318,-870.4277162790614,213.20011627906848,46.51162790697674
all_oos,D1,four_weeks,price_0.005,side,-1,76,1573.5842848684172,-1499.0456585526304,609.4995743421049,48.68421052631579
all_oos,D1,four_weeks,price_0.005,side,1,77,-305.9783564935217,-926.390360389598,-338.88180649350846,42.857142857142854
all_oos,D1,four_weeks,price_0.005,volatility,high,71,-358.07292394366846,-677.6133943661976,-22.538174647888138,52.112676056338024
all_oos,D1,four_weeks,price_0.005,volatility,low,82,1481.161582926817,-1672.5484975609618,266.19852378048625,40.243902439024396
all_oos,D1,four_weeks,price_0.005,session,10to19,2,-1035.0164000000814,-1302.433749999992,-129.37705000001017,50.0
all_oos,D1,four_weeks,price_0.005,session,before10,151,649.6828145695279,-1209.633511920523,135.67432218542936,45.6953642384106
all_oos,D1,four_weeks,price_0.005,trend,down,80,-349.1210487500055,-1341.543299999998,-140.90100562500078,50.0
all_oos,D1,four_weeks,price_0.005,trend,up,73,1698.1062479451912,-1067.617312328755,431.50889041095724,41.0958904109589
all_oos,D1,four_weeks,price_0.005,structure_regime,post_20240613,125,532.47779159999,-1169.1075863999924,126.28213759999865,46.400000000000006
all_oos,D1,four_weeks,price_0.005,structure_regime,pre_20240613,28,1052.5838660714205,-1397.1814107142811,158.67147678571376,42.857142857142854
all_oos,D1,four_weeks,price_0.005,fold,0,28,1052.5838660714205,-1397.1814107142811,158.67147678571376,42.857142857142854
all_oos,D1,four_weeks,price_0.005,fold,1,28,1321.9505071428414,-2243.8864964285654,220.60079464285542,42.857142857142854
all_oos,D1,four_weeks,price_0.005,fold,2,25,-207.06922200000167,-335.0954779999957,87.21709999999992,56.00000000000001
all_oos,D1,four_weeks,price_0.005,fold,3,29,-118.14586724140156,-276.9095293103512,68.43675344827223,44.827586206896555
all_oos,D1,four_weeks,price_0.005,fold,4,43,887.1644290697642,-1555.857281395329,126.5895720930229,44.18604651162791
all_oos,D1,four_weeks,q_0.5,side,-1,76,3372.5137184210485,299.88377500000144,711.5627539473685,51.31578947368421
all_oos,D1,four_weeks,q_0.5,side,1,77,382.77589415581747,-237.63610974025875,-228.9790116883133,48.05194805194805
all_oos,D1,four_weeks,q_0.5,volatility,high,71,187.35367464787743,-132.1867957746517,45.59422394366139,56.33802816901409
all_oos,D1,four_weeks,q_0.5,volatility,low,82,3322.9594579268087,169.24937743902993,405.0023841463403,43.90243902439025
all_oos,D1,four_weeks,q_0.5,session,10to19,2,45.28229999988889,-222.1350500000217,94.96269999999106,50.0
all_oos,D1,four_weeks,q_0.5,session,before10,151,1892.0147142383964,32.698387748345894,240.11562913907213,49.668874172185426
all_oos,D1,four_weeks,q_0.5,trend,down,80,1206.8421156249885,214.4198643749966,58.54325999999939,51.24999999999999
all_oos,D1,four_weeks,q_0.5,trend,up,73,2592.2933863013495,-173.43017397259644,435.1222547945194,47.94520547945205
all_oos,D1,four_weeks,q_0.5,structure_regime,post_20240613,125,1736.376445199982,34.79106719999998,228.98218759999884,50.4
all_oos,D1,four_weeks,q_0.5,structure_regime,pre_20240613,28,2454.9189571428515,5.153680357149532,279.45042678571474,46.42857142857143
all_oos,D1,four_weeks,q_0.5,fold,0,28,2454.9189571428515,5.153680357149532,279.45042678571474,46.42857142857143
all_oos,D1,four_weeks,q_0.5,fold,1,28,2903.2730196428333,-662.5639839285737,313.79309464285546,46.42857142857143
all_oos,D1,four_weeks,q_0.5,fold,2,25,447.97693399998684,319.95067799999305,139.91411599999972,60.0
all_oos,D1,four_weeks,q_0.5,fold,3,29,321.0308034482489,162.26714137929957,145.60100344827313,51.724137931034484
all_oos,D1,four_weeks,q_0.5,fold,4,43,2680.141731395339,237.12002093024543,281.77406511627873,46.51162790697674
all_oos,D1,four_weeks,q_0.75,side,-1,76,839.0453157894744,-2233.584627631573,730.1439368421051,26.31578947368421
all_oos,D1,four_weeks,q_0.75,side,1,77,-995.980555194812,-1616.3925590908884,-787.5900246753263,29.87012987012987
all_oos,D1,four_weeks,q_0.75,volatility,high,71,-413.8576105633811,-733.3980809859103,-202.95924436619745,28.169014084507044
all_oos,D1,four_weeks,q_0.75,volatility,low,82,200.7418487804827,-2952.9682317072966,112.88553231707172,28.04878048780488
all_oos,D1,four_weeks,q_0.75,session,10to19,2,-3375.9690500000393,-3643.3863999999503,-1339.3556000000108,50.0
all_oos,D1,four_weeks,q_0.75,session,before10,151,-40.86834867549927,-1900.18467516555,-16.38928145695445,27.81456953642384
all_oos,D1,four_weeks,q_0.75,trend,down,80,-744.3017768750015,-1736.7240281249935,-362.0648862500003,30.0
all_oos,D1,four_weeks,q_0.75,trend,up,73,638.6449780821866,-2127.078582191759,326.18764657534086,26.027397260273972
all_oos,D1,four_weeks,q_0.75,structure_regime,post_20240613,125,-329.0239792000035,-2030.6093571999859,-100.52557920000095,31.2
all_oos,D1,four_weeks,q_0.75,structure_regime,pre_20240613,28,1007.319237499998,-1442.4460392857034,264.72159642857093,14.285714285714285
all_oos,D1,four_weeks,q_0.75,fold,0,28,1007.319237499998,-1442.4460392857034,264.72159642857093,14.285714285714285
all_oos,D1,four_weeks,q_0.75,fold,1,28,1124.6006696428492,-2441.2363339285575,327.76415178571267,25.0
all_oos,D1,four_weeks,q_0.75,fold,2,25,-695.0863119999989,-823.1125679999927,-261.6632119999997,32.0
all_oos,D1,four_weeks,q_0.75,fold,3,29,-829.7166258620778,-988.4802879310278,-219.31192241379588,37.93103448275862
all_oos,D1,four_weeks,q_0.75,fold,4,43,-725.0668883720924,-3168.088598837185,-205.61552558139553,30.23255813953488
all_oos,D1,four_weeks,q_0.9,side,-1,76,-520.5163289473686,-3593.146272368416,359.8465605263154,13.157894736842104
all_oos,D1,four_weeks,q_0.9,side,1,77,-736.8259051948078,-1357.2379090908837,-1374.7520525974046,10.38961038961039
all_oos,D1,four_weeks,q_0.9,volatility,high,71,-725.0582119718313,-1044.5986823943606,-679.139464788733,8.450704225352112
all_oos,D1,four_weeks,q_0.9,volatility,low,82,-546.5329591463441,-3700.243039634123,-369.3739932926847,14.634146341463413
all_oos,D1,four_weeks,q_0.9,session,10to19,2,-599.5523000000063,-866.9696499999163,-599.5523000000063,0.0
all_oos,D1,four_weeks,q_0.9,session,before10,151,-629.7730536423854,-2489.089380132436,-511.9765884105971,11.920529801324504
all_oos,D1,four_weeks,q_0.9,trend,down,80,-987.9857668750006,-1980.4080181249926,-986.5107706250008,15.0
all_oos,D1,four_weeks,q_0.9,trend,up,73,-236.38321027397484,-3002.1067705479204,5.661536986299457,8.21917808219178
all_oos,D1,four_weeks,q_0.9,structure_regime,post_20240613,125,-810.6437164000014,-2512.229094399984,-659.4469696000011,13.600000000000001
all_oos,D1,four_weeks,q_0.9,structure_regime,pre_20240613,28,179.84388749999943,-2269.921389285703,140.1179196428563,3.571428571428571
all_oos,D1,four_weeks,q_0.9,fold,0,28,179.84388749999943,-2269.921389285703,140.1179196428563,3.571428571428571
all_oos,D1,four_weeks,q_0.9,fold,1,28,-435.63848928571764,-4001.4754928571238,24.05148749999801,7.142857142857142
all_oos,D1,four_weeks,q_0.9,fold,2,25,-635.8788340000002,-763.9050899999943,-1064.1130500000002,16.0
all_oos,D1,four_weeks,q_0.9,fold,3,29,-1366.826781034487,-1525.5904431034367,-1013.0400448275892,24.137931034482758
all_oos,D1,four_weeks,q_0.9,fold,4,43,-781.3404499999998,-3224.3621604650925,-630.7750069767445,9.30232558139535
all_oos,D1,four_weeks,selected_atrD,side,-1,76,2559.8695486842107,-512.7603947368361,648.1279907894734,50.0
all_oos,D1,four_weeks,selected_atrD,side,1,77,29.844047402574134,-590.5679564935018,-227.07001623376817,46.75324675324675
all_oos,D1,four_weeks,selected_atrD,volatility,high,71,204.60452464787804,-114.93594577465132,52.10778309859069,53.52112676056338
all_oos,D1,four_weeks,selected_atrD,volatility,low,82,2223.428732926816,-930.2813475609629,342.36199329268175,43.90243902439025
all_oos,D1,four_weeks,selected_atrD,session,10to19,2,-714.3934500000541,-981.8107999999647,-79.37705000000608,50.0
all_oos,D1,four_weeks,selected_atrD,session,before10,151,1313.0918162251544,-546.2245102648958,211.4707956953632,48.34437086092716
all_oos,D1,four_weeks,selected_atrD,trend,down,80,721.585911249989,-270.8363400000033,18.580951249998996,50.0
all_oos,D1,four_weeks,selected_atrD,trend,up,73,1905.7699239725903,-859.9536363013552,414.8884924657523,46.57534246575342
all_oos,D1,four_weeks,selected_atrD,structure_regime,post_20240613,125,1300.6627751999872,-400.92260279999493,211.9791039999987,48.8
all_oos,D1,four_weeks,selected_atrD,structure_regime,pre_20240613,28,1223.7582303571362,-1226.0070464285654,188.42671607142827,46.42857142857143
all_oos,D1,four_weeks,selected_atrD,fold,0,28,1223.7582303571362,-1226.0070464285654,188.42671607142827,46.42857142857143
all_oos,D1,four_weeks,selected_atrD,fold,1,28,1869.0775749999896,-1696.7594285714174,323.7325767857132,42.857142857142854
all_oos,D1,four_weeks,selected_atrD,fold,2,25,81.63798399999091,-46.38827200000313,113.27185599999977,60.0
all_oos,D1,four_weeks,selected_atrD,fold,3,29,746.0337620689494,587.2700999999998,154.26656724137717,48.275862068965516
all_oos,D1,four_weeks,selected_atrD,fold,4,43,2013.319676744173,-429.7020337209207,235.51974418604507,46.51162790697674
all_oos,D1,four_weeks,selected_atrH,side,-1,76,2479.097990789472,-593.531952631575,636.8405677631579,50.0
all_oos,D1,four_weeks,selected_atrH,side,1,77,78.73712922075777,-541.6748746753183,-230.44051558441723,46.75324675324675
all_oos,D1,four_weeks,selected_atrH,volatility,high,71,225.1358049295705,-94.40466549295878,53.98562746478816,53.52112676056338
all_oos,D1,four_weeks,selected_atrH,volatility,low,82,2176.702001219497,-977.0080792682822,327.10955975609664,43.90243902439025
all_oos,D1,four_weeks,selected_atrH,session,10to19,2,-642.5080500000795,-909.9253999999901,-0.037300000007803646,50.0
all_oos,D1,four_weeks,selected_atrH,session,before10,151,1296.4186910595922,-562.8976354304585,203.02011953642312,48.34437086092716
all_oos,D1,four_weeks,selected_atrH,trend,down,80,720.6225318749921,-271.7997193750003,18.844814999999244,50.0
all_oos,D1,four_weeks,selected_atrH,trend,up,73,1874.3068999999844,-891.4166602739615,399.2928527397253,46.57534246575342
all_oos,D1,four_weeks,selected_atrH,structure_regime,post_20240613,125,1241.9180967999873,-459.667281199995,201.32486519999895,48.8
all_oos,D1,four_weeks,selected_atrH,structure_regime,pre_20240613,28,1401.230148214279,-1048.5351285714228,196.084117857143,46.42857142857143
all_oos,D1,four_weeks,selected_atrH,fold,0,28,1401.230148214279,-1048.5351285714228,196.084117857143,46.42857142857143
all_oos,D1,four_weeks,selected_atrH,fold,1,28,1876.000735714276,-1689.836267857131,285.45418392857067,42.857142857142854
all_oos,D1,four_weeks,selected_atrH,fold,2,25,99.32709399999621,-28.69916199999796,116.9065799999999,60.0
all_oos,D1,four_weeks,selected_atrH,fold,3,29,501.73670344825643,342.9730413793069,153.5770241379285,48.275862068965516
all_oos,D1,four_weeks,selected_atrH,fold,4,43,1992.5162732557983,-450.5054372092946,227.8254139534876,46.51162790697674
all_oos,D1,four_weeks,selected_combo,side,-1,22,3632.8279454545464,-118.36484318181324,617.1249818181825,45.45454545454545
all_oos,D1,four_weeks,selected_combo,side,1,19,5302.52805526312,-1149.6134052631458,877.774047368418,26.31578947368421
all_oos,D1,four_weeks,selected_combo,volatility,high,22,6446.7258113636335,183.25829090908667,1081.1452659090908,31.818181818181817
all_oos,D1,four_weeks,selected_combo,volatility,low,19,2044.3305263157583,-1498.8612447368191,340.48740263157663,42.10526315789473
all_oos,D1,four_weeks,selected_combo,session,10to19,2,-642.5080500000795,-909.9253999999901,-0.037300000007803646,50.0
all_oos,D1,four_weeks,selected_combo,session,before10,39,4665.519588461524,-580.1751397435816,775.7572076923069,35.8974358974359
all_oos,D1,four_weeks,selected_combo,trend,down,16,5081.268249999982,-1022.9838562499979,390.7239656249989,31.25
all_oos,D1,four_weeks,selected_combo,trend,up,25,3974.798233999983,-323.15758199998766,960.1149219999987,40.0
all_oos,D1,four_weeks,selected_combo,structure_regime,post_20240613,41,4406.591410975593,-596.2605182926746,737.9135731707306,36.58536585365854
all_oos,D1,four_weeks,selected_combo,fold,1,28,1876.000735714276,-1689.836267857131,285.45418392857067,42.857142857142854
all_oos,D1,four_weeks,selected_combo,fold,2,2,16025.007550000011,11793.793274999995,2918.763850000001,0.0
all_oos,D1,four_weeks,selected_combo,fold,4,11,8735.655649999962,-65.35020909090798,1493.1101499999977,27.27272727272727
all_oos,D1,four_weeks,selected_fixed,side,-1,76,2243.6636059210496,-828.9663374999974,592.9853486842103,51.31578947368421
all_oos,D1,four_weeks,selected_fixed,side,1,77,-117.49235064937368,-737.9043545454498,-231.5785233766251,45.45454545454545
all_oos,D1,four_weeks,selected_fixed,volatility,high,71,-53.762173943669346,-373.30264436619854,29.220845774647213,54.929577464788736
all_oos,D1,four_weeks,selected_fixed,volatility,low,82,2015.7150902438843,-1137.9949902438943,306.8373189024378,42.68292682926829
all_oos,D1,four_weeks,selected_fixed,session,10to19,2,-1877.114150000064,-2144.5314999999746,-154.3770500000088,50.0
all_oos,D1,four_weeks,selected_fixed,session,before10,151,1094.210273841047,-765.1060526490031,182.41122052980043,48.34437086092716
all_oos,D1,four_weeks,selected_fixed,trend,down,80,257.3489718749951,-735.0732793749978,-9.32361500000054,51.24999999999999
all_oos,D1,four_weeks,selected_fixed,trend,up,73,1929.9124013698415,-835.8111589041042,383.3045123287657,45.20547945205479
all_oos,D1,four_weeks,selected_fixed,structure_regime,post_20240613,125,1118.9727399999842,-582.612637999998,185.7309863999987,49.6
all_oos,D1,four_weeks,selected_fixed,structure_regime,pre_20240613,28,771.4260910714277,-1678.339185714274,143.53453214285756,42.857142857142854
all_oos,D1,four_weeks,selected_fixed,fold,0,28,771.4260910714277,-1678.339185714274,143.53453214285756,42.857142857142854
all_oos,D1,four_weeks,selected_fixed,fold,1,28,964.8877267857008,-2600.9492767857055,199.91410535714118,42.857142857142854
all_oos,D1,four_weeks,selected_fixed,fold,2,25,128.0262559999944,0.0,110.00560199999984,60.0
all_oos,D1,four_weeks,selected_fixed,fold,3,29,158.76366206894969,0.0,121.18726896551546,51.724137931034484
all_oos,D1,four_weeks,selected_fixed,fold,4,43,2443.0217104650933,0.0,264.0513372093009,46.51162790697674
all_oos,D1,four_weeks,selected_price,side,-1,76,2727.1432421052614,-345.48670131578587,668.0383499999998,51.31578947368421
all_oos,D1,four_weeks,selected_price,side,1,77,388.2496798701082,-232.16232402596827,-206.34000714285892,46.75324675324675
all_oos,D1,four_weeks,selected_price,volatility,high,71,229.61243732393592,-89.92803309859329,63.54234084506988,54.929577464788736
all_oos,D1,four_weeks,selected_price,volatility,low,82,2693.3613256097406,-460.3487548780385,370.380827439023,43.90243902439025
all_oos,D1,four_weeks,selected_price,session,10to19,2,-42.54535000011947,-309.96270000003005,49.96269999998947,50.0
all_oos,D1,four_weeks,selected_price,session,before10,151,1571.1470360927049,-288.16929039734583,230.34972615893952,49.00662251655629
all_oos,D1,four_weeks,selected_price,trend,down,80,866.4105437499938,-126.01170749999827,22.64512124999967,51.24999999999999
all_oos,D1,four_weeks,selected_price,trend,up,73,2299.250249999981,-466.4733102739647,453.0291006849298,46.57534246575342
all_oos,D1,four_weeks,selected_price,structure_regime,post_20240613,125,1415.1078071999868,-286.47757079999525,224.16921319999886,49.6
all_oos,D1,four_weeks,selected_price,structure_regime,pre_20240613,28,2152.486994642849,-297.27828214285245,245.05651428571394,46.42857142857143
all_oos,D1,four_weeks,selected_price,fold,0,28,2152.486994642849,-297.27828214285245,245.05651428571394,46.42857142857143
all_oos,D1,four_weeks,selected_price,fold,1,28,3146.255899999977,-419.58110357143005,411.4466089285694,42.857142857142854
all_oos,D1,four_weeks,selected_price,fold,2,25,122.02625599999148,-6.000000000003093,109.2056019999994,60.0
all_oos,D1,four_weeks,selected_price,fold,3,29,-241.3004689655391,-400.0641310344886,103.67190344827367,51.724137931034484
all_oos,D1,four_weeks,selected_price,fold,4,43,2156.752741860462,-286.2689686046308,250.32607790697656,46.51162790697674
all_oos,D1,four_weeks,selected_q,side,-1,76,-520.5163289473686,-3593.146272368416,359.8465605263154,13.157894736842104
all_oos,D1,four_weeks,selected_q,side,1,77,-736.8259051948078,-1357.2379090908837,-1374.7520525974046,10.38961038961039
all_oos,D1,four_weeks,selected_q,volatility,high,71,-725.0582119718313,-1044.5986823943606,-679.139464788733,8.450704225352112
all_oos,D1,four_weeks,selected_q,volatility,low,82,-546.5329591463441,-3700.243039634123,-369.3739932926847,14.634146341463413
all_oos,D1,four_weeks,selected_q,session,10to19,2,-599.5523000000063,-866.9696499999163,-599.5523000000063,0.0
all_oos,D1,four_weeks,selected_q,session,before10,151,-629.7730536423854,-2489.089380132436,-511.9765884105971,11.920529801324504
all_oos,D1,four_weeks,selected_q,trend,down,80,-987.9857668750006,-1980.4080181249926,-986.5107706250008,15.0
all_oos,D1,four_weeks,selected_q,trend,up,73,-236.38321027397484,-3002.1067705479204,5.661536986299457,8.21917808219178
all_oos,D1,four_weeks,selected_q,structure_regime,post_20240613,125,-810.6437164000014,-2512.229094399984,-659.4469696000011,13.600000000000001
all_oos,D1,four_weeks,selected_q,structure_regime,pre_20240613,28,179.84388749999943,-2269.921389285703,140.1179196428563,3.571428571428571
all_oos,D1,four_weeks,selected_q,fold,0,28,179.84388749999943,-2269.921389285703,140.1179196428563,3.571428571428571
all_oos,D1,four_weeks,selected_q,fold,1,28,-435.63848928571764,-4001.4754928571238,24.05148749999801,7.142857142857142
all_oos,D1,four_weeks,selected_q,fold,2,25,-635.8788340000002,-763.9050899999943,-1064.1130500000002,16.0
all_oos,D1,four_weeks,selected_q,fold,3,29,-1366.826781034487,-1525.5904431034367,-1013.0400448275892,24.137931034482758
all_oos,D1,four_weeks,selected_q,fold,4,43,-781.3404499999998,-3224.3621604650925,-630.7750069767445,9.30232558139535
all_oos,D1,intraday,atrD_0.025,side,-1,92,-317.0972934782587,-9.97022717391584,-18.219182065217407,6.521739130434782
all_oos,D1,intraday,atrD_0.025,side,1,91,-374.15740934067514,10.984394505496878,-3.092157142858054,6.593406593406594
all_oos,D1,intraday,atrD_0.025,volatility,high,83,-63.27088614458222,-10.735826506027434,43.82041566265026,4.819277108433735
all_oos,D1,intraday,atrD_0.025,volatility,low,100,-579.6979170000094,9.733926000002363,-55.94645550000055,8.0
all_oos,D1,intraday,atrD_0.025,session,10to19,4,897.330424999924,0.48608749999928946,65.13411249999417,0.0
all_oos,D1,intraday,atrD_0.025,session,before10,179,-373.24355837989367,0.4490203910612377,-12.391550279329955,6.70391061452514
all_oos,D1,intraday,atrD_0.025,trend,down,101,-462.0161103960433,-4.4951163366363085,-21.35453960396061,7.920792079207921
all_oos,D1,intraday,atrD_0.025,trend,up,82,-201.92253780488878,6.540557926832024,2.429968902438244,4.878048780487805
all_oos,D1,intraday,atrD_0.025,structure_regime,post_20240613,153,-253.79050522876588,6.8348931372540775,-9.568332026144391,6.535947712418301
all_oos,D1,intraday,atrD_0.025,structure_regime,pre_20240613,30,-813.0442650000031,-32.11398833333051,-16.45320833333309,6.666666666666667
all_oos,D1,intraday,atrD_0.025,fold,0,35,-794.3319757142937,-48.168368571428644,-8.026427142857093,8.571428571428571
all_oos,D1,intraday,atrD_0.025,fold,1,33,588.3875681818118,0.3807121212065309,97.85564999999926,3.0303030303030303
all_oos,D1,intraday,atrD_0.025,fold,2,32,-1598.8940953125018,-16.80365937500254,-171.90807656249993,9.375
all_oos,D1,intraday,atrD_0.025,fold,3,32,-308.8212234375107,19.735118749998396,-31.285768750000713,6.25
all_oos,D1,intraday,atrD_0.025,fold,4,51,121.77341862744386,32.58513137255448,31.300794117646245,5.88235294117647
all_oos,D1,intraday,atrD_0.05,side,-1,92,-302.2818135869476,4.845252717395372,-19.632225543478082,6.521739130434782
all_oos,D1,intraday,atrD_0.05,side,1,91,-375.4403098901259,9.701493956046262,-4.645061538462457,6.593406593406594
all_oos,D1,intraday,atrD_0.05,volatility,high,83,-47.423084337353494,5.111975301201231,42.36890843373454,4.819277108433735
all_oos,D1,intraday,atrD_0.05,volatility,low,100,-580.388790500003,9.043052500008818,-57.45484750000034,8.0
all_oos,D1,intraday,atrD_0.05,session,10to19,4,896.8443374999248,0.0,65.13411249999417,0.0
all_oos,D1,intraday,atrD_0.05,session,before10,179,-366.27023687151024,7.4223418994446035,-13.90727262569857,6.70391061452514
all_oos,D1,intraday,atrD_0.05,trend,down,101,-443.47369108910834,14.047302970298682,-23.24874059405945,7.920792079207921
all_oos,D1,intraday,atrD_0.05,trend,up,82,-209.56283231708156,-1.0997365853607683,1.4543591463406995,4.878048780487805
all_oos,D1,intraday,atrD_0.05,structure_regime,post_20240613,153,-255.44264117647563,5.182757189544222,-11.210909150327309,6.535947712418301
all_oos,D1,intraday,atrD_0.05,structure_regime,pre_20240613,30,-763.0756983333287,17.854578333343934,-17.11987499999963,6.666666666666667
all_oos,D1,intraday,atrD_0.05,fold,0,35,-752.2374399999989,-6.0738328571336035,-9.169284285714015,8.571428571428571
all_oos,D1,intraday,atrD_0.05,fold,1,33,571.3885909090842,-16.618265151521086,96.94655909090831,3.0303030303030303
all_oos,D1,intraday,atrD_0.05,fold,2,32,-1559.5882828125,22.50215312499946,-174.4229234374999,9.375
all_oos,D1,intraday,atrD_0.05,fold,3,32,-301.96789531250835,26.5884468750008,-32.848268750000635,6.25
all_oos,D1,intraday,atrD_0.05,fold,4,51,99.35861862744721,10.170331372557797,29.911790196077753,5.88235294117647
all_oos,D1,intraday,atrD_0.1,side,-1,92,-252.439320652166,54.68774565217699,-16.28893423913028,4.3478260869565215
all_oos,D1,intraday,atrD_0.1,side,1,91,-392.2221983516643,-7.080394505492202,-7.49368956044049,6.593406593406594
all_oos,D1,intraday,atrD_0.1,volatility,high,83,-12.813975903614628,39.72108373494013,44.59569698795167,3.614457831325301
all_oos,D1,intraday,atrD_0.1,volatility,low,100,-578.5307755000072,10.90106750000461,-58.81950550000058,7.000000000000001
all_oos,D1,intraday,atrD_0.1,session,10to19,4,831.2241374999313,-65.62019999999342,65.13411249999417,0.0
all_oos,D1,intraday,atrD_0.1,session,before10,179,-347.7180675977679,25.974511173186965,-13.63711815642485,5.58659217877095
all_oos,D1,intraday,atrD_0.1,trend,down,101,-400.52645940594374,56.99453465346329,-21.34306782178239,5.9405940594059405
all_oos,D1,intraday,atrD_0.1,trend,up,82,-225.16420914634634,-16.70111341462562,-0.30314451219572697,4.878048780487805
all_oos,D1,intraday,atrD_0.1,structure_regime,post_20240613,153,-239.6909369281096,20.934461437910233,-10.502689215686795,5.228758169934641
all_oos,D1,intraday,atrD_0.1,structure_regime,pre_20240613,30,-741.4641399999983,39.46613666667425,-19.119874999999706,6.666666666666667
all_oos,D1,intraday,atrD_0.1,fold,0,35,-747.5386042857185,-1.3749971428533823,-12.02642714285712,8.571428571428571
all_oos,D1,intraday,atrD_0.1,fold,1,33,523.5332560606058,-64.47359999999938,95.22324545454504,3.0303030303030303
all_oos,D1,intraday,atrD_0.1,fold,2,32,-1609.9251749999992,-27.834739062499935,-179.4847734374998,9.375
all_oos,D1,intraday,atrD_0.1,fold,3,32,-49.1726046875084,279.38373750000085,-18.02163906250066,0.0
all_oos,D1,intraday,atrD_0.1,fold,4,51,60.03421764705229,-29.154069607837055,27.808928431371683,5.88235294117647
all_oos,D1,intraday,atrD_0.25,side,-1,92,-216.2169804347773,90.9100858695657,-14.195394565217269,3.260869565217391
all_oos,D1,intraday,atrD_0.25,side,1,91,-188.33140934066782,196.8103945055043,-3.9569010989018514,4.395604395604396
all_oos,D1,intraday,atrD_0.25,volatility,high,83,-36.758922891567934,15.776136746986792,37.870757228915316,3.614457831325301
all_oos,D1,intraday,atrD_0.25,volatility,low,100,-339.7912985000015,249.64054450001026,-48.093271500000284,4.0
all_oos,D1,intraday,atrD_0.25,session,10to19,4,653.8003374999448,-243.04399999998,65.13411249999417,0.0
all_oos,D1,intraday,atrD_0.25,session,before10,179,-221.4822446927378,152.21033407821707,-10.763076815642645,3.910614525139665
all_oos,D1,intraday,atrD_0.25,trend,down,101,-275.1404757425723,182.38051831683472,-18.1466306930693,3.9603960396039604
all_oos,D1,intraday,atrD_0.25,trend,up,82,-112.69429756098151,95.76879817073933,2.0336024390236838,3.6585365853658534
all_oos,D1,intraday,atrD_0.25,structure_regime,post_20240613,153,-98.60144542483836,162.02395294118156,-6.047420915033099,3.2679738562091507
all_oos,D1,intraday,atrD_0.25,structure_regime,pre_20240613,30,-731.4699766666674,49.460300000005205,-24.69329666666643,6.666666666666667
all_oos,D1,intraday,atrD_0.25,fold,0,35,-813.2054214285743,-67.04181428570934,-20.51793142857132,8.571428571428571
all_oos,D1,intraday,atrD_0.25,fold,1,33,437.51222727272454,-150.49462878788074,89.82327121212059,3.0303030303030303
all_oos,D1,intraday,atrD_0.25,fold,2,32,-1236.3707999999997,345.7196359374996,-172.896071875,6.25
all_oos,D1,intraday,atrD_0.25,fold,3,32,-69.60395625000683,258.95238593750224,-18.02163906250066,0.0
all_oos,D1,intraday,atrD_0.25,fold,4,51,368.340352941179,279.15206568628963,43.083766666666286,1.9607843137254901
all_oos,D1,intraday,atrH_0.1,side,-1,92,-308.1786380434756,-1.0515717391327057,-18.219182065217407,6.521739130434782
all_oos,D1,intraday,atrH_0.1,side,1,91,-348.5920208791388,36.54978296703335,-2.859686813187767,6.593406593406594
all_oos,D1,intraday,atrH_0.1,volatility,high,83,-34.145030722892585,18.39002891566216,43.69993373493953,4.819277108433735
all_oos,D1,intraday,atrH_0.1,volatility,low,100,-572.4027105000131,17.029132499998678,-55.6349075000007,8.0
all_oos,D1,intraday,atrH_0.1,session,10to19,4,900.5579874999224,3.713649999997589,65.13411249999417,0.0
all_oos,D1,intraday,atrH_0.1,session,before10,179,-355.7348634078273,17.957715363127573,-12.273367039106512,6.70391061452514
all_oos,D1,intraday,atrH_0.1,trend,down,101,-436.1799955445577,21.340998514849417,-21.145086138614108,7.920792079207921
all_oos,D1,intraday,atrH_0.1,trend,up,82,-195.36742743903744,13.09566829268336,2.429968902438244,4.878048780487805
all_oos,D1,intraday,atrH_0.1,structure_regime,post_20240613,153,-233.22209575164243,27.4033026143774,-9.43006535947775,6.535947712418301
all_oos,D1,intraday,atrH_0.1,structure_regime,pre_20240613,30,-813.0442650000031,-32.11398833333051,-16.45320833333309,6.666666666666667
all_oos,D1,intraday,atrH_0.1,fold,0,35,-775.751797142865,-29.588190000000004,-8.026427142857093,8.571428571428571
all_oos,D1,intraday,atrH_0.1,fold,1,33,612.4625363636351,24.455680303029773,97.55261969696923,3.0303030303030303
all_oos,D1,intraday,atrH_0.1,fold,2,32,-1600.886357812504,-18.795921875004716,-171.5955765625002,9.375
all_oos,D1,intraday,atrH_0.1,fold,3,32,-272.13625468751036,56.42008749999876,-31.285768750000713,6.25
all_oos,D1,intraday,atrH_0.1,fold,4,51,133.38165098038027,44.193363725490876,31.71559411764617,5.88235294117647
all_oos,D1,intraday,atrH_0.25,side,-1,92,-294.9520097826015,12.175056521741402,-20.235622282608535,6.521739130434782
all_oos,D1,intraday,atrH_0.25,side,1,91,-361.8121027472669,23.329701098905193,-4.9747318681326425,6.593406593406594
all_oos,D1,intraday,atrH_0.25,volatility,high,83,-53.25942650602511,-0.7243668674703447,41.579601204819134,4.819277108433735
all_oos,D1,intraday,atrH_0.25,volatility,low,100,-556.3995385000056,33.032304500006205,-57.65484750000045,8.0
all_oos,D1,intraday,atrH_0.25,session,10to19,4,896.8443374999248,0.0,65.13411249999417,0.0
all_oos,D1,intraday,atrH_0.25,session,before10,179,-355.57465698324216,18.11792178771275,-14.384996089385659,6.70391061452514
all_oos,D1,intraday,atrH_0.25,trend,down,101,-439.65497277227604,17.86602128713092,-23.644780198019777,7.920792079207921
all_oos,D1,intraday,atrH_0.25,trend,up,82,-190.91870731708227,17.54438841463852,0.899328658535857,4.878048780487805
all_oos,D1,intraday,atrH_0.25,structure_regime,post_20240613,153,-251.1205803921628,9.50481797385711,-11.639095424837073,6.535947712418301
all_oos,D1,intraday,atrH_0.25,structure_regime,pre_20240613,30,-721.3012483333242,59.62902833334813,-17.786541666666167,6.666666666666667
all_oos,D1,intraday,atrH_0.25,fold,0,35,-713.22599714285,32.93761000001507,-10.312141428570937,8.571428571428571
all_oos,D1,intraday,atrH_0.25,fold,1,33,574.2420787878765,-13.764777272728983,95.87042272727219,3.0303030303030303
all_oos,D1,intraday,atrH_0.25,fold,2,32,-1559.2095312499996,22.88090468749956,-175.04792343749978,9.375
all_oos,D1,intraday,atrH_0.25,fold,3,32,-289.4058140625082,39.1505281250009,-32.848268750000635,6.25
all_oos,D1,intraday,atrH_0.25,fold,4,51,100.15933529410692,10.971048039217562,30.10786862745013,5.88235294117647
all_oos,D1,intraday,atrH_0.5,side,-1,92,-253.549685869561,53.57738043478204,-17.460069565217392,4.3478260869565215
all_oos,D1,intraday,atrH_0.5,side,1,91,-375.56819285715596,9.573610989016153,-8.016673076923974,6.593406593406594
all_oos,D1,intraday,atrH_0.5,volatility,high,83,7.465956024092608,60.00101566264738,43.08053975903573,3.614457831325301
all_oos,D1,intraday,atrH_0.5,volatility,low,100,-581.2295100000049,8.20233300000684,-59.115284500000456,7.000000000000001
all_oos,D1,intraday,atrH_0.5,session,10to19,4,831.2241374999313,-65.62019999999342,65.13411249999417,0.0
all_oos,D1,intraday,atrH_0.5,session,before10,179,-339.8221966480476,33.87038212290722,-14.504916759776863,5.58659217877095
all_oos,D1,intraday,atrH_0.5,trend,down,101,-403.4378004950499,54.08319356435712,-22.012290594059554,5.9405940594059405
all_oos,D1,intraday,atrH_0.5,trend,up,82,-204.3421804878141,4.120915243906706,-1.3731987804886279,4.878048780487805
all_oos,D1,intraday,atrH_0.5,structure_regime,post_20240613,153,-226.0305617647122,34.594836601307776,-11.38723790849735,5.228758169934641
all_oos,D1,intraday,atrH_0.5,structure_regime,pre_20240613,30,-764.0200233333283,16.91025333334432,-19.786541666666245,6.666666666666667
all_oos,D1,intraday,atrH_0.5,fold,0,35,-771.0960185714257,-24.93241142856061,-13.740712857142483,8.571428571428571
all_oos,D1,intraday,atrH_0.5,fold,1,33,517.6706606060548,-70.33619545455069,92.86735303030223,3.0303030303030303
all_oos,D1,intraday,atrH_0.5,fold,2,32,-1566.4855312500038,15.604904687495456,-180.3601984375003,9.375
all_oos,D1,intraday,atrH_0.5,fold,3,32,-54.87222968750757,273.6841125000016,-18.02163906250066,0.0
all_oos,D1,intraday,atrH_0.5,fold,4,51,84.02746176469924,-5.160825490190084,28.013283333332577,5.88235294117647
all_oos,D1,intraday,atrH_1,side,-1,92,-260.00653206521446,47.120534239128496,-22.29123913043475,4.3478260869565215
all_oos,D1,intraday,atrH_1,side,1,91,-271.3320494505557,113.80975439561635,-7.774306043956574,5.4945054945054945
all_oos,D1,intraday,atrH_1,volatility,high,83,-37.83898493975964,14.69607469879509,37.04973795180714,3.614457831325301
all_oos,D1,intraday,atrH_1,volatility,low,100,-454.7118170000026,134.72002600000917,-58.333841000000376,6.0
all_oos,D1,intraday,atrH_1,session,10to19,4,743.8829749999375,-152.96136249998725,65.13411249999417,0.0
all_oos,D1,intraday,atrH_1,session,before10,179,-288.1974824022349,85.49509636871993,-16.864761452514095,5.027932960893855
all_oos,D1,intraday,atrH_1,trend,down,101,-432.1305222772265,25.390471782180516,-28.231857425742525,5.9405940594059405
all_oos,D1,intraday,atrH_1,trend,up,82,-60.56871585366379,147.89437987805707,1.1361189024384037,3.6585365853658534
all_oos,D1,intraday,atrH_1,structure_regime,post_20240613,153,-171.94796143791052,88.67743692810933,-13.382071568627802,4.57516339869281
all_oos,D1,intraday,atrH_1,structure_regime,pre_20240613,30,-743.4593116666664,37.470965000006196,-23.693296666666395,6.666666666666667
all_oos,D1,intraday,atrH_1,fold,0,35,-773.8074228571455,-27.643815714280624,-20.51793142857133,8.571428571428571
all_oos,D1,intraday,atrH_1,fold,1,33,443.0750606060589,-144.93179545454637,86.68406969696925,3.0303030303030303
all_oos,D1,intraday,atrH_1,fold,2,32,-1470.7333125000005,111.3571234374986,-191.5140406249998,9.375
all_oos,D1,intraday,atrH_1,fold,3,32,-59.523023437506765,269.03331875000237,-18.02163906250066,0.0
all_oos,D1,intraday,atrH_1,fold,4,51,251.3366294117664,162.1483421568772,35.38116078431333,3.9215686274509802
all_oos,D1,intraday,combo_0.25_1,side,-1,30,-324.046053333328,13.798203333334481,-94.85415333333313,6.666666666666667
all_oos,D1,intraday,combo_0.25_1,side,1,26,1019.882532692284,-40.405338461533034,242.08629615384436,3.8461538461538463
all_oos,D1,intraday,combo_0.25_1,volatility,high,31,994.4813032258012,-21.904300000002326,170.75968225806363,3.225806451612903
all_oos,D1,intraday,combo_0.25_1,volatility,low,25,-561.3342460000114,1.6976240000099165,-73.79724200000048,8.0
all_oos,D1,intraday,combo_0.25_1,session,10to19,4,813.702912499928,-83.14142499999684,65.13411249999417,0.0
all_oos,D1,intraday,combo_0.25_1,session,before10,52,260.39908846153537,-5.846673076919941,61.3092817307689,5.769230769230769
all_oos,D1,intraday,combo_0.25_1,trend,down,22,1147.9842772727227,-9.663770454541634,128.52708409090855,4.545454545454546
all_oos,D1,intraday,combo_0.25_1,trend,up,34,-248.82617205883375,-12.470286764703186,18.265389705881535,5.88235294117647
all_oos,D1,intraday,combo_0.25_1,structure_regime,post_20240613,56,299.9207901785633,-11.367726785711145,61.58248392857074,5.357142857142857
all_oos,D1,intraday,combo_0.25_1,fold,0,5,-664.7744900000041,-127.2108999999833,34.534260000000494,20.0
all_oos,D1,intraday,combo_0.25_1,fold,1,33,541.1607848484828,-46.8460712121226,95.87042272727219,3.0303030303030303
all_oos,D1,intraday,combo_0.25_1,fold,2,2,-22.505125000003204,0.0,-93.34197499999998,0.0
all_oos,D1,intraday,combo_0.25_1,fold,4,16,144.13381562497776,96.58638437500863,18.681737499998484,6.25
all_oos,D1,intraday,combo_0.5_2,side,-1,30,-359.02026666666677,-21.176010000004556,-100.15753000000016,6.666666666666667
all_oos,D1,intraday,combo_0.5_2,side,1,26,1004.4322346153707,-55.8556365384463,239.43932307692154,3.8461538461538463
all_oos,D1,intraday,combo_0.5_2,volatility,high,31,992.6289935483779,-23.75660967742537,167.5628661290311,3.225806451612903
all_oos,D1,intraday,combo_0.5_2,volatility,low,25,-617.0747480000035,-54.04287799998214,-78.9500940000003,8.0
all_oos,D1,intraday,combo_0.5_2,session,10to19,4,748.0827124999344,-148.76162499999037,65.13411249999417,0.0
all_oos,D1,intraday,combo_0.5_2,session,before10,52,237.54421634615184,-28.701545192303435,56.926154807691915,5.769230769230769
all_oos,D1,intraday,combo_0.5_2,trend,down,22,975.7076159090847,-181.94043181817955,125.79981136363573,4.545454545454546
all_oos,D1,intraday,combo_0.5_2,trend,up,34,-180.0275720588303,56.32831323530027,13.326489705881482,5.88235294117647
all_oos,D1,intraday,combo_0.5_2,structure_regime,post_20240613,56,274.01125178570754,-37.27726517856679,57.51243749999923,5.357142857142857
all_oos,D1,intraday,combo_0.5_2,fold,0,5,-813.5519900000111,-275.9883999999902,22.53426000000004,20.0
all_oos,D1,intraday,combo_0.5_2,fold,1,33,518.7261015151457,-69.28075454545956,92.86735303030223,3.0303030303030303
all_oos,D1,intraday,combo_0.5_2,fold,2,2,70.83684999999673,93.34197499999993,-93.34197499999998,0.0
all_oos,D1,intraday,combo_0.5_2,fold,4,16,134.54718749999267,86.9997562500235,14.38040624999891,6.25
all_oos,D1,intraday,combo_1_2,side,-1,30,-440.01085166666536,-102.16659500000313,-110.95914166666658,6.666666666666667
all_oos,D1,intraday,combo_1_2,side,1,26,1417.192744230759,356.9048730769418,261.00704807692165,0.0
all_oos,D1,intraday,combo_1_2,volatility,high,31,835.3270016128994,-181.0586016129039,160.9806612903218,3.225806451612903
all_oos,D1,intraday,combo_1_2,volatility,low,25,-89.93805000000476,473.0938200000167,-61.31966000000038,4.0
all_oos,D1,intraday,combo_1_2,session,10to19,4,743.8829749999375,-152.96136249998725,65.13411249999417,0.0
all_oos,D1,intraday,combo_1_2,session,before10,52,397.5221903846156,131.2764288461604,61.47831826923056,3.8461538461538463
all_oos,D1,intraday,combo_1_2,trend,down,22,842.6683159090816,-314.9797318181824,120.34526590909007,4.545454545454546
all_oos,D1,intraday,combo_1_2,trend,up,34,150.23478970588135,386.59067500001197,23.81803382352895,2.941176470588235
all_oos,D1,intraday,combo_1_2,structure_regime,post_20240613,56,422.26224642856727,110.97372946429275,61.73944642857083,3.571428571428571
all_oos,D1,intraday,combo_1_2,fold,0,5,-955.8960900000224,-418.3325000000015,-1.4657400000008693,20.0
all_oos,D1,intraday,combo_1_2,fold,1,33,443.0750606060589,-144.93179545454637,86.68406969696925,3.0303030303030303
all_oos,D1,intraday,combo_1_2,fold,2,2,-3.197275000002719,19.307850000000485,-93.34197499999998,0.0
all_oos,D1,intraday,combo_1_2,fold,4,16,863.1927374999962,815.6453062500269,49.427959374999055,0.0
all_oos,D1,intraday,fixed_0,side,-1,92,-290.768920652165,16.358145652178024,-19.982927173912934,7.608695652173914
all_oos,D1,intraday,fixed_0,side,1,91,-351.0204758241906,34.12132802198153,-1.2497549450558318,6.593406593406594
all_oos,D1,intraday,fixed_0,volatility,high,83,-5.8463126506049745,46.68874698794978,45.465039759035804,4.819277108433735
all_oos,D1,intraday,fixed_0,volatility,low,100,-582.0836005000032,7.348242500008664,-57.25755300000044,9.0
all_oos,D1,intraday,fixed_0,session,10to19,4,901.0440749999217,4.199737499996878,65.13411249999417,0.0
all_oos,D1,intraday,fixed_0,session,before10,179,-348.0322921787721,25.660286592182725,-12.36141592178798,7.262569832402235
all_oos,D1,intraday,fixed_0,trend,down,101,-410.3122707920802,47.208723267326775,-19.10049405940611,7.920792079207921
all_oos,D1,intraday,fixed_0,trend,up,82,-210.39103231707824,-1.9279365853573927,-0.28057439024456216,6.097560975609756
all_oos,D1,intraday,fixed_0,structure_regime,post_20240613,153,-226.80568823529939,33.819710130720544,-9.800665686275064,7.18954248366013
all_oos,D1,intraday,fixed_0,structure_regime,pre_20240613,30,-799.7444566666574,-18.814179999984866,-15.088504999999554,6.666666666666667
all_oos,D1,intraday,fixed_0,fold,0,35,-756.1877257142828,-10.024118571417779,-5.99953857142831,8.571428571428571
all_oos,D1,intraday,fixed_0,fold,1,33,561.4543030302995,-26.552553030305784,88.97063030302964,6.0606060606060606
all_oos,D1,intraday,fixed_0,fold,2,32,-1610.6091703125023,-28.518734375002865,-168.89233281250011,9.375
all_oos,D1,intraday,fixed_0,fold,3,32,-248.46659687501386,80.08974531249535,-29.7232687500008,6.25
all_oos,D1,intraday,fixed_0,fold,4,51,171.28233235294138,82.09404509805198,32.89206470588179,5.88235294117647
all_oos,D1,intraday,fixed_0.01,side,-1,92,-271.7188766304305,35.408189673912496,-17.02352989130438,6.521739130434782
all_oos,D1,intraday,fixed_0.01,side,1,91,-361.17744890110873,23.96435494506334,-1.9090956043962075,6.593406593406594
all_oos,D1,intraday,fixed_0.01,volatility,high,83,-12.282639759039279,40.25241987951547,44.98311204819254,4.819277108433735
all_oos,D1,intraday,fixed_0.01,volatility,low,100,-568.4582540000025,20.973589000009287,-54.73490750000039,8.0
all_oos,D1,intraday,fixed_0.01,session,10to19,4,900.5579874999224,3.713649999997589,65.13411249999417,0.0
all_oos,D1,intraday,fixed_0.01,session,before10,179,-343.3939466480458,30.298632122909062,-11.175580446927574,6.70391061452514
all_oos,D1,intraday,fixed_0.01,trend,down,101,-430.1802747524747,27.340719306932208,-19.89257326732674,7.920792079207921
all_oos,D1,intraday,fixed_0.01,trend,up,82,-175.81800914634817,32.64508658537268,3.2836274390236957,4.878048780487805
all_oos,D1,intraday,fixed_0.01,structure_regime,post_20240613,153,-214.45075849673793,46.17463986928201,-8.276445751634473,6.535947712418301
all_oos,D1,intraday,fixed_0.01,structure_regime,pre_20240613,30,-835.1439483333202,-54.213671666647805,-15.786541666666093,6.666666666666667
all_oos,D1,intraday,fixed_0.01,fold,0,35,-792.8158614285686,-46.65225428570351,-6.883569999999779,8.571428571428571
all_oos,D1,intraday,fixed_0.01,fold,1,33,677.8368424242368,89.82998636363145,98.76474090909021,3.0303030303030303
all_oos,D1,intraday,fixed_0.01,fold,2,32,-1625.5844984374999,-43.49406250000062,-169.82983281249972,9.375
all_oos,D1,intraday,fixed_0.01,fold,3,32,-268.15161093750913,60.404731249999955,-30.348268750000685,6.25
all_oos,D1,intraday,fixed_0.01,fold,4,51,159.10216372548774,69.91387647059842,32.30382941176412,5.88235294117647
all_oos,D1,intraday,fixed_0.03,side,-1,92,-298.1987059782544,8.928360326088463,-18.327877717391228,6.521739130434782
all_oos,D1,intraday,fixed_0.03,side,1,91,-367.33057912089475,17.811224725277384,-3.202047252748224,6.593406593406594
all_oos,D1,intraday,fixed_0.03,volatility,high,83,-37.0065927710877,15.528466867467104,44.06137951807191,4.819277108433735
all_oos,D1,intraday,fixed_0.03,volatility,low,100,-577.8981645000057,11.533678500006113,-56.34645550000048,8.0
all_oos,D1,intraday,fixed_0.03,session,10to19,4,900.5579874999224,3.713649999997589,65.13411249999417,0.0
all_oos,D1,intraday,fixed_0.03,session,before10,179,-360.1318189944164,13.560759776538493,-12.503282122905354,6.70391061452514
all_oos,D1,intraday,fixed_0.03,trend,down,101,-441.0273896039633,16.49360445544377,-21.45354950495076,7.920792079207921
all_oos,D1,intraday,fixed_0.03,trend,up,82,-198.99508902439695,9.4680067073239,2.308017682926151,4.878048780487805
all_oos,D1,intraday,fixed_0.03,structure_regime,post_20240613,153,-238.73368758170594,21.89171078431406,-9.568332026144397,6.535947712418301
all_oos,D1,intraday,fixed_0.03,structure_regime,pre_20240613,30,-811.1703149999947,-30.240038333322353,-17.11987499999963,6.666666666666667
all_oos,D1,intraday,fixed_0.03,fold,0,35,-792.7257328571438,-46.5621257142788,-8.597855714285547,8.571428571428571
all_oos,D1,intraday,fixed_0.03,fold,1,33,623.9776878787843,35.97083181817897,98.15868030302973,3.0303030303030303
all_oos,D1,intraday,fixed_0.03,fold,2,32,-1594.3928953125035,-12.302459375004275,-171.5955765625002,9.375
all_oos,D1,intraday,fixed_0.03,fold,3,32,-278.7234500000146,49.83289218749455,-31.598268750000877,6.25
all_oos,D1,intraday,fixed_0.03,fold,4,51,122.20581078431181,33.01752352942242,31.104715686273874,5.88235294117647
all_oos,D1,intraday,fixed_0.05,side,-1,92,-307.12706630434286,0.0,-19.63222554347808,6.521739130434782
all_oos,D1,intraday,fixed_0.05,side,1,91,-385.1418038461722,0.0,-4.535171428572443,6.593406593406594
all_oos,D1,intraday,fixed_0.05,volatility,high,83,-52.535059638554756,0.0,43.09179999999981,4.819277108433735
all_oos,D1,intraday,fixed_0.05,volatility,low,100,-589.4318430000118,0.0,-57.9548475000006,8.0
all_oos,D1,intraday,fixed_0.05,session,10to19,4,896.8443374999248,0.0,65.13411249999417,0.0
all_oos,D1,intraday,fixed_0.05,session,before10,179,-373.6925787709549,0.0,-13.851406703910909,6.70391061452514
all_oos,D1,intraday,fixed_0.05,trend,down,101,-457.520994059407,0.0,-23.05072079207929,7.920792079207921
all_oos,D1,intraday,fixed_0.05,trend,up,82,-208.46309573172087,0.0,1.332407926828449,4.878048780487805
all_oos,D1,intraday,fixed_0.05,structure_regime,post_20240613,153,-260.62539836601997,0.0,-10.884111764706411,6.535947712418301
all_oos,D1,intraday,fixed_0.05,structure_regime,pre_20240613,30,-780.9302766666726,0.0,-18.45320833333317,6.666666666666667
all_oos,D1,intraday,fixed_0.05,fold,0,35,-746.1636071428651,0.0,-10.31214142857134,8.571428571428571
all_oos,D1,intraday,fixed_0.05,fold,1,33,588.0068560606054,0.0,97.55261969696923,3.0303030303030303
all_oos,D1,intraday,fixed_0.05,fold,2,32,-1582.0904359374993,0.0,-173.48542343749986,9.375
all_oos,D1,intraday,fixed_0.05,fold,3,32,-328.5563421875092,0.0,-32.84826875000062,6.25
all_oos,D1,intraday,fixed_0.05,fold,4,51,89.1882872548894,0.0,29.911790196077476,5.88235294117647
all_oos,D1,intraday,fixed_0.1,side,-1,92,-276.11724402173695,31.009822282605985,-20.98806086956529,5.434782608695652
all_oos,D1,intraday,fixed_0.1,side,1,91,-396.57638626374876,-11.434582417576715,-7.568145604396431,6.593406593406594
all_oos,D1,intraday,fixed_0.1,volatility,high,83,-37.96414638554656,14.570913253008262,40.712381927710446,4.819277108433735
all_oos,D1,intraday,fixed_0.1,volatility,low,100,-583.4021345000059,6.029708500005842,-59.987305500000495,7.000000000000001
all_oos,D1,intraday,fixed_0.1,session,10to19,4,831.2241374999313,-65.62019999999342,65.13411249999417,0.0
all_oos,D1,intraday,fixed_0.1,session,before10,179,-362.1013081005624,11.591270670392424,-16.090163687151172,6.145251396648044
all_oos,D1,intraday,fixed_0.1,trend,down,101,-435.42287772277325,22.09811633663388,-25.33564108910904,6.9306930693069315
all_oos,D1,intraday,fixed_0.1,trend,up,82,-213.57959695122995,-5.116501219509172,-0.7402817073179314,4.878048780487805
all_oos,D1,intraday,fixed_0.1,structure_regime,post_20240613,153,-255.4141241830131,5.211274183006712,-12.868003267974471,5.88235294117647
all_oos,D1,intraday,fixed_0.1,structure_regime,pre_20240613,30,-747.0958866666643,33.834390000008106,-21.693278333332987,6.666666666666667
all_oos,D1,intraday,fixed_0.1,fold,0,35,-736.130915714285,10.032691428580126,-14.517915714285378,8.571428571428571
all_oos,D1,intraday,fixed_0.1,fold,1,33,525.7091621212056,-62.297693939399736,96.17345303030221,3.0303030303030303
all_oos,D1,intraday,fixed_0.1,fold,2,32,-1562.5244468750025,19.56598906249704,-178.23477343750005,9.375
all_oos,D1,intraday,fixed_0.1,fold,3,32,-242.95425937500977,85.60208281249923,-30.636389062500847,3.125
all_oos,D1,intraday,fixed_0.1,fold,4,51,92.16197450979675,2.973687254907363,27.425048039214897,5.88235294117647
all_oos,D1,intraday,fixed_0.2,side,-1,92,-154.64930271738692,152.4777635869561,-13.305604891304236,3.260869565217391
all_oos,D1,intraday,fixed_0.2,side,1,91,-177.5529082417685,207.58889560440363,-1.7576000000008691,4.395604395604396
all_oos,D1,intraday,fixed_0.2,volatility,high,83,3.8415927710822912,56.37665240963708,41.99016084337319,3.614457831325301
all_oos,D1,intraday,fixed_0.2,volatility,low,100,-307.0390270000038,282.392816000008,-48.692406000000446,4.0
all_oos,D1,intraday,fixed_0.2,session,10to19,4,743.8829749999375,-152.96136249998725,65.13411249999417,0.0
all_oos,D1,intraday,fixed_0.2,session,before10,179,-186.37196871508533,187.32061005586945,-9.187674301676235,3.910614525139665
all_oos,D1,intraday,fixed_0.2,trend,down,101,-252.5029702970305,205.01802376237657,-15.363810891089232,3.9603960396039604
all_oos,D1,intraday,fixed_0.2,trend,up,82,-59.53964024390806,148.92345548781284,2.0449713414627118,3.6585365853658534
all_oos,D1,intraday,fixed_0.2,structure_regime,post_20240613,153,-47.5430591503304,213.0823392156895,-3.488469934641035,3.2679738562091507
all_oos,D1,intraday,fixed_0.2,structure_regime,pre_20240613,30,-770.3654149999999,10.564861666672888,-28.344044999999742,6.666666666666667
all_oos,D1,intraday,fixed_0.2,fold,0,35,-773.8396685714329,-27.676061428567895,-23.075715714285707,8.571428571428571
all_oos,D1,intraday,fixed_0.2,fold,1,33,520.2234893939361,-67.7833666666692,93.1703833333327,3.0303030303030303
all_oos,D1,intraday,fixed_0.2,fold,2,32,-1319.4916749999988,262.59876093750046,-165.66307812499986,6.25
all_oos,D1,intraday,fixed_0.2,fold,3,32,-12.965181250006992,315.59116093750225,-18.02163906250066,0.0
all_oos,D1,intraday,fixed_0.2,fold,4,51,434.7172970588217,345.5290098039324,43.66433529411701,1.9607843137254901
all_oos,D1,intraday,fixed_0.5,side,-1,92,-144.89105489130299,162.23601141304007,-20.177565760869562,1.0869565217391304
all_oos,D1,intraday,fixed_0.5,side,1,91,-171.92611978022592,213.2156840659462,-3.6077741758249164,2.197802197802198
all_oos,D1,intraday,fixed_0.5,volatility,high,83,31.811628313250598,84.34668795180534,40.88051385542135,1.2048192771084338
all_oos,D1,intraday,fixed_0.5,volatility,low,100,-316.15619100000237,273.2756520000095,-55.777261500000385,2.0
all_oos,D1,intraday,fixed_0.5,session,10to19,4,504.06653749995604,-392.7777999999688,65.13411249999417,0.0
all_oos,D1,intraday,fixed_0.5,session,before10,179,-173.13698379888413,200.55559497207076,-13.660223184357791,1.675977653631285
all_oos,D1,intraday,fixed_0.5,trend,down,101,-203.37291584158385,254.14807821782313,-17.031050495049506,1.9801980198019802
all_oos,D1,intraday,fixed_0.5,trend,up,82,-102.86084695122507,105.60224878049573,-5.664724390244722,1.2195121951219512
all_oos,D1,intraday,fixed_0.5,structure_regime,post_20240613,153,-66.62621862745334,193.99917973856654,-6.1190888888893475,1.3071895424836601
all_oos,D1,intraday,fixed_0.5,structure_regime,pre_20240613,30,-626.0480833333356,154.88219333333686,-41.614096666666605,3.3333333333333335
all_oos,D1,intraday,fixed_0.5,fold,0,35,-686.8707557142903,59.2928514285749,-43.02147428571436,5.714285714285714
all_oos,D1,intraday,fixed_0.5,fold,1,33,422.07772424242074,-165.92913181818457,86.07664090909014,0.0
all_oos,D1,intraday,fixed_0.5,fold,2,32,-1031.3663843750005,550.7240515624991,-161.22580312499983,3.125
all_oos,D1,intraday,fixed_0.5,fold,3,32,-45.51589375000469,283.04044843750444,-18.02163906250066,0.0
all_oos,D1,intraday,fixed_0.5,fold,4,51,305.8213823529412,216.63309509805183,43.46072745097993,0.0
all_oos,D1,intraday,price_0.0005,side,-1,92,-308.892579347821,-1.7655130434781727,-19.414834239130297,6.521739130434782
all_oos,D1,intraday,price_0.0005,side,1,91,-383.4192296703456,1.722574175826514,-4.4252813186822735,6.593406593406594
all_oos,D1,intraday,price_0.0005,volatility,high,83,-60.70461746988094,-8.169557831326166,42.9713180722889,4.819277108433735
all_oos,D1,intraday,price_0.0005,volatility,low,100,-582.707839500009,6.724003500002926,-57.55484750000054,8.0
all_oos,D1,intraday,price_0.0005,session,10to19,4,896.8443374999248,0.0,65.13411249999417,0.0
all_oos,D1,intraday,price_0.0005,session,before10,179,-373.72427122905424,-0.03169245809932533,-13.683808938547774,6.70391061452514
all_oos,D1,intraday,price_0.0005,trend,down,101,-457.1588653465352,0.3621287128718977,-22.852700990099137,7.920792079207921
all_oos,D1,intraday,price_0.0005,trend,up,82,-208.978314634158,-0.5152189024370841,1.454359146340708,4.878048780487805
all_oos,D1,intraday,price_0.0005,structure_regime,post_20240613,153,-260.6624764705937,-0.03707810457372049,-10.688033333333856,6.535947712418301
all_oos,D1,intraday,price_0.0005,structure_regime,pre_20240613,30,-780.9302766666726,0.0,-18.45320833333317,6.666666666666667
all_oos,D1,intraday,price_0.0005,fold,0,35,-746.1636071428651,0.0,-10.31214142857134,8.571428571428571
all_oos,D1,intraday,price_0.0005,fold,1,33,560.8313030303023,-27.17555303030313,97.55261969696923,3.0303030303030303
all_oos,D1,intraday,price_0.0005,fold,2,32,-1580.840435937505,1.2499999999943725,-173.4854234375003,9.375
all_oos,D1,intraday,price_0.0005,fold,3,32,-315.89002656250557,12.66631562500362,-32.535768750000464,6.25
all_oos,D1,intraday,price_0.0005,fold,4,51,97.92942843136561,8.741141176476242,30.303947058822786,5.88235294117647
all_oos,D1,intraday,price_0.001,side,-1,92,-285.47297010869204,21.65409619565108,-20.488566847826036,5.434782608695652
all_oos,D1,intraday,price_0.001,side,1,91,-390.96835989011936,-5.826556043947311,-7.072810439561205,6.593406593406594
all_oos,D1,intraday,price_0.001,volatility,high,83,-54.816310240967034,-2.281250602412227,40.784110240963514,4.819277108433735
all_oos,D1,intraday,price_0.001,volatility,low,100,-572.9188025000027,16.513040500009087,-59.136550500000375,7.000000000000001
all_oos,D1,intraday,price_0.001,session,10to19,4,831.2241374999313,-65.62019999999342,65.13411249999417,0.0
all_oos,D1,intraday,price_0.001,session,before10,179,-364.05882988826954,9.633748882685296,-15.581622067039342,6.145251396648044
all_oos,D1,intraday,price_0.001,trend,down,101,-430.92852524752516,26.592468811881897,-24.741581683168427,6.9306930693069315
all_oos,D1,intraday,price_0.001,trend,up,82,-223.38845060976192,-14.925354878041198,-0.36187987804945426,4.878048780487805
all_oos,D1,intraday,price_0.001,structure_regime,post_20240613,153,-257.70429673203,2.921101633989871,-12.273042810458014,5.88235294117647
all_oos,D1,intraday,price_0.001,structure_regime,pre_20240613,30,-747.0958866666643,33.834390000008106,-21.693278333332987,6.666666666666667
all_oos,D1,intraday,price_0.001,fold,0,35,-730.9880585714327,15.175548571432591,-14.232201428571353,8.571428571428571
all_oos,D1,intraday,price_0.001,fold,1,33,514.4509515151475,-73.55590454545785,96.35386060605994,3.0303030303030303
all_oos,D1,intraday,price_0.001,fold,2,32,-1554.49193125,27.598504687499492,-177.92227343749985,9.375
all_oos,D1,intraday,price_0.001,fold,3,32,-255.15194062500768,73.40440156250139,-30.323889062500676,3.125
all_oos,D1,intraday,price_0.001,fold,4,51,91.66020686274499,2.4719196078555625,28.504959803921007,5.88235294117647
all_oos,D1,intraday,price_0.002,side,-1,92,-256.9966891304329,50.13037717391003,-19.94934456521743,4.3478260869565215
all_oos,D1,intraday,price_0.002,side,1,91,-431.8188445055063,-46.67704065933422,-12.891696153847084,6.593406593406594
all_oos,D1,intraday,price_0.002,volatility,high,83,3.2078524096351946,55.74291204818997,42.11064277108394,3.614457831325301
all_oos,D1,intraday,price_0.002,volatility,low,100,-632.0546200000064,-42.62277699999458,-65.03667400000054,7.000000000000001
all_oos,D1,intraday,price_0.002,session,10to19,4,743.8829749999375,-152.96136249998725,65.13411249999417,0.0
all_oos,D1,intraday,price_0.002,session,before10,179,-368.2387829608975,5.453795810057313,-18.26268435754227,5.58659217877095
all_oos,D1,intraday,price_0.002,trend,down,101,-427.6913722772273,29.829621782179743,-26.093176732673374,5.9405940594059405
all_oos,D1,intraday,price_0.002,trend,up,82,-240.76075182927994,-32.29765609755907,-4.549673170732656,4.878048780487805
all_oos,D1,intraday,price_0.002,structure_regime,post_20240613,153,-257.1291630719007,3.496235294119219,-14.236357516340473,5.228758169934641
all_oos,D1,intraday,price_0.002,structure_regime,pre_20240613,30,-786.6149433333371,-5.6846666666642935,-27.67737833333321,6.666666666666667
all_oos,D1,intraday,price_0.002,fold,0,35,-796.9726071428605,-50.80899999999529,-21.932858571428383,8.571428571428571
all_oos,D1,intraday,price_0.002,fold,1,33,508.79557727272197,-79.21127878788334,93.77644393939318,3.0303030303030303
all_oos,D1,intraday,price_0.002,fold,2,32,-1579.252240625004,2.838195312495202,-186.63882968750036,9.375
all_oos,D1,intraday,price_0.002,fold,3,32,-20.669590625007572,307.8867515625017,-18.02163906250066,0.0
all_oos,D1,intraday,price_0.002,fold,4,51,-12.508322549024442,-101.69660980391377,23.797614705881614,5.88235294117647
all_oos,D1,intraday,price_0.005,side,-1,92,-148.82502010869447,158.30204619564856,-19.634087500000025,1.0869565217391304
all_oos,D1,intraday,price_0.005,side,1,91,-150.53853241758748,234.60327142858463,-3.3931565934072223,2.197802197802198
all_oos,D1,intraday,price_0.005,volatility,high,83,38.24191204819137,90.77697168674607,40.760031927710614,1.2048192771084338
all_oos,D1,intraday,price_0.005,volatility,low,100,-305.64987000000224,283.78197300000943,-54.98195950000039,2.0
all_oos,D1,intraday,price_0.005,session,10to19,4,587.6940499999521,-309.15028749997265,65.13411249999417,0.0
all_oos,D1,intraday,price_0.005,session,before10,179,-166.15466201117408,207.53791675978079,-13.271786312849365,1.675977653631285
all_oos,D1,intraday,price_0.005,trend,down,101,-215.09200544554346,242.42898861386354,-16.63501089108905,1.9801980198019802
all_oos,D1,intraday,price_0.005,trend,up,82,-69.10507012195677,139.35802560976404,-5.304600000000804,1.2195121951219512
all_oos,D1,intraday,price_0.005,structure_regime,post_20240613,153,-62.620716013074045,198.0046823529459,-5.857650980392568,1.3071895424836601
all_oos,D1,intraday,price_0.005,structure_regime,pre_20240613,30,-593.664625000001,187.26565166667152,-40.62975666666657,3.3333333333333335
all_oos,D1,intraday,price_0.005,fold,0,35,-670.3182771428616,75.84533000000361,-40.74918285714298,5.714285714285714
all_oos,D1,intraday,price_0.005,fold,1,33,427.6026060606022,-160.40425000000312,86.07664090909014,0.0
all_oos,D1,intraday,price_0.005,fold,2,32,-1072.4162343749979,509.67420156250165,-161.53830312499954,3.125
all_oos,D1,intraday,price_0.005,fold,3,32,-60.70743437500471,267.8489078125044,-18.02163906250066,0.0
all_oos,D1,intraday,price_0.005,fold,4,51,357.24123137254924,268.0529441176599,43.46072745097993,0.0
all_oos,D1,intraday,q_0.5,side,-1,92,-290.768920652165,16.358145652178024,-19.982927173912934,7.608695652173914
all_oos,D1,intraday,q_0.5,side,1,91,-351.0204758241906,34.12132802198153,-1.2497549450558318,6.593406593406594
all_oos,D1,intraday,q_0.5,volatility,high,83,-5.8463126506049745,46.68874698794978,45.465039759035804,4.819277108433735
all_oos,D1,intraday,q_0.5,volatility,low,100,-582.0836005000032,7.348242500008664,-57.25755300000044,9.0
all_oos,D1,intraday,q_0.5,session,10to19,4,901.0440749999217,4.199737499996878,65.13411249999417,0.0
all_oos,D1,intraday,q_0.5,session,before10,179,-348.0322921787721,25.660286592182725,-12.36141592178798,7.262569832402235
all_oos,D1,intraday,q_0.5,trend,down,101,-410.3122707920802,47.208723267326775,-19.10049405940611,7.920792079207921
all_oos,D1,intraday,q_0.5,trend,up,82,-210.39103231707824,-1.9279365853573927,-0.28057439024456216,6.097560975609756
all_oos,D1,intraday,q_0.5,structure_regime,post_20240613,153,-226.80568823529939,33.819710130720544,-9.800665686275064,7.18954248366013
all_oos,D1,intraday,q_0.5,structure_regime,pre_20240613,30,-799.7444566666574,-18.814179999984866,-15.088504999999554,6.666666666666667
all_oos,D1,intraday,q_0.5,fold,0,35,-756.1877257142828,-10.024118571417779,-5.99953857142831,8.571428571428571
all_oos,D1,intraday,q_0.5,fold,1,33,561.4543030302995,-26.552553030305784,88.97063030302964,6.0606060606060606
all_oos,D1,intraday,q_0.5,fold,2,32,-1610.6091703125023,-28.518734375002865,-168.89233281250011,9.375
all_oos,D1,intraday,q_0.5,fold,3,32,-248.46659687501386,80.08974531249535,-29.7232687500008,6.25
all_oos,D1,intraday,q_0.5,fold,4,51,171.28233235294138,82.09404509805198,32.89206470588179,5.88235294117647
all_oos,D1,intraday,q_0.75,side,-1,92,-290.768920652165,16.358145652178024,-19.982927173912934,7.608695652173914
all_oos,D1,intraday,q_0.75,side,1,91,-351.0204758241906,34.12132802198153,-1.2497549450558318,6.593406593406594
all_oos,D1,intraday,q_0.75,volatility,high,83,-5.8463126506049745,46.68874698794978,45.465039759035804,4.819277108433735
all_oos,D1,intraday,q_0.75,volatility,low,100,-582.0836005000032,7.348242500008664,-57.25755300000044,9.0
all_oos,D1,intraday,q_0.75,session,10to19,4,901.0440749999217,4.199737499996878,65.13411249999417,0.0
all_oos,D1,intraday,q_0.75,session,before10,179,-348.0322921787721,25.660286592182725,-12.36141592178798,7.262569832402235
all_oos,D1,intraday,q_0.75,trend,down,101,-410.3122707920802,47.208723267326775,-19.10049405940611,7.920792079207921
all_oos,D1,intraday,q_0.75,trend,up,82,-210.39103231707824,-1.9279365853573927,-0.28057439024456216,6.097560975609756
all_oos,D1,intraday,q_0.75,structure_regime,post_20240613,153,-226.80568823529939,33.819710130720544,-9.800665686275064,7.18954248366013
all_oos,D1,intraday,q_0.75,structure_regime,pre_20240613,30,-799.7444566666574,-18.814179999984866,-15.088504999999554,6.666666666666667
all_oos,D1,intraday,q_0.75,fold,0,35,-756.1877257142828,-10.024118571417779,-5.99953857142831,8.571428571428571
all_oos,D1,intraday,q_0.75,fold,1,33,561.4543030302995,-26.552553030305784,88.97063030302964,6.0606060606060606
all_oos,D1,intraday,q_0.75,fold,2,32,-1610.6091703125023,-28.518734375002865,-168.89233281250011,9.375
all_oos,D1,intraday,q_0.75,fold,3,32,-248.46659687501386,80.08974531249535,-29.7232687500008,6.25
all_oos,D1,intraday,q_0.75,fold,4,51,171.28233235294138,82.09404509805198,32.89206470588179,5.88235294117647
all_oos,D1,intraday,q_0.9,side,-1,92,-290.768920652165,16.358145652178024,-19.982927173912934,7.608695652173914
all_oos,D1,intraday,q_0.9,side,1,91,-351.0204758241906,34.12132802198153,-1.2497549450558318,6.593406593406594
all_oos,D1,intraday,q_0.9,volatility,high,83,-5.8463126506049745,46.68874698794978,45.465039759035804,4.819277108433735
all_oos,D1,intraday,q_0.9,volatility,low,100,-582.0836005000032,7.348242500008664,-57.25755300000044,9.0
all_oos,D1,intraday,q_0.9,session,10to19,4,901.0440749999217,4.199737499996878,65.13411249999417,0.0
all_oos,D1,intraday,q_0.9,session,before10,179,-348.0322921787721,25.660286592182725,-12.36141592178798,7.262569832402235
all_oos,D1,intraday,q_0.9,trend,down,101,-410.3122707920802,47.208723267326775,-19.10049405940611,7.920792079207921
all_oos,D1,intraday,q_0.9,trend,up,82,-210.39103231707824,-1.9279365853573927,-0.28057439024456216,6.097560975609756
all_oos,D1,intraday,q_0.9,structure_regime,post_20240613,153,-226.80568823529939,33.819710130720544,-9.800665686275064,7.18954248366013
all_oos,D1,intraday,q_0.9,structure_regime,pre_20240613,30,-799.7444566666574,-18.814179999984866,-15.088504999999554,6.666666666666667
all_oos,D1,intraday,q_0.9,fold,0,35,-756.1877257142828,-10.024118571417779,-5.99953857142831,8.571428571428571
all_oos,D1,intraday,q_0.9,fold,1,33,561.4543030302995,-26.552553030305784,88.97063030302964,6.0606060606060606
all_oos,D1,intraday,q_0.9,fold,2,32,-1610.6091703125023,-28.518734375002865,-168.89233281250011,9.375
all_oos,D1,intraday,q_0.9,fold,3,32,-248.46659687501386,80.08974531249535,-29.7232687500008,6.25
all_oos,D1,intraday,q_0.9,fold,4,51,171.28233235294138,82.09404509805198,32.89206470588179,5.88235294117647
all_oos,D1,intraday,selected_atrD,side,-1,92,-342.599190760864,-35.472124456521,-22.78444836956511,6.521739130434782
all_oos,D1,intraday,selected_atrD,side,1,91,-358.12910824177237,27.012695604399624,-5.823063186814102,6.593406593406594
all_oos,D1,intraday,selected_atrD,volatility,high,83,-73.92004518072665,-21.384985542171886,42.36890843373454,4.819277108433735
all_oos,D1,intraday,selected_atrD,volatility,low,100,-579.7351065000048,9.696736500007004,-61.42687400000041,8.0
all_oos,D1,intraday,selected_atrD,session,10to19,4,896.8443374999248,0.0,65.13411249999417,0.0
all_oos,D1,intraday,selected_atrD,session,before10,179,-378.19135055866195,-4.498771787707072,-16.126281843575693,6.70391061452514
all_oos,D1,intraday,selected_atrD,trend,down,101,-474.07745990098937,-16.55646584158233,-24.93190891089115,7.920792079207921
all_oos,D1,intraday,selected_atrD,trend,up,82,-197.89086524391294,10.572230487807914,-1.316404878049591,4.878048780487805
all_oos,D1,intraday,selected_atrD,structure_regime,post_20240613,153,-275.5867653594821,-14.96136699346224,-12.322020261438432,6.535947712418301
all_oos,D1,intraday,selected_atrD,structure_regime,pre_20240613,30,-731.4699766666674,49.460300000005205,-24.69329666666643,6.666666666666667
all_oos,D1,intraday,selected_atrD,fold,0,35,-813.2054214285743,-67.04181428570934,-20.51793142857132,8.571428571428571
all_oos,D1,intraday,selected_atrD,fold,1,33,571.3885909090842,-16.618265151521086,96.94655909090831,3.0303030303030303
all_oos,D1,intraday,selected_atrD,fold,2,32,-1559.5882828125,22.50215312499946,-174.4229234374999,9.375
all_oos,D1,intraday,selected_atrD,fold,3,32,-301.96789531250835,26.5884468750008,-32.848268750000635,6.25
all_oos,D1,intraday,selected_atrD,fold,4,51,99.35861862744721,10.170331372557797,29.911790196077753,5.88235294117647
all_oos,D1,intraday,selected_atrH,side,-1,92,-316.3894407608666,-9.262374456523697,-25.704689130434783,6.521739130434782
all_oos,D1,intraday,selected_atrH,side,1,91,-400.96938076924715,-15.827576923075043,-4.037688461539412,6.593406593406594
all_oos,D1,intraday,selected_atrH,volatility,high,83,-101.9902174698807,-49.455157831326,39.378703012047964,4.819277108433735
all_oos,D1,intraday,selected_atrH,volatility,low,100,-571.3085415000113,18.123301500000498,-60.006934000000676,8.0
all_oos,D1,intraday,selected_atrH,session,10to19,4,724.5924499999337,-172.2518874999911,65.13411249999417,0.0
all_oos,D1,intraday,selected_atrH,session,before10,179,-382.65034636872053,-8.957767597765615,-16.71953910614561,6.70391061452514
all_oos,D1,intraday,selected_atrH,trend,down,101,-512.7628846534677,-55.24189059406066,-23.323303960396277,7.920792079207921
all_oos,D1,intraday,selected_atrH,trend,up,82,-168.37793719513405,40.0851585365868,-4.592772560976375,4.878048780487805
all_oos,D1,intraday,selected_atrH,structure_regime,post_20240613,153,-282.9559663398774,-22.33056797385748,-13.212170915033294,6.535947712418301
all_oos,D1,intraday,selected_atrH,structure_regime,pre_20240613,30,-743.4593116666664,37.470965000006196,-23.693296666666395,6.666666666666667
all_oos,D1,intraday,selected_atrH,fold,0,35,-773.8074228571455,-27.643815714280624,-20.51793142857133,8.571428571428571
all_oos,D1,intraday,selected_atrH,fold,1,33,443.0750606060589,-144.93179545454637,86.68406969696925,3.0303030303030303
all_oos,D1,intraday,selected_atrH,fold,2,32,-1600.886357812504,-18.795921875004716,-171.5955765625002,9.375
all_oos,D1,intraday,selected_atrH,fold,3,32,-272.13625468751036,56.42008749999876,-31.285768750000713,6.25
all_oos,D1,intraday,selected_atrH,fold,4,51,133.38165098038027,44.193363725490876,31.71559411764617,5.88235294117647
all_oos,D1,intraday,selected_combo,side,-1,30,-382.7442833333354,-44.90002666667312,-104.15753000000032,6.666666666666667
all_oos,D1,intraday,selected_combo,side,1,26,1004.4322346153707,-55.8556365384463,239.43932307692154,3.8461538461538463
all_oos,D1,intraday,selected_combo,volatility,high,31,968.4928161290234,-47.89278709678,167.5628661290311,3.225806451612903
all_oos,D1,intraday,selected_combo,volatility,low,25,-615.614708000006,-52.582837999984676,-83.75009400000049,8.0
all_oos,D1,intraday,selected_combo,session,10to19,4,748.0827124999344,-148.76162499999037,65.13411249999417,0.0
all_oos,D1,intraday,selected_combo,session,before10,52,223.8572836538431,-42.388477884612215,54.61846249999952,5.769230769230769
all_oos,D1,intraday,selected_combo,trend,down,22,943.3566840909002,-214.29136363636397,120.34526590909007,4.545454545454546
all_oos,D1,intraday,selected_combo,trend,up,34,-180.0275720588303,56.32831323530027,13.326489705881482,5.88235294117647
all_oos,D1,intraday,selected_combo,structure_regime,post_20240613,56,261.3019571428496,-49.986559821424954,55.369580357142006,5.357142857142857
all_oos,D1,intraday,selected_combo,fold,0,5,-955.8960900000224,-418.3325000000015,-1.4657400000008693,20.0
all_oos,D1,intraday,selected_combo,fold,1,33,518.7261015151457,-69.28075454545956,92.86735303030223,3.0303030303030303
all_oos,D1,intraday,selected_combo,fold,2,2,70.83684999999673,93.34197499999993,-93.34197499999998,0.0
all_oos,D1,intraday,selected_combo,fold,4,16,134.54718749999267,86.9997562500235,14.38040624999891,6.25
all_oos,D1,intraday,selected_fixed,side,-1,92,-275.760909782606,31.366156521737086,-30.01736413043485,4.3478260869565215
all_oos,D1,intraday,selected_fixed,side,1,91,-409.0906923077027,-23.948888461530576,-7.272845054945758,6.593406593406594
all_oos,D1,intraday,selected_fixed,volatility,high,83,-94.1220771084363,-41.58701746988157,39.93844578313227,3.614457831325301
all_oos,D1,intraday,selected_fixed,volatility,low,100,-547.8512430000048,41.580600000006996,-67.3831740000005,7.000000000000001
all_oos,D1,intraday,selected_fixed,session,10to19,4,465.48548749994836,-431.3588499999765,65.13411249999417,0.0
all_oos,D1,intraday,selected_fixed,session,before10,179,-360.10725502793565,13.585323743019188,-20.580798044693005,5.58659217877095
all_oos,D1,intraday,selected_fixed,trend,down,101,-547.4965712871256,-89.97557722771853,-24.74405841584154,7.920792079207921
all_oos,D1,intraday,selected_fixed,trend,up,82,-89.0256463414757,119.43744939024518,-11.271664634147244,2.4390243902439024
all_oos,D1,intraday,selected_fixed,structure_regime,post_20240613,153,-286.3778705882394,-25.752472222219463,-14.21570915032726,5.88235294117647
all_oos,D1,intraday,selected_fixed,structure_regime,pre_20240613,30,-626.0480833333356,154.88219333333686,-41.614096666666605,3.3333333333333335
all_oos,D1,intraday,selected_fixed,fold,0,35,-686.8707557142903,59.2928514285749,-43.02147428571436,5.714285714285714
all_oos,D1,intraday,selected_fixed,fold,1,33,422.07772424242074,-165.92913181818457,86.07664090909014,0.0
all_oos,D1,intraday,selected_fixed,fold,2,32,-1625.5844984374999,-43.49406250000062,-169.82983281249972,9.375
all_oos,D1,intraday,selected_fixed,fold,3,32,-268.15161093750913,60.404731249999955,-30.348268750000685,6.25
all_oos,D1,intraday,selected_fixed,fold,4,51,159.10216372548774,69.91387647059842,32.30382941176412,5.88235294117647
all_oos,D1,intraday,selected_price,side,-1,92,-339.2766293478214,-32.14956304347847,-22.764373369565103,6.521739130434782
all_oos,D1,intraday,selected_price,side,1,91,-389.0624604395754,-3.920656593403297,-5.943155494506459,6.593406593406594
all_oos,D1,intraday,selected_price,volatility,high,83,-78.87210421687013,-26.337044578315385,42.494703012047864,4.819277108433735
all_oos,D1,intraday,selected_price,volatility,low,100,-600.7174915000072,-11.285648499995425,-61.622098500000504,8.0
all_oos,D1,intraday,selected_price,session,10to19,4,810.4753499999296,-86.36898749999514,65.13411249999417,0.0
all_oos,D1,intraday,selected_price,session,before10,179,-390.2795262569869,-16.586947486032063,-16.177016480447236,6.70391061452514
all_oos,D1,intraday,selected_price,trend,down,101,-493.0057262376232,-35.484732178216156,-24.139829702970378,7.920792079207921
all_oos,D1,intraday,selected_price,trend,up,82,-205.17750548781694,3.2855902439038034,-2.4027646341471907,4.878048780487805
all_oos,D1,intraday,selected_price,structure_regime,post_20240613,153,-281.1744150326852,-20.549016666665295,-11.796262418301188,6.535947712418301
all_oos,D1,intraday,selected_price,structure_regime,pre_20240613,30,-786.6149433333371,-5.6846666666642935,-27.67737833333321,6.666666666666667
all_oos,D1,intraday,selected_price,fold,0,35,-796.9726071428605,-50.80899999999529,-21.932858571428383,8.571428571428571
all_oos,D1,intraday,selected_price,fold,1,33,514.4509515151475,-73.55590454545785,96.35386060605994,3.0303030303030303
all_oos,D1,intraday,selected_price,fold,2,32,-1580.840435937505,1.2499999999943725,-173.4854234375003,9.375
all_oos,D1,intraday,selected_price,fold,3,32,-315.89002656250557,12.66631562500362,-32.535768750000464,6.25
all_oos,D1,intraday,selected_price,fold,4,51,97.92942843136561,8.741141176476242,30.303947058822786,5.88235294117647
all_oos,D1,intraday,selected_q,side,-1,92,-290.768920652165,16.358145652178024,-19.982927173912934,7.608695652173914
all_oos,D1,intraday,selected_q,side,1,91,-351.0204758241906,34.12132802198153,-1.2497549450558318,6.593406593406594
all_oos,D1,intraday,selected_q,volatility,high,83,-5.8463126506049745,46.68874698794978,45.465039759035804,4.819277108433735
all_oos,D1,intraday,selected_q,volatility,low,100,-582.0836005000032,7.348242500008664,-57.25755300000044,9.0
all_oos,D1,intraday,selected_q,session,10to19,4,901.0440749999217,4.199737499996878,65.13411249999417,0.0
all_oos,D1,intraday,selected_q,session,before10,179,-348.0322921787721,25.660286592182725,-12.36141592178798,7.262569832402235
all_oos,D1,intraday,selected_q,trend,down,101,-410.3122707920802,47.208723267326775,-19.10049405940611,7.920792079207921
all_oos,D1,intraday,selected_q,trend,up,82,-210.39103231707824,-1.9279365853573927,-0.28057439024456216,6.097560975609756
all_oos,D1,intraday,selected_q,structure_regime,post_20240613,153,-226.80568823529939,33.819710130720544,-9.800665686275064,7.18954248366013
all_oos,D1,intraday,selected_q,structure_regime,pre_20240613,30,-799.7444566666574,-18.814179999984866,-15.088504999999554,6.666666666666667
all_oos,D1,intraday,selected_q,fold,0,35,-756.1877257142828,-10.024118571417779,-5.99953857142831,8.571428571428571
all_oos,D1,intraday,selected_q,fold,1,33,561.4543030302995,-26.552553030305784,88.97063030302964,6.0606060606060606
all_oos,D1,intraday,selected_q,fold,2,32,-1610.6091703125023,-28.518734375002865,-168.89233281250011,9.375
all_oos,D1,intraday,selected_q,fold,3,32,-248.46659687501386,80.08974531249535,-29.7232687500008,6.25
all_oos,D1,intraday,selected_q,fold,4,51,171.28233235294138,82.09404509805198,32.89206470588179,5.88235294117647
all_oos,D1,two_weeks,atrD_0.025,side,-1,82,2195.9742969512085,3.460472560972703,380.16332865853605,43.90243902439025
all_oos,D1,two_weeks,atrD_0.025,side,1,83,-124.28830060243146,105.46896686747503,-181.92900000000122,43.373493975903614
all_oos,D1,two_weeks,atrD_0.025,volatility,high,74,-504.54296689190073,49.557362162156416,-80.66258513513539,45.94594594594595
all_oos,D1,two_weeks,atrD_0.025,volatility,low,91,2275.715856593384,59.015804395611156,242.22326648351512,41.75824175824176
all_oos,D1,two_weeks,atrD_0.025,session,10to19,3,5521.244233333164,308.3149666666238,314.9567666666551,33.33333333333333
all_oos,D1,two_weeks,atrD_0.025,session,before10,162,945.6187080246777,50.07863024691555,93.38528179012276,43.82716049382716
all_oos,D1,two_weeks,atrD_0.025,trend,down,88,277.540119886355,29.523995454544504,-32.26711761363642,44.31818181818182
all_oos,D1,two_weeks,atrD_0.025,trend,up,77,1887.408218831144,83.63079740260096,245.62067922077745,42.857142857142854
all_oos,D1,two_weeks,atrD_0.025,structure_regime,post_20240613,135,912.23303666665,65.0371085185193,75.51901851851744,45.18518518518518
all_oos,D1,two_weeks,atrD_0.025,structure_regime,pre_20240613,30,1553.4167816666518,8.589111666669487,195.94061499999998,36.666666666666664
all_oos,D1,two_weeks,atrD_0.025,fold,0,31,1183.4514983870783,5.984075806451602,174.3887564516127,38.70967741935484
all_oos,D1,two_weeks,atrD_0.025,fold,1,29,2031.9758931034155,97.86386379309224,163.90836551723865,41.37931034482759
all_oos,D1,two_weeks,atrD_0.025,fold,2,28,-1488.6592625000035,-29.27524285713941,-172.8873624999992,57.14285714285714
all_oos,D1,two_weeks,atrD_0.025,fold,3,31,-193.61915967743258,52.49435645161245,-36.56616935484022,45.16129032258064
all_oos,D1,two_weeks,atrD_0.025,fold,4,46,2648.3547684782466,113.18492065218334,258.4410717391296,39.130434782608695
all_oos,D1,two_weeks,atrD_0.05,side,-1,82,2142.166284756097,-50.34753963413938,365.18925670731664,43.90243902439025
all_oos,D1,two_weeks,atrD_0.05,side,1,83,-194.97935301207463,34.77791445783191,-194.192551204821,43.373493975903614
all_oos,D1,two_weeks,atrD_0.05,volatility,high,74,-586.3956797297379,-32.2953506756809,-100.65065675675726,45.94594594594595
all_oos,D1,two_weeks,atrD_0.05,volatility,low,91,2229.31460824174,12.6145560439671,233.7987461538445,41.75824175824176
all_oos,D1,two_weeks,atrD_0.05,session,10to19,3,5126.262599999828,-86.66666666671154,304.9567666666547,33.33333333333333
all_oos,D1,two_weeks,atrD_0.05,session,before10,162,889.4787731481372,-6.061304629624974,79.7078209876534,43.82716049382716
all_oos,D1,two_weeks,atrD_0.05,trend,down,88,263.96651420453674,15.950389772726174,-45.828959659091446,44.31818181818182
all_oos,D1,two_weeks,atrD_0.05,trend,up,77,1769.4194259740061,-34.35799545453615,231.95436038960864,42.857142857142854
all_oos,D1,two_weeks,atrD_0.05,structure_regime,post_20240613,135,826.5190625925775,-20.676865555553167,60.43234185185054,45.18518518518518
all_oos,D1,two_weeks,atrD_0.05,structure_regime,pre_20240613,30,1596.4758533333259,51.64818333334324,188.97237166666642,36.666666666666664
all_oos,D1,two_weeks,atrD_0.05,fold,0,31,1227.4495354838627,49.9821129032354,167.00013387096746,38.70967741935484
all_oos,D1,two_weeks,atrD_0.05,fold,1,29,1939.4342258620363,5.322196551713268,142.6168275862039,41.37931034482759
all_oos,D1,two_weeks,atrD_0.05,fold,2,28,-1443.005487500003,16.378532142860845,-194.9615874999999,57.14285714285714
all_oos,D1,two_weeks,atrD_0.05,fold,3,31,-259.317112903237,-13.203596774192103,-47.261909677421,45.16129032258064
all_oos,D1,two_weeks,atrD_0.05,fold,4,46,2470.060979347813,-65.10886847825023,248.66714782608605,39.130434782608695
all_oos,D1,two_weeks,atrD_0.1,side,-1,82,2325.5563182926794,133.04249390244323,420.4720378048776,40.243902439024396
all_oos,D1,two_weeks,atrD_0.1,side,1,83,-400.0094259036375,-170.25215843373113,-214.75135662650774,42.168674698795186
all_oos,D1,two_weeks,atrD_0.1,volatility,high,74,-184.62598445946463,369.4743445945926,-41.746559459459704,40.54054054054054
all_oos,D1,two_weeks,atrD_0.1,volatility,low,91,1880.8478967032765,-335.85215549449646,216.96252637362466,41.75824175824176
all_oos,D1,two_weeks,atrD_0.1,session,10to19,3,4276.324199999871,-936.6050666666688,281.62343333332365,33.33333333333333
all_oos,D1,two_weeks,atrD_0.1,session,before10,162,892.9991552469024,-2.540922530860034,97.58934691357933,41.358024691358025
all_oos,D1,two_weeks,atrD_0.1,trend,down,88,236.88120397726172,-11.13492045454913,-48.95249659090967,40.909090909090914
all_oos,D1,two_weeks,atrD_0.1,trend,up,77,1774.6661012986851,-29.11132012985729,272.23589870129706,41.55844155844156
all_oos,D1,two_weeks,atrD_0.1,structure_regime,post_20240613,135,850.6259325925785,3.4300044444476345,85.06034851851726,42.22222222222222
all_oos,D1,two_weeks,atrD_0.1,structure_regime,pre_20240613,30,1422.0111616666568,-122.81650833332547,172.37324833333295,36.666666666666664
all_oos,D1,two_weeks,atrD_0.1,fold,0,31,1067.1396403225663,-110.32778225806041,149.64614354838648,38.70967741935484
all_oos,D1,two_weeks,atrD_0.1,fold,1,29,1611.7689706896363,-322.3430586206872,123.34415172413613,37.93103448275862
all_oos,D1,two_weeks,atrD_0.1,fold,2,28,-1085.2181767857148,374.16584285714913,-59.72943571428516,50.0
all_oos,D1,two_weeks,atrD_0.1,fold,3,31,440.65765483869257,686.7711709677375,-13.620811290324745,41.935483870967744
all_oos,D1,two_weeks,atrD_0.1,fold,4,46,2052.1288782608553,-483.04096956520806,228.97832608695524,39.130434782608695
all_oos,D1,two_weeks,atrD_0.25,side,-1,82,1348.3379932926828,-844.175831097553,366.37803231707335,37.80487804878049
all_oos,D1,two_weeks,atrD_0.25,side,1,83,-509.2051030120631,-279.4478355421565,-267.2851060240978,39.75903614457831
all_oos,D1,two_weeks,atrD_0.25,volatility,high,74,-625.9449837837846,-71.84465472972735,-102.7393851351348,37.83783783783784
all_oos,D1,two_weeks,atrD_0.25,volatility,low,91,1259.5562714285586,-957.1437807692142,169.90164120878984,39.56043956043956
all_oos,D1,two_weeks,atrD_0.25,session,10to19,3,3233.48056666658,-1979.448699999959,212.06359999999236,33.33333333333333
all_oos,D1,two_weeks,atrD_0.25,session,before10,162,361.7237666666607,-533.8163111111016,44.58113611111061,38.88888888888889
all_oos,D1,two_weeks,atrD_0.25,trend,down,88,-227.80005965909342,-475.8161840909043,-107.48081363636362,38.63636363636363
all_oos,D1,two_weeks,atrD_0.25,trend,up,77,1147.3519110389484,-656.4255103895941,224.89151233766117,38.961038961038966
all_oos,D1,two_weeks,atrD_0.25,structure_regime,post_20240613,135,343.437300740734,-503.7586274073969,30.382225185184534,39.25925925925926
all_oos,D1,two_weeks,atrD_0.25,structure_regime,pre_20240613,30,731.188543333324,-813.6391266666581,125.22448166666624,36.666666666666664
all_oos,D1,two_weeks,atrD_0.25,fold,0,31,387.19842903224736,-790.2689935483793,99.82475645161239,38.70967741935484
all_oos,D1,two_weeks,atrD_0.25,fold,1,29,710.3388689655072,-1223.7731603448162,56.93448448275756,37.93103448275862
all_oos,D1,two_weeks,atrD_0.25,fold,2,28,-1063.7971999999986,395.58681964286524,-128.10028928571322,46.42857142857143
all_oos,D1,two_weeks,atrD_0.25,fold,3,31,-191.97305483872404,54.140461290320616,-63.181716129034555,38.70967741935484
all_oos,D1,two_weeks,atrD_0.25,fold,4,46,1552.9173847826048,-982.2524630434581,188.21975326086925,34.78260869565217
all_oos,D1,two_weeks,atrH_0.1,side,-1,82,2198.197385975599,5.683561585362618,381.05448597560917,43.90243902439025
all_oos,D1,two_weeks,atrH_0.1,side,1,83,-118.11955843375746,111.63770903614916,-180.95123132530242,43.373493975903614
all_oos,D1,two_weeks,atrH_0.1,volatility,high,74,-515.8298195945974,38.27050945945965,-78.72914054054036,45.94594594594595
all_oos,D1,two_weeks,atrH_0.1,volatility,low,91,2292.523834615357,75.82378241758352,242.34584670329488,41.75824175824176
all_oos,D1,two_weeks,atrH_0.1,session,10to19,3,5236.487533333207,23.558266666667503,321.6234333333252,33.33333333333333
all_oos,D1,two_weeks,atrH_0.1,session,before10,162,955.1777759259111,59.63769814814884,94.21386018518439,43.82716049382716
all_oos,D1,two_weeks,atrH_0.1,trend,down,88,267.7590948863564,19.742970454545855,-30.514522159090927,44.31818181818182
all_oos,D1,two_weeks,atrH_0.1,trend,up,77,1907.6034019480244,103.82598051948155,245.62069610389418,42.857142857142854
all_oos,D1,two_weeks,atrH_0.1,structure_regime,post_20240613,135,916.4130285185017,69.21710037037091,76.6614607407397,45.18518518518518
all_oos,D1,two_weeks,atrH_0.1,structure_regime,pre_20240613,30,1557.7501149999832,12.922445000001366,195.94061499999955,36.666666666666664
all_oos,D1,two_weeks,atrH_0.1,fold,0,31,1187.6450467741734,10.177624193546968,174.3887564516123,38.70967741935484
all_oos,D1,two_weeks,atrH_0.1,fold,1,29,1971.2084706896298,37.096441379306754,162.60510689654978,41.37931034482759
all_oos,D1,two_weeks,atrH_0.1,fold,2,28,-1473.5796999999989,-14.195680357135188,-169.99921607142792,57.14285714285714
all_oos,D1,two_weeks,atrH_0.1,fold,3,31,-182.81927258066355,63.29424354838149,-34.953266129034326,45.16129032258064
all_oos,D1,two_weeks,atrH_0.1,fold,4,46,2682.4749836956335,147.30513586957005,259.7705521739123,39.130434782608695
all_oos,D1,two_weeks,atrH_0.25,side,-1,82,2093.7304609756084,-98.78336341462806,363.22662560975584,42.68292682926829
all_oos,D1,two_weeks,atrH_0.25,side,1,83,-210.66180722893705,19.095460240969313,-198.18091927710987,43.373493975903614
all_oos,D1,two_weeks,atrH_0.25,volatility,high,74,-586.5499635135158,-32.44963445945874,-101.12518581081072,44.5945945945946
all_oos,D1,two_weeks,atrH_0.25,volatility,low,91,2171.4908252747064,-45.20922692306703,228.77835989010825,41.75824175824176
all_oos,D1,two_weeks,atrH_0.25,session,10to19,3,5212.92926666654,0.0,311.6234333333248,33.33333333333333
all_oos,D1,two_weeks,atrH_0.25,session,before10,162,855.3220987654223,-40.217979012339796,76.54751049382645,43.20987654320987
all_oos,D1,two_weeks,atrH_0.25,trend,down,88,219.1771164772709,-28.839007954539603,-47.618376704545305,43.18181818181818
all_oos,D1,two_weeks,atrH_0.25,trend,up,77,1752.1218383116648,-51.65558311687743,227.61018376623178,42.857142857142854
all_oos,D1,two_weeks,atrH_0.25,structure_regime,post_20240613,135,773.913263703691,-73.28266444443983,57.88063296296201,44.44444444444444
all_oos,D1,two_weeks,atrH_0.25,structure_regime,pre_20240613,30,1657.4225733333265,112.59490333334443,184.05605166666615,36.666666666666664
all_oos,D1,two_weeks,atrH_0.25,fold,0,31,1290.0485225806399,112.58110000001324,161.59724354838667,38.70967741935484
all_oos,D1,two_weeks,atrH_0.25,fold,1,29,1852.4686844827434,-81.64334482757968,137.4423775862058,37.93103448275862
all_oos,D1,two_weeks,atrH_0.25,fold,2,28,-1448.482301785714,10.901717857150029,-197.3338214285707,57.14285714285714
all_oos,D1,two_weeks,atrH_0.25,fold,3,31,-269.4877580645275,-23.374241935482587,-47.58449032258244,45.16129032258064
all_oos,D1,two_weeks,atrH_0.25,fold,4,46,2378.249928260848,-156.91991956521494,246.53673260869434,39.130434782608695
all_oos,D1,two_weeks,atrH_0.5,side,-1,82,2099.5097225609748,-93.00410182926157,412.61749146341486,40.243902439024396
all_oos,D1,two_weeks,atrH_0.5,side,1,83,-392.70917891568104,-162.95191144577424,-222.57518674698923,42.168674698795186
all_oos,D1,two_weeks,atrH_0.5,volatility,high,74,-199.4069858108136,354.69334324324376,-45.722506756756566,40.54054054054054
all_oos,D1,two_weeks,atrH_0.5,volatility,low,91,1695.8357401098747,-520.8643120878986,205.98197032966925,41.75824175824176
all_oos,D1,two_weeks,atrH_0.5,session,10to19,3,4436.324199999896,-776.6050666666433,294.9567666666591,33.33333333333333
all_oos,D1,two_weeks,atrH_0.5,session,before10,162,779.3577950617205,-116.18228271604187,89.35816975308602,41.358024691358025
all_oos,D1,two_weeks,atrH_0.5,trend,down,88,166.17753124999697,-81.83859318181375,-54.34734943181814,40.909090909090914
all_oos,D1,two_weeks,atrH_0.5,trend,up,77,1622.614449999983,-181.1629714285598,261.60338376623264,41.55844155844156
all_oos,D1,two_weeks,atrH_0.5,structure_regime,post_20240613,135,759.6288651851733,-87.56706296295734,77.01758962962889,42.22222222222222
all_oos,D1,two_weeks,atrH_0.5,structure_regime,pre_20240613,30,1233.8346199999994,-310.99304999998253,165.45064000000036,36.666666666666664
all_oos,D1,two_weeks,atrH_0.5,fold,0,31,880.2645032258059,-297.2029193548206,141.6565225806455,38.70967741935484
all_oos,D1,two_weeks,atrH_0.5,fold,1,29,1261.702999999982,-672.409029310341,101.34793448275738,37.93103448275862
all_oos,D1,two_weeks,atrH_0.5,fold,2,28,-895.6360089285685,563.7480107142957,-63.88144642857052,50.0
all_oos,D1,two_weeks,atrH_0.5,fold,3,31,201.4765354838579,447.59005161290264,-14.911029032259991,41.935483870967744
all_oos,D1,two_weeks,atrH_0.5,fold,4,46,2054.7692271738965,-480.4006206521662,223.50812826086883,39.130434782608695
all_oos,D1,two_weeks,atrH_1,side,-1,82,1514.0201158536563,-678.4937085365798,369.44828658536613,36.58536585365854
all_oos,D1,two_weeks,atrH_1,side,1,83,-558.5836174698902,-328.82634999998356,-282.1403259036151,40.963855421686745
all_oos,D1,two_weeks,atrH_1,volatility,high,74,-715.7259993243239,-161.62567027026722,-112.84206013513446,39.189189189189186
all_oos,D1,two_weeks,atrH_1,volatility,low,91,1436.8234417582305,-779.8766104395429,167.3343395604387,38.46153846153847
all_oos,D1,two_weeks,atrH_1,session,10to19,3,3546.385799999893,-1666.543466666646,264.95676666665787,33.33333333333333
all_oos,D1,two_weeks,atrH_1,session,before10,162,414.49414722221746,-481.04593055554466,37.54470462962962,38.88888888888889
all_oos,D1,two_weeks,atrH_1,trend,down,88,-238.7875431818168,-486.8036676136276,-114.4368744318174,39.77272727272727
all_oos,D1,two_weeks,atrH_1,trend,up,77,1283.123546103881,-520.6538753246616,220.09814805194694,37.66233766233766
all_oos,D1,two_weeks,atrH_1,structure_regime,post_20240613,135,389.47890111110553,-457.71702703702516,22.13380148148131,39.25925925925926
all_oos,D1,two_weeks,atrH_1,structure_regime,pre_20240613,30,840.2519199999896,-704.5757499999925,129.6349749999999,36.666666666666664
all_oos,D1,two_weeks,atrH_1,fold,0,31,500.55547096772983,-676.9119516128968,103.1252338709675,38.70967741935484
all_oos,D1,two_weeks,atrH_1,fold,1,29,720.1238689655089,-1213.988160344814,38.1381603448271,34.48275862068966
all_oos,D1,two_weeks,atrH_1,fold,2,28,-1486.5197999999953,-27.135780357131484,-170.07110178571253,50.0
all_oos,D1,two_weeks,atrH_1,fold,3,31,79.57434999998901,325.6878661290339,-51.86512096774336,38.70967741935484
all_oos,D1,two_weeks,atrH_1,fold,4,46,1750.9162391304296,-784.2536086956333,194.43550326086927,34.78260869565217
all_oos,D1,two_weeks,combo_0.25_1,side,-1,25,3373.4154799999833,632.7221019999974,438.5123919999987,40.0
all_oos,D1,two_weeks,combo_0.25_1,side,1,21,4368.160673809489,-83.11254047618357,703.4991214285687,28.57142857142857
all_oos,D1,two_weeks,combo_0.25_1,volatility,high,23,5716.333865217389,883.5651108695605,853.1501978260873,26.08695652173913
all_oos,D1,two_weeks,combo_0.25_1,volatility,low,23,1938.742706521692,-271.7090586956439,265.8189913043439,43.47826086956522
all_oos,D1,two_weeks,combo_0.25_1,session,10to19,3,4784.864099999877,-428.0651666666624,311.6234333333248,33.33333333333333
all_oos,D1,two_weeks,combo_0.25_1,session,before10,43,3760.748112790679,357.13685348837373,576.7772337209288,34.883720930232556
all_oos,D1,two_weeks,combo_0.25_1,trend,down,17,4654.683658823513,-90.25947941176085,414.685017647058,29.411764705882355
all_oos,D1,two_weeks,combo_0.25_1,trend,up,29,3342.6599637930726,538.1758741379316,644.3671051724114,37.93103448275862
all_oos,D1,two_weeks,combo_0.25_1,structure_regime,post_20240613,46,3827.5382858695407,305.92802608695825,559.4845945652154,34.78260869565217
all_oos,D1,two_weeks,combo_0.25_1,fold,0,1,-9731.172999999957,112.16700000007768,-512.1669999999978,100.0
all_oos,D1,two_weeks,combo_0.25_1,fold,1,29,1667.5377017241165,-266.57432758620655,136.07990344827402,37.93103448275862
all_oos,D1,two_weeks,combo_0.25_1,fold,2,2,15486.229275000034,11255.015000000016,2227.2554250000053,0.0
all_oos,D1,two_weeks,combo_0.25_1,fold,4,14,7604.777303571383,-58.489450000002634,1274.8307357142824,28.57142857142857
all_oos,D1,two_weeks,combo_0.5_2,side,-1,25,2505.6092359999825,-235.08414200000377,400.01455599999883,40.0
all_oos,D1,two_weeks,combo_0.5_2,side,1,21,3887.282461904745,-563.9907523809263,682.4977619047602,28.57142857142857
all_oos,D1,two_weeks,combo_0.5_2,volatility,high,23,5024.997854347822,192.22909999999447,828.9950826086961,26.08695652173913
all_oos,D1,two_weeks,combo_0.5_2,volatility,low,23,1247.7483456521443,-962.703419565192,228.95347826086655,43.47826086956522
all_oos,D1,two_weeks,combo_0.5_2,session,10to19,3,4008.2590333332337,-1204.6702333333058,294.9567666666591,33.33333333333333
all_oos,D1,two_weeks,combo_0.5_2,session,before10,43,3075.543848837198,-328.06741046510774,545.3010837209293,34.883720930232556
all_oos,D1,two_weeks,combo_0.5_2,trend,down,17,3687.4543352941073,-1057.4888029411657,389.77956176470576,29.411764705882355
all_oos,D1,two_weeks,combo_0.5_2,trend,up,29,2813.325479310323,8.841389655181736,610.5711844827566,37.93103448275862
all_oos,D1,two_weeks,combo_0.5_2,structure_regime,post_20240613,46,3136.3730999999825,-385.23715978259895,528.9742804347812,34.78260869565217
all_oos,D1,two_weeks,combo_0.5_2,fold,0,1,-9726.838999999998,116.50100000003658,-572.1669999999999,100.0
all_oos,D1,two_weeks,combo_0.5_2,fold,1,29,1098.5700103448078,-835.5420189655154,98.69112413792936,37.93103448275862
all_oos,D1,two_weeks,combo_0.5_2,fold,2,2,13258.973850000028,9027.75957500001,2227.2554250000053,0.0
all_oos,D1,two_weeks,combo_0.5_2,fold,4,14,6830.251685714266,-833.0150678571184,1256.3164607142837,28.57142857142857
all_oos,D1,two_weeks,combo_1_2,side,-1,25,1945.4928399999972,-795.2005379999889,338.0319220000006,36.0
all_oos,D1,two_weeks,combo_1_2,side,1,21,4016.9292309523626,-434.34398333330944,682.6865238095215,23.809523809523807
all_oos,D1,two_weeks,combo_1_2,volatility,high,23,4169.08771304348,-663.6810413043463,794.5187739130445,26.08695652173913
all_oos,D1,two_weeks,combo_1_2,volatility,low,23,1613.209454347803,-597.2423108695327,196.22970652173674,34.78260869565217
all_oos,D1,two_weeks,combo_1_2,session,10to19,3,3546.385799999893,-1666.543466666646,264.95676666665787,33.33333333333333
all_oos,D1,two_weeks,combo_1_2,session,before10,43,2845.4343593023223,-558.1768999999832,511.44987790697655,30.23255813953488
all_oos,D1,two_weeks,combo_1_2,trend,down,17,3259.755376470573,-1485.1877617647,357.4110441176466,29.411764705882355
all_oos,D1,two_weeks,combo_1_2,trend,up,29,2675.0687396551657,-129.41534999997648,576.2492172413785,31.03448275862069
all_oos,D1,two_weeks,combo_1_2,structure_regime,post_20240613,46,2891.148583695642,-630.4616760869395,495.3742402173905,30.434782608695656
all_oos,D1,two_weeks,combo_1_2,fold,0,1,-9690.338000000062,153.00199999997312,-692.1670000000045,100.0
all_oos,D1,two_weeks,combo_1_2,fold,1,29,720.1238689655089,-1213.988160344814,38.1381603448271,34.48275862068966
all_oos,D1,two_weeks,combo_1_2,fold,2,2,12533.981825000028,8302.767550000008,2227.2554250000053,0.0
all_oos,D1,two_weeks,combo_1_2,fold,4,14,6909.4012142857,-753.865539285686,1279.9188964285693,21.428571428571427
all_oos,D1,two_weeks,fixed_0,side,-1,82,2492.9497756097535,300.4359512195169,395.4670329268287,43.90243902439025
all_oos,D1,two_weeks,fixed_0,side,1,83,-25.02177530123595,204.73549216867062,-167.07262590361645,43.373493975903614
all_oos,D1,two_weeks,fixed_0,volatility,high,74,-326.3792135135231,227.72111554053387,-62.49437770270333,45.94594594594595
all_oos,D1,two_weeks,fixed_0,volatility,low,91,2488.979517032944,272.2794648351707,254.7895901098884,41.75824175824176
all_oos,D1,two_weeks,fixed_0,session,10to19,3,5594.80249999985,381.87323333331125,328.29009999999045,33.33333333333333
all_oos,D1,two_weeks,fixed_0,session,before10,162,1145.436214506158,249.89613672839573,108.49628672839397,43.82716049382716
all_oos,D1,two_weeks,fixed_0,trend,down,88,488.5985249999865,240.58240056817596,-16.32153465909164,44.31818181818182
all_oos,D1,two_weeks,fixed_0,trend,up,77,2069.4597928571216,265.68237142857873,259.708620779219,42.857142857142854
all_oos,D1,two_weeks,fixed_0,structure_regime,post_20240613,135,1119.1646003703509,271.9686722222201,91.96155777777628,45.18518518518518
all_oos,D1,two_weeks,fixed_0,structure_regime,pre_20240613,30,1708.5951066666598,163.76743666667755,204.88194833333318,36.666666666666664
all_oos,D1,two_weeks,fixed_0,fold,0,31,1339.6831999999902,162.21577741936323,184.00940161290293,38.70967741935484
all_oos,D1,two_weeks,fixed_0,fold,1,29,2247.137218965491,313.02518965516816,181.85289999999785,41.37931034482759
all_oos,D1,two_weeks,fixed_0,fold,2,28,-1222.1586267857251,237.22539285713924,-148.79897857142865,57.14285714285714
all_oos,D1,two_weeks,fixed_0,fold,3,31,-71.63980322582908,174.47371290321587,-23.920380645163746,45.16129032258064
all_oos,D1,two_weeks,fixed_0,fold,4,46,2871.5041554347654,336.3343076087025,271.54666086956405,39.130434782608695
all_oos,D1,two_weeks,fixed_0.01,side,-1,82,2430.706557926824,238.1927335365879,390.07823536585323,43.90243902439025
all_oos,D1,two_weeks,fixed_0.01,side,1,83,-69.44837710845664,160.30889036145,-171.3644915662665,43.373493975903614
all_oos,D1,two_weeks,fixed_0.01,volatility,high,74,-348.29489054055,205.8054385135069,-66.93678378378434,45.94594594594595
all_oos,D1,two_weeks,fixed_0.01,volatility,low,91,2410.1927950549275,193.4927428571543,249.63169780219658,41.75824175824176
all_oos,D1,two_weeks,fixed_0.01,session,10to19,3,5283.154199999831,70.22493333329173,324.9567666666555,33.33333333333333
all_oos,D1,two_weeks,fixed_0.01,session,before10,162,1096.9398756172727,201.39979783951037,103.63143333333255,43.82716049382716
all_oos,D1,two_weeks,fixed_0.01,trend,down,88,445.8826369318067,197.8665124999964,-20.592670454546145,44.31818181818182
all_oos,D1,two_weeks,fixed_0.01,trend,up,77,2004.1045506493338,200.3271292207906,254.22490259740138,42.857142857142854
all_oos,D1,two_weeks,fixed_0.01,structure_regime,post_20240613,135,1053.8112366666496,206.6153085185189,86.84796592592478,45.18518518518518
all_oos,D1,two_weeks,fixed_0.01,structure_regime,pre_20240613,30,1709.640183333332,164.81251333335015,201.28956999999988,36.666666666666664
all_oos,D1,two_weeks,fixed_0.01,fold,0,31,1333.5977903225726,156.130367741946,180.21032580645118,38.70967741935484
all_oos,D1,two_weeks,fixed_0.01,fold,1,29,2193.8112724137695,259.69924310344663,174.48787758620506,41.37931034482759
all_oos,D1,two_weeks,fixed_0.01,fold,2,28,-1260.4483517857168,198.93566785714714,-154.4385571428566,57.14285714285714
all_oos,D1,two_weeks,fixed_0.01,fold,3,31,-136.02195967743813,110.0915564516067,-28.423232258066513,45.16129032258064
all_oos,D1,two_weeks,fixed_0.01,fold,4,46,2784.8021445652007,249.6322967391381,267.86725543478167,39.130434782608695
all_oos,D1,two_weeks,fixed_0.03,side,-1,82,2237.6093573170647,45.0955329268285,381.18771890243823,43.90243902439025
all_oos,D1,two_weeks,fixed_0.03,side,1,83,-142.46641927713586,87.2908481927707,-180.3358132530137,43.373493975903614
all_oos,D1,two_weeks,fixed_0.03,volatility,high,74,-468.0152324324415,86.08509662161556,-76.14994256756805,45.94594594594595
all_oos,D1,two_weeks,fixed_0.03,volatility,low,91,2266.9492494505243,50.249197252751124,240.92984835164657,41.75824175824176
all_oos,D1,two_weeks,fixed_0.03,session,10to19,3,5189.820866666517,-23.108400000022204,318.29009999999016,33.33333333333333
all_oos,D1,two_weeks,fixed_0.03,session,before10,162,963.5172339506015,67.97715617283932,94.65833425925821,43.82716049382716
all_oos,D1,two_weeks,fixed_0.03,trend,down,88,298.89712784089716,50.881003409086695,-29.479525568182144,44.31818181818182
all_oos,D1,two_weeks,fixed_0.03,trend,up,77,1887.7442499999752,83.96682857143215,245.24309999999784,42.857142857142854
all_oos,D1,two_weeks,fixed_0.03,structure_regime,post_20240613,135,928.9775174073885,81.78158925925774,77.54817074073944,45.18518518518518
all_oos,D1,two_weeks,fixed_0.03,structure_regime,pre_20240613,30,1541.5763216666523,-3.2513483333298003,194.01724666666613,36.666666666666664
all_oos,D1,two_weeks,fixed_0.03,fold,0,31,1171.9929887096596,-5.474433870967063,172.52743225806378,38.70967741935484
all_oos,D1,two_weeks,fixed_0.03,fold,1,29,1998.1050224137634,63.99299310344026,166.05338275861806,41.37931034482759
all_oos,D1,two_weeks,fixed_0.03,fold,2,28,-1370.7840053571538,88.60001428571013,-165.68276428571446,57.14285714285714
all_oos,D1,two_weeks,fixed_0.03,fold,3,31,-202.25628709679572,43.85722903224937,-37.5339112903246,45.16129032258064
all_oos,D1,two_weeks,fixed_0.03,fold,4,46,2652.920070652161,117.75022282609784,259.31066521739064,39.130434782608695
all_oos,D1,two_weeks,fixed_0.05,side,-1,82,2192.5138243902366,0.0,372.88158353658486,43.90243902439025
all_oos,D1,two_weeks,fixed_0.05,side,1,83,-229.75726746990657,0.0,-189.33619096385726,43.373493975903614
all_oos,D1,two_weeks,fixed_0.05,volatility,high,74,-554.1003290540572,0.0,-85.35265202702708,45.94594594594595
all_oos,D1,two_weeks,fixed_0.05,volatility,low,91,2216.700052197773,0.0,232.7195851648331,41.75824175824176
all_oos,D1,two_weeks,fixed_0.05,session,10to19,3,5212.92926666654,0.0,311.6234333333248,33.33333333333333
all_oos,D1,two_weeks,fixed_0.05,session,before10,162,895.5400777777623,0.0,85.96614629629528,43.82716049382716
all_oos,D1,two_weeks,fixed_0.05,trend,down,88,248.01612443181057,0.0,-38.88195340909126,44.31818181818182
all_oos,D1,two_weeks,fixed_0.05,trend,up,77,1803.777421428543,0.0,237.44153116882913,42.857142857142854
all_oos,D1,two_weeks,fixed_0.05,structure_regime,post_20240613,135,847.1959281481307,0.0,68.9748288888876,45.18518518518518
all_oos,D1,two_weeks,fixed_0.05,structure_regime,pre_20240613,30,1544.8276699999822,0.0,184.99280333333283,36.666666666666664
all_oos,D1,two_weeks,fixed_0.05,fold,0,31,1177.467422580627,0.0,163.14893870967688,38.70967741935484
all_oos,D1,two_weeks,fixed_0.05,fold,1,29,1934.1120293103231,0.0,157.9009448275842,41.37931034482759
all_oos,D1,two_weeks,fixed_0.05,fold,2,28,-1459.384019642864,0.0,-177.23223214285704,57.14285714285714
all_oos,D1,two_weeks,fixed_0.05,fold,3,31,-246.113516129045,0.0,-45.21112258064688,45.16129032258064
all_oos,D1,two_weeks,fixed_0.05,fold,4,46,2535.1698478260632,0.0,251.928017391303,39.130434782608695
all_oos,D1,two_weeks,fixed_0.1,side,-1,82,1868.5775847560908,-323.9362396341452,353.25641707317027,41.46341463414634
all_oos,D1,two_weeks,fixed_0.1,side,1,83,-444.12045240965676,-214.36318493975025,-210.5042367469893,43.373493975903614
all_oos,D1,two_weeks,fixed_0.1,volatility,high,74,-634.192418918925,-80.09208986486776,-110.17529662162191,44.5945945945946
all_oos,D1,two_weeks,fixed_0.1,volatility,low,91,1794.4132241758066,-422.28682802196647,215.91369780219634,40.65934065934066
all_oos,D1,two_weeks,fixed_0.1,session,10to19,3,4436.324199999896,-776.6050666666433,294.9567666666591,33.33333333333333
all_oos,D1,two_weeks,fixed_0.1,session,before10,162,636.1258753086311,-259.4142024691311,65.4957052469128,42.592592592592595
all_oos,D1,two_weeks,fixed_0.1,trend,down,88,93.95530624999661,-154.06081818181417,-58.91760965909097,43.18181818181818
all_oos,D1,two_weeks,fixed_0.1,trend,up,77,1403.8090577921846,-399.9683636363576,216.62239220779037,41.55844155844156
all_oos,D1,two_weeks,fixed_0.1,structure_regime,post_20240613,135,562.5811959259132,-284.6147322222175,47.55543407407308,43.7037037037037
all_oos,D1,two_weeks,fixed_0.1,structure_regime,pre_20240613,30,1347.0967649999889,-197.73090499999338,169.17303166666625,36.666666666666664
all_oos,D1,two_weeks,fixed_0.1,fold,0,31,988.8353854838609,-188.632037096766,146.22657903225772,38.70967741935484
all_oos,D1,two_weeks,fixed_0.1,fold,1,29,1591.3083310344596,-342.80369827586316,133.4867620689637,37.93103448275862
all_oos,D1,two_weeks,fixed_0.1,fold,2,28,-1681.1783696428554,-221.79434999999148,-205.5405732142851,57.14285714285714
all_oos,D1,two_weeks,fixed_0.1,fold,3,31,-496.2457887096876,-250.13227258064254,-60.59420806451747,41.935483870967744
all_oos,D1,two_weeks,fixed_0.1,fold,4,46,2217.7421663043297,-317.42768152173295,233.14328260869428,39.130434782608695
all_oos,D1,two_weeks,fixed_0.2,side,-1,82,1881.1725292682866,-311.34129512194977,389.6413725609751,37.80487804878049
all_oos,D1,two_weeks,fixed_0.2,side,1,83,-691.9694596385751,-462.21219216866854,-246.90706867470053,40.963855421686745
all_oos,D1,two_weeks,fixed_0.2,volatility,high,74,-431.737225000006,122.36310405405122,-62.53844594594611,39.189189189189186
all_oos,D1,two_weeks,fixed_0.2,volatility,low,91,1415.0685373626175,-801.6315148351554,176.7598994505476,39.56043956043956
all_oos,D1,two_weeks,fixed_0.2,session,10to19,3,3509.7191333332084,-1703.210133333331,261.6234333333229,33.33333333333333
all_oos,D1,two_weeks,fixed_0.2,session,before10,162,532.6760793209759,-362.86399845678625,65.87923179012253,39.50617283950617
all_oos,D1,two_weeks,fixed_0.2,trend,down,88,-144.1490244318269,-392.1651488636377,-79.36638238636392,39.77272727272727
all_oos,D1,two_weeks,fixed_0.2,trend,up,77,1422.179174025955,-381.5982474025876,239.5006168831149,38.961038961038966
all_oos,D1,two_weeks,fixed_0.2,structure_regime,post_20240613,135,512.371018148133,-334.8249099999978,56.73123259259132,40.0
all_oos,D1,two_weeks,fixed_0.2,structure_regime,pre_20240613,30,921.7531599999932,-623.0745099999891,126.6196483333331,36.666666666666664
all_oos,D1,two_weeks,fixed_0.2,fold,0,31,581.2932193548286,-596.1742032257982,101.82007903225761,38.70967741935484
all_oos,D1,two_weeks,fixed_0.2,fold,1,29,1119.126039655151,-814.9859896551719,89.61977758620488,37.93103448275862
all_oos,D1,two_weeks,fixed_0.2,fold,2,28,-1356.8501267857184,102.5338928571454,-86.62423571428549,50.0
all_oos,D1,two_weeks,fixed_0.2,fold,3,31,-40.13838548389483,205.9751306451501,-52.48328870968007,38.70967741935484
all_oos,D1,two_weeks,fixed_0.2,fold,4,46,1860.5224086956423,-674.6474391304208,212.05153043478185,34.78260869565217
all_oos,D1,two_weeks,fixed_0.5,side,-1,82,1004.2273762195084,-1188.2864481707281,304.833808536585,35.36585365853659
all_oos,D1,two_weeks,fixed_0.5,side,1,83,-761.8873921686876,-532.1301246987812,-293.8433222891582,32.53012048192771
all_oos,D1,two_weeks,fixed_0.5,volatility,high,74,-635.6655020270307,-81.56517297297356,-145.0002972972975,35.13513513513514
all_oos,D1,two_weeks,fixed_0.5,volatility,low,91,726.9147082417455,-1489.785343956027,124.58679725274565,32.967032967032964
all_oos,D1,two_weeks,fixed_0.5,session,10to19,3,1398.4068999999217,-3814.5223666666175,162.06359999999054,33.33333333333333
all_oos,D1,two_weeks,fixed_0.5,session,before10,162,92.06648518517783,-803.4735925925845,0.748060185184371,33.95061728395062
all_oos,D1,two_weeks,fixed_0.5,trend,down,88,-587.4244573863697,-835.4405818181802,-166.71884090909137,35.22727272727273
all_oos,D1,two_weeks,fixed_0.5,trend,up,77,919.5239422077807,-884.2534792207621,198.42382532467383,32.467532467532465
all_oos,D1,two_weeks,fixed_0.5,structure_regime,post_20240613,135,-10.744595185194985,-857.9405233333258,-28.36560037037165,35.55555555555556
all_oos,D1,two_weeks,fixed_0.5,structure_regime,pre_20240613,30,685.35038833333,-859.477281666652,147.8910866666669,26.666666666666668
all_oos,D1,two_weeks,fixed_0.5,fold,0,31,359.3174725806404,-818.1499499999861,112.72792258064523,29.03225806451613
all_oos,D1,two_weeks,fixed_0.5,fold,1,29,25.074574137918503,-1909.0374551724049,-29.469656896553314,34.48275862068966
all_oos,D1,two_weeks,fixed_0.5,fold,2,28,-1115.9652446428609,343.4187750000034,-163.00784464285684,42.857142857142854
all_oos,D1,two_weeks,fixed_0.5,fold,3,31,-146.65588709679085,99.45762903225398,-77.25423064516406,32.25806451612903
all_oos,D1,two_weeks,fixed_0.5,fold,4,46,935.5944858695591,-1599.5753619565044,107.09851739130342,32.608695652173914
all_oos,D1,two_weeks,price_0.0005,side,-1,82,2178.135187804868,-14.378636585367875,374.34022499999924,43.90243902439025
all_oos,D1,two_weeks,price_0.0005,side,1,83,-195.50073493978374,34.256532530122826,-188.613381325303,43.373493975903614
all_oos,D1,two_weeks,price_0.0005,volatility,high,74,-534.8630270270351,19.237302027021997,-84.27701351351415,45.94594594594595
all_oos,D1,two_weeks,price_0.0005,volatility,low,91,2219.3449274725026,2.6448752747296815,233.81853626373444,41.75824175824176
all_oos,D1,two_weeks,price_0.0005,session,10to19,3,5212.92926666654,0.0,311.6234333333248,33.33333333333333
all_oos,D1,two_weeks,price_0.0005,session,before10,162,905.8131888888737,10.27311111111129,87.0747993827149,43.82716049382716
all_oos,D1,two_weeks,price_0.0005,trend,down,88,251.2339278409005,3.217803409089666,-37.2911215909096,44.31818181818182
all_oos,D1,two_weeks,price_0.0005,trend,up,77,1821.7134902597134,17.936068831170626,237.95592857142643,42.857142857142854
all_oos,D1,two_weeks,price_0.0005,structure_regime,post_20240613,135,859.5236614814643,12.327733333333546,70.30521259259112,45.18518518518518
all_oos,D1,two_weeks,price_0.0005,structure_regime,pre_20240613,30,1544.8276699999822,0.0,184.99280333333283,36.666666666666664
all_oos,D1,two_weeks,price_0.0005,fold,0,31,1177.467422580627,0.0,163.14893870967688,38.70967741935484
all_oos,D1,two_weeks,price_0.0005,fold,1,29,1934.1120293103231,0.0,157.9009448275842,41.37931034482759
all_oos,D1,two_weeks,price_0.0005,fold,2,28,-1458.6697339285772,0.7142857142860716,-177.2322321428571,57.14285714285714
all_oos,D1,two_weeks,price_0.0005,fold,3,31,-230.87235161292267,15.241164516122339,-43.92080000000242,45.16129032258064
all_oos,D1,two_weeks,price_0.0005,fold,4,46,2560.6430630434597,25.473215217396223,254.96283913043345,39.130434782608695
all_oos,D1,two_weeks,price_0.001,side,-1,82,2164.9507810975547,-27.563043292681293,413.0990323170728,40.243902439024396
all_oos,D1,two_weeks,price_0.001,side,1,83,-438.0071987952036,-208.2499313252971,-206.71793072289347,43.373493975903614
all_oos,D1,two_weeks,price_0.001,volatility,high,74,-377.67228378378894,176.42804527026811,-43.99839729729735,43.24324324324324
all_oos,D1,two_weeks,price_0.001,volatility,low,91,1858.451819230747,-358.24823296702596,219.4770747252728,40.65934065934066
all_oos,D1,two_weeks,price_0.001,session,10to19,3,4476.32419999986,-736.6050666666797,298.2900999999894,33.33333333333333
all_oos,D1,two_weeks,price_0.001,session,before10,162,788.5332959876421,-107.00678179012024,97.66458086419658,41.9753086419753
all_oos,D1,two_weeks,price_0.001,trend,down,88,120.19367897726525,-127.82244545454563,-53.70939488636393,43.18181818181818
all_oos,D1,two_weeks,price_0.001,trend,up,77,1696.030166233744,-107.7472551947988,278.4799889610369,40.25974025974026
all_oos,D1,two_weeks,price_0.001,structure_regime,post_20240613,135,745.6923229629482,-101.5036051851825,86.15808481481363,42.96296296296296
all_oos,D1,two_weeks,price_0.001,structure_regime,pre_20240613,30,1350.0967649999864,-194.7309049999961,169.50636499999928,36.666666666666664
all_oos,D1,two_weeks,price_0.001,fold,0,31,997.545062903208,-179.92235967741908,146.8717403225797,38.70967741935484
all_oos,D1,two_weeks,price_0.001,fold,1,29,1543.0003637930809,-391.11166551724216,135.07136379310154,37.93103448275862
all_oos,D1,two_weeks,price_0.001,fold,2,28,-793.0182946428665,666.365724999998,-39.071391071428884,53.57142857142857
all_oos,D1,two_weeks,price_0.001,fold,3,31,-451.44992903227796,-205.33641290323303,-55.136408064518314,41.935483870967744
all_oos,D1,two_weeks,price_0.001,fold,4,46,2210.867806521732,-324.3020413043308,240.21014130434725,39.130434782608695
all_oos,D1,two_weeks,price_0.002,side,-1,82,1915.3757152438934,-277.1381091463428,396.8992841463408,39.02439024390244
all_oos,D1,two_weeks,price_0.002,side,1,83,-778.1309542168905,-548.3736867469839,-241.9338939759055,42.168674698795186
all_oos,D1,two_weeks,price_0.002,volatility,high,74,-372.72842027027707,181.37190878378019,-53.40563513513529,40.54054054054054
all_oos,D1,two_weeks,price_0.002,volatility,low,91,1319.3169510988769,-897.383101098896,180.40928681318462,40.65934065934066
all_oos,D1,two_weeks,price_0.002,session,10to19,3,3583.0524666665265,-1629.8768000000127,268.2900999999882,33.33333333333333
all_oos,D1,two_weeks,price_0.002,session,before10,162,504.4863089506034,-391.053768827159,71.97751728394948,40.74074074074074
all_oos,D1,two_weeks,price_0.002,trend,down,88,-47.21587215909808,-295.2319965909088,-69.20642443181865,40.909090909090914
all_oos,D1,two_weeks,price_0.002,trend,up,77,1254.9472233765969,-548.8301980519457,240.97913571428344,40.25974025974026
all_oos,D1,two_weeks,price_0.002,structure_regime,post_20240613,135,477.897158888873,-369.29876925925777,63.315421111109714,41.48148148148148
all_oos,D1,two_weeks,price_0.002,structure_regime,pre_20240613,30,931.9940999999828,-612.8335699999993,130.58820833333232,36.666666666666664
all_oos,D1,two_weeks,price_0.002,fold,0,31,580.8113225806301,-596.6560999999967,106.30578225806362,38.70967741935484
all_oos,D1,two_weeks,price_0.002,fold,1,29,1141.5013965516991,-792.6106327586241,93.67993103448038,37.93103448275862
all_oos,D1,two_weeks,price_0.002,fold,2,28,-1210.3068821428635,249.07713750000033,-73.54056428571421,50.0
all_oos,D1,two_weeks,price_0.002,fold,3,31,9.809803225789437,255.92331935483426,-35.5078290322601,38.70967741935484
all_oos,D1,two_weeks,price_0.002,fold,4,46,1629.3855815217225,-905.7842663043403,208.97629021739,39.130434782608695
all_oos,D1,two_weeks,price_0.005,side,-1,82,1044.7447518292627,-1147.7690725609734,324.4399969512192,35.36585365853659
all_oos,D1,two_weeks,price_0.005,side,1,83,-774.5094114457975,-544.7521439758907,-299.90482409638736,34.93975903614458
all_oos,D1,two_weeks,price_0.005,volatility,high,74,-896.3916054054095,-342.2912763513523,-156.04822635135153,37.83783783783784
all_oos,D1,two_weeks,price_0.005,volatility,low,91,963.9315087911941,-1252.7685434065788,145.70931978021798,32.967032967032964
all_oos,D1,two_weeks,price_0.005,session,10to19,3,2224.78703333324,-2988.1422333332994,178.73026666665632,33.33333333333333
all_oos,D1,two_weeks,price_0.005,session,before10,162,90.805107407399,-804.7349703703634,7.257954012344806,35.18518518518518
all_oos,D1,two_weeks,price_0.005,trend,down,88,-700.965651136369,-948.9817755681801,-165.6607687500005,37.5
all_oos,D1,two_weeks,price_0.005,trend,up,77,1078.8281272727124,-724.9492941558301,211.5600909090892,32.467532467532465
all_oos,D1,two_weeks,price_0.005,structure_regime,post_20240613,135,-53.88390259260252,-901.0798307407333,-22.295914444445593,37.03703703703704
all_oos,D1,two_weeks,price_0.005,structure_regime,pre_20240613,30,955.3038449999898,-589.5238249999925,157.39759333333265,26.666666666666668
all_oos,D1,two_weeks,price_0.005,fold,0,31,607.9122048386972,-569.5552177419297,123.54067096774104,29.03225806451613
all_oos,D1,two_weeks,price_0.005,fold,1,29,278.7375344827438,-1655.3744948275794,-14.140867241380962,34.48275862068966
all_oos,D1,two_weeks,price_0.005,fold,2,28,-1602.8869535714282,-143.50293392856443,-211.098566071428,46.42857142857143
all_oos,D1,two_weeks,price_0.005,fold,3,31,-170.4516016129206,75.6619145161243,-63.074654838712526,32.25806451612903
all_oos,D1,two_weeks,price_0.005,fold,4,46,970.0207826086895,-1565.1490652173736,133.87777934782548,34.78260869565217
all_oos,D1,two_weeks,q_0.5,side,-1,82,2492.9497756097535,300.4359512195169,395.4670329268287,43.90243902439025
all_oos,D1,two_weeks,q_0.5,side,1,83,-25.02177530123595,204.73549216867062,-167.07262590361645,43.373493975903614
all_oos,D1,two_weeks,q_0.5,volatility,high,74,-326.3792135135231,227.72111554053387,-62.49437770270333,45.94594594594595
all_oos,D1,two_weeks,q_0.5,volatility,low,91,2488.979517032944,272.2794648351707,254.7895901098884,41.75824175824176
all_oos,D1,two_weeks,q_0.5,session,10to19,3,5594.80249999985,381.87323333331125,328.29009999999045,33.33333333333333
all_oos,D1,two_weeks,q_0.5,session,before10,162,1145.436214506158,249.89613672839573,108.49628672839397,43.82716049382716
all_oos,D1,two_weeks,q_0.5,trend,down,88,488.5985249999865,240.58240056817596,-16.32153465909164,44.31818181818182
all_oos,D1,two_weeks,q_0.5,trend,up,77,2069.4597928571216,265.68237142857873,259.708620779219,42.857142857142854
all_oos,D1,two_weeks,q_0.5,structure_regime,post_20240613,135,1119.1646003703509,271.9686722222201,91.96155777777628,45.18518518518518
all_oos,D1,two_weeks,q_0.5,structure_regime,pre_20240613,30,1708.5951066666598,163.76743666667755,204.88194833333318,36.666666666666664
all_oos,D1,two_weeks,q_0.5,fold,0,31,1339.6831999999902,162.21577741936323,184.00940161290293,38.70967741935484
all_oos,D1,two_weeks,q_0.5,fold,1,29,2247.137218965491,313.02518965516816,181.85289999999785,41.37931034482759
all_oos,D1,two_weeks,q_0.5,fold,2,28,-1222.1586267857251,237.22539285713924,-148.79897857142865,57.14285714285714
all_oos,D1,two_weeks,q_0.5,fold,3,31,-71.63980322582908,174.47371290321587,-23.920380645163746,45.16129032258064
all_oos,D1,two_weeks,q_0.5,fold,4,46,2871.5041554347654,336.3343076087025,271.54666086956405,39.130434782608695
all_oos,D1,two_weeks,q_0.75,side,-1,82,1032.484188414632,-1160.029635975604,410.8062756097559,24.390243902439025
all_oos,D1,two_weeks,q_0.75,side,1,83,-926.0554909638656,-696.298223493959,-411.01752108433897,27.710843373493976
all_oos,D1,two_weeks,q_0.75,volatility,high,74,-663.7776790540557,-109.67734999999892,-126.74726824324348,22.972972972972975
all_oos,D1,two_weeks,q_0.75,volatility,low,91,625.5016038461443,-1591.198448351629,98.36217802197655,28.57142857142857
all_oos,D1,two_weeks,q_0.75,session,10to19,3,653.4652333332675,-4559.464033333272,-113.90896666667686,33.33333333333333
all_oos,D1,two_weeks,q_0.75,session,before10,162,36.053716049377684,-859.4863617283845,-0.5346466049390028,25.925925925925924
all_oos,D1,two_weeks,q_0.75,trend,down,88,-555.4574568181847,-803.4735812499953,-168.8816767045457,26.136363636363637
all_oos,D1,two_weeks,q_0.75,trend,up,77,736.1214792207695,-1067.6559422077728,187.4447779220762,25.97402597402597
all_oos,D1,two_weeks,q_0.75,structure_regime,post_20240613,135,-131.79124518519174,-978.9871733333225,-38.763408888889984,26.666666666666668
all_oos,D1,two_weeks,q_0.75,structure_regime,pre_20240613,30,853.0971933333291,-691.730476666653,160.15735166666647,23.333333333333332
all_oos,D1,two_weeks,q_0.75,fold,0,31,976.3789290322528,-201.0884935483739,176.53398548387062,22.58064516129032
all_oos,D1,two_weeks,q_0.75,fold,1,29,-2.9925137931149477,-1937.1045431034381,11.213908620687649,24.137931034482758
all_oos,D1,two_weeks,q_0.75,fold,2,28,-1491.332296428575,-31.948276785711055,-244.48927142857187,28.57142857142857
all_oos,D1,two_weeks,q_0.75,fold,3,31,103.45553870966543,349.56905483871026,-97.78149838709895,25.806451612903224
all_oos,D1,two_weeks,q_0.75,fold,4,46,351.5286173913034,-2183.641230434759,79.36585869565211,28.26086956521739
all_oos,D1,two_weeks,q_0.9,side,-1,82,219.05185304878006,-1973.4619713414559,393.31060670731705,8.536585365853659
all_oos,D1,two_weeks,q_0.9,side,1,83,-780.9176036144626,-551.1603361445561,-662.9100536144598,9.63855421686747
all_oos,D1,two_weeks,q_0.9,volatility,high,74,-587.8855135135138,-33.78518445945689,-280.27897297297295,8.108108108108109
all_oos,D1,two_weeks,q_0.9,volatility,low,91,-36.817375274729834,-2253.517427472503,-22.3013263736281,9.89010989010989
all_oos,D1,two_weeks,q_0.9,session,10to19,3,366.7592666666399,-4846.169999999899,-163.143766666676,0.0
all_oos,D1,two_weeks,q_0.9,session,before10,162,-296.01349969136027,-1191.5535774691225,-137.53477407407487,9.25925925925926
all_oos,D1,two_weeks,q_0.9,trend,down,88,-498.2425147727285,-746.2586392045391,-318.9054630681822,11.363636363636363
all_oos,D1,two_weeks,q_0.9,trend,up,77,-39.07230974026414,-1842.8497311688066,68.74826038960869,6.493506493506493
all_oos,D1,two_weeks,q_0.9,structure_regime,post_20240613,135,-429.5597525925957,-1276.7556807407263,-212.5041766666679,10.37037037037037
all_oos,D1,two_weeks,q_0.9,structure_regime,pre_20240613,30,371.22191499999934,-1173.6057549999828,197.26663833333333,3.3333333333333335
all_oos,D1,two_weeks,q_0.9,fold,0,31,402.3330145161281,-775.1344080644988,212.44619838709662,3.225806451612903
all_oos,D1,two_weeks,q_0.9,fold,1,29,32.82076896551113,-1901.2912603448117,65.183503448274,6.896551724137931
all_oos,D1,two_weeks,q_0.9,fold,2,28,-892.5466857142857,566.8373339285782,-558.9888553571428,10.714285714285714
all_oos,D1,two_weeks,q_0.9,fold,3,31,-585.4850790322627,-339.3715629032179,-290.6169387096792,16.129032258064516
all_oos,D1,two_weeks,q_0.9,fold,4,46,-372.5367445652195,-2907.7065923912824,-143.16098695652286,8.695652173913043
all_oos,D1,two_weeks,selected_atrD,side,-1,82,1863.005479268291,-329.5083451219451,343.9177670731706,41.46341463414634
all_oos,D1,two_weeks,selected_atrD,side,1,83,-648.0435475903828,-418.28628012047636,-219.1045506024114,43.373493975903614
all_oos,D1,two_weeks,selected_atrD,volatility,high,74,-514.6269472973054,39.47338175675193,-101.51656689189228,43.24324324324324
all_oos,D1,two_weeks,selected_atrD,volatility,low,91,1506.1673510988862,-710.5327010988867,192.6132434065921,41.75824175824176
all_oos,D1,two_weeks,selected_atrD,session,10to19,3,4028.4254666665697,-1184.5037999999695,212.06359999999236,33.33333333333333
all_oos,D1,two_weeks,selected_atrD,session,before10,162,536.3799904320886,-359.1600873456736,57.897459259258476,42.592592592592595
all_oos,D1,two_weeks,selected_atrD,trend,down,88,122.31305227271663,-125.70307215909385,-47.184121022727844,42.04545454545455
all_oos,D1,two_weeks,selected_atrD,trend,up,77,1145.6530681818053,-658.1243532467374,183.9971668831156,42.857142857142854
all_oos,D1,two_weeks,selected_atrD,structure_regime,post_20240613,135,570.6902114814693,-276.5057166666614,46.36181296296191,43.7037037037037
all_oos,D1,two_weeks,selected_atrD,structure_regime,pre_20240613,30,731.188543333324,-813.6391266666581,125.22448166666624,36.666666666666664
all_oos,D1,two_weeks,selected_atrD,fold,0,31,387.19842903224736,-790.2689935483793,99.82475645161239,38.70967741935484
all_oos,D1,two_weeks,selected_atrD,fold,1,29,710.3388689655072,-1223.7731603448162,56.93448448275756,37.93103448275862
all_oos,D1,two_weeks,selected_atrD,fold,2,28,-1488.6592625000035,-29.27524285713941,-172.8873624999992,57.14285714285714
all_oos,D1,two_weeks,selected_atrD,fold,3,31,440.65765483869257,686.7711709677375,-13.620811290324745,41.935483870967744
all_oos,D1,two_weeks,selected_atrD,fold,4,46,2052.1288782608553,-483.04096956520806,228.97832608695524,39.130434782608695
all_oos,D1,two_weeks,selected_atrH,side,-1,82,1811.7258664634091,-380.7879579268271,335.88720792682915,41.46341463414634
all_oos,D1,two_weeks,selected_atrH,side,1,83,-430.0540849397782,-200.29681746987134,-206.4330849397601,43.373493975903614
all_oos,D1,two_weeks,selected_atrH,volatility,high,74,-692.2073790540559,-138.10704999999896,-101.70415472972941,44.5945945945946
all_oos,D1,two_weeks,selected_atrH,volatility,low,91,1803.1909675823965,-413.509084615376,197.08694999999867,40.65934065934066
all_oos,D1,two_weeks,selected_atrH,session,10to19,3,4871.2939666665425,-341.6352999999969,264.95676666665787,33.33333333333333
all_oos,D1,two_weeks,selected_atrH,session,before10,162,606.5009265431994,-289.03915123456267,59.345275925925485,42.592592592592595
all_oos,D1,two_weeks,selected_atrH,trend,down,88,16.116035227267687,-231.90008920454295,-48.60040454545455,43.18181818181818
all_oos,D1,two_weeks,selected_atrH,trend,up,77,1447.3872844155637,-356.39013701297876,190.7226051948039,41.55844155844156
all_oos,D1,two_weeks,selected_atrH,structure_regime,post_20240613,135,649.3294399999872,-197.8664881481435,48.294487037036326,43.7037037037037
all_oos,D1,two_weeks,selected_atrH,structure_regime,pre_20240613,30,840.2519199999896,-704.5757499999925,129.6349749999999,36.666666666666664
all_oos,D1,two_weeks,selected_atrH,fold,0,31,500.55547096772983,-676.9119516128968,103.1252338709675,38.70967741935484
all_oos,D1,two_weeks,selected_atrH,fold,1,29,720.1238689655089,-1213.988160344814,38.1381603448271,34.48275862068966
all_oos,D1,two_weeks,selected_atrH,fold,2,28,-1473.5796999999989,-14.195680357135188,-169.99921607142792,57.14285714285714
all_oos,D1,two_weeks,selected_atrH,fold,3,31,-182.81927258066355,63.29424354838149,-34.953266129034326,45.16129032258064
all_oos,D1,two_weeks,selected_atrH,fold,4,46,2682.4749836956335,147.30513586957005,259.7705521739123,39.130434782608695
all_oos,D1,two_weeks,selected_combo,side,-1,25,2706.9376359999924,-33.75574199999355,344.0318180000002,36.0
all_oos,D1,two_weeks,selected_combo,side,1,21,3643.0782499999664,-808.1949642857054,672.1516833333304,28.57142857142857
all_oos,D1,two_weeks,selected_combo,volatility,high,23,5107.062191304347,274.2934369565196,799.7853456521746,26.08695652173913
all_oos,D1,two_weeks,selected_combo,volatility,low,23,1161.5501630434403,-1048.901602173896,187.86599347825796,39.130434782608695
all_oos,D1,two_weeks,selected_combo,session,10to19,3,4606.312333333212,-606.6169333333268,264.95676666665787,33.33333333333333
all_oos,D1,two_weeks,selected_combo,session,before10,43,3031.608073255802,-372.003186046504,509.79326744185977,32.55813953488372
all_oos,D1,two_weeks,selected_combo,trend,down,17,3956.0154676470383,-788.9276705882339,364.5364058823519,29.411764705882355
all_oos,D1,two_weeks,selected_combo,trend,up,29,2652.6145241379118,-151.8695655172301,569.6159275862057,34.48275862068966
all_oos,D1,two_weeks,selected_combo,structure_regime,post_20240613,46,3134.3061771738935,-387.30408260868813,493.8256695652162,32.608695652173914
all_oos,D1,two_weeks,selected_combo,fold,0,1,-9690.338000000062,153.00199999997312,-692.1670000000045,100.0
all_oos,D1,two_weeks,selected_combo,fold,1,29,720.1238689655089,-1213.988160344814,38.1381603448271,34.48275862068966
all_oos,D1,two_weeks,selected_combo,fold,2,2,13258.973850000028,9027.75957500001,2227.2554250000053,0.0
all_oos,D1,two_weeks,selected_combo,fold,4,14,7604.777303571383,-58.489450000002634,1274.8307357142824,28.57142857142857
all_oos,D1,two_weeks,selected_fixed,side,-1,82,1878.5482499999962,-313.96557439024025,324.81903597560944,40.243902439024396
all_oos,D1,two_weeks,selected_fixed,side,1,83,-560.5667048193004,-330.809437349394,-197.73460481927896,40.963855421686745
all_oos,D1,two_weeks,selected_fixed,volatility,high,74,-579.5603837837923,-25.46005472973534,-100.9008878378384,44.5945945945946
all_oos,D1,two_weeks,selected_fixed,volatility,low,91,1652.7625098900924,-563.9375423076812,194.3940049450534,37.362637362637365
all_oos,D1,two_weeks,selected_fixed,session,10to19,3,4313.204866666549,-899.7243999999906,162.06359999999054,33.33333333333333
all_oos,D1,two_weeks,selected_fixed,session,before10,162,583.7920086419632,-311.7480691357991,60.104925617283016,40.74074074074074
all_oos,D1,two_weeks,selected_fixed,trend,down,88,-78.63002954546499,-326.6461539772758,-53.54527954545518,43.18181818181818
all_oos,D1,two_weeks,selected_fixed,trend,up,77,1486.1475662337486,-317.62985519479383,193.9632902597387,37.66233766233766
all_oos,D1,two_weeks,selected_fixed,structure_regime,post_20240613,135,644.0993211110949,-203.09660703703585,42.86263814814677,43.7037037037037
all_oos,D1,two_weeks,selected_fixed,structure_regime,pre_20240613,30,685.35038833333,-859.477281666652,147.8910866666669,26.666666666666668
all_oos,D1,two_weeks,selected_fixed,fold,0,31,359.3174725806404,-818.1499499999861,112.72792258064523,29.03225806451613
all_oos,D1,two_weeks,selected_fixed,fold,1,29,25.074574137918503,-1909.0374551724049,-29.469656896553314,34.48275862068966
all_oos,D1,two_weeks,selected_fixed,fold,2,28,-1222.1586267857251,237.22539285713924,-148.79897857142865,57.14285714285714
all_oos,D1,two_weeks,selected_fixed,fold,3,31,-71.63980322582908,174.47371290321587,-23.920380645163746,45.16129032258064
all_oos,D1,two_weeks,selected_fixed,fold,4,46,2871.5041554347654,336.3343076087025,271.54666086956405,39.130434782608695
all_oos,D1,two_weeks,selected_price,side,-1,82,1929.104835365847,-263.4089890243887,359.0501786585362,41.46341463414634
all_oos,D1,two_weeks,selected_price,side,1,83,-429.5598825301422,-199.8026150602358,-199.92874457831502,43.373493975903614
all_oos,D1,two_weeks,selected_price,volatility,high,74,-643.8179939189233,-89.71766486486635,-97.86486013513513,44.5945945945946
all_oos,D1,two_weeks,selected_price,volatility,low,91,1870.0621736263518,-346.63787857142125,220.76954395604204,40.65934065934066
all_oos,D1,two_weeks,selected_price,session,10to19,3,4476.32419999986,-736.6050666666797,298.2900999999894,33.33333333333333
all_oos,D1,two_weeks,selected_price,session,before10,162,673.4824299382599,-222.05764783950252,73.78492932098676,42.592592592592595
all_oos,D1,two_weeks,selected_price,trend,down,88,148.2823795454481,-99.73374488636233,-46.396867045454655,43.18181818181818
all_oos,D1,two_weeks,selected_price,trend,up,77,1421.8737253246525,-381.90369610389035,219.8825084415563,41.55844155844156
all_oos,D1,two_weeks,selected_price,structure_regime,post_20240613,135,607.6312837036895,-239.5646444444412,57.50250296296182,43.7037037037037
all_oos,D1,two_weeks,selected_price,structure_regime,pre_20240613,30,1350.0967649999864,-194.7309049999961,169.50636499999928,36.666666666666664
all_oos,D1,two_weeks,selected_price,fold,0,31,997.545062903208,-179.92235967741908,146.8717403225797,38.70967741935484
all_oos,D1,two_weeks,selected_price,fold,1,29,1543.0003637930809,-391.11166551724216,135.07136379310154,37.93103448275862
all_oos,D1,two_weeks,selected_price,fold,2,28,-1458.6697339285772,0.7142857142860716,-177.2322321428571,57.14285714285714
all_oos,D1,two_weeks,selected_price,fold,3,31,-451.44992903227796,-205.33641290323303,-55.136408064518314,41.935483870967744
all_oos,D1,two_weeks,selected_price,fold,4,46,2210.867806521732,-324.3020413043308,240.21014130434725,39.130434782608695
all_oos,D1,two_weeks,selected_q,side,-1,82,219.05185304878006,-1973.4619713414559,393.31060670731705,8.536585365853659
all_oos,D1,two_weeks,selected_q,side,1,83,-780.9176036144626,-551.1603361445561,-662.9100536144598,9.63855421686747
all_oos,D1,two_weeks,selected_q,volatility,high,74,-587.8855135135138,-33.78518445945689,-280.27897297297295,8.108108108108109
all_oos,D1,two_weeks,selected_q,volatility,low,91,-36.817375274729834,-2253.517427472503,-22.3013263736281,9.89010989010989
all_oos,D1,two_weeks,selected_q,session,10to19,3,366.7592666666399,-4846.169999999899,-163.143766666676,0.0
all_oos,D1,two_weeks,selected_q,session,before10,162,-296.01349969136027,-1191.5535774691225,-137.53477407407487,9.25925925925926
all_oos,D1,two_weeks,selected_q,trend,down,88,-498.2425147727285,-746.2586392045391,-318.9054630681822,11.363636363636363
all_oos,D1,two_weeks,selected_q,trend,up,77,-39.07230974026414,-1842.8497311688066,68.74826038960869,6.493506493506493
all_oos,D1,two_weeks,selected_q,structure_regime,post_20240613,135,-429.5597525925957,-1276.7556807407263,-212.5041766666679,10.37037037037037
all_oos,D1,two_weeks,selected_q,structure_regime,pre_20240613,30,371.22191499999934,-1173.6057549999828,197.26663833333333,3.3333333333333335
all_oos,D1,two_weeks,selected_q,fold,0,31,402.3330145161281,-775.1344080644988,212.44619838709662,3.225806451612903
all_oos,D1,two_weeks,selected_q,fold,1,29,32.82076896551113,-1901.2912603448117,65.183503448274,6.896551724137931
all_oos,D1,two_weeks,selected_q,fold,2,28,-892.5466857142857,566.8373339285782,-558.9888553571428,10.714285714285714
all_oos,D1,two_weeks,selected_q,fold,3,31,-585.4850790322627,-339.3715629032179,-290.6169387096792,16.129032258064516
all_oos,D1,two_weeks,selected_q,fold,4,46,-372.5367445652195,-2907.7065923912824,-143.16098695652286,8.695652173913043
all_oos,D1,week,atrD_0.025,side,-1,86,1575.1475901162646,-38.95932790698009,328.1062325581384,34.883720930232556
all_oos,D1,week,atrD_0.025,side,1,87,-782.7821034482962,33.41053333333808,-235.5948936781621,35.63218390804598
all_oos,D1,week,atrD_0.025,volatility,high,78,-237.73353397437342,4.777462179481897,35.10332628205,34.61538461538461
all_oos,D1,week,atrD_0.025,volatility,low,95,904.2512147368221,-8.593977368415409,52.44548210526218,35.78947368421053
all_oos,D1,week,atrD_0.025,session,10to19,4,7540.830962499873,198.73622499999738,564.3998374999918,0.0
all_oos,D1,week,atrD_0.025,session,before10,169,220.10252011832867,-7.329767455620506,32.324147337277154,36.09467455621302
all_oos,D1,week,atrD_0.025,trend,down,93,-213.97129946237803,-21.68055053763546,1.5057747311818155,34.40860215053764
all_oos,D1,week,atrD_0.025,trend,up,80,1090.7497574999772,19.656317500002768,94.75428999999868,36.25
all_oos,D1,week,atrD_0.025,structure_regime,post_20240613,143,544.02250769229,2.339575874126119,73.56707062936927,34.96503496503497
all_oos,D1,week,atrD_0.025,structure_regime,pre_20240613,30,-347.8189616666813,-25.944838333330367,-93.32369500000004,36.666666666666664
all_oos,D1,week,atrD_0.025,fold,0,33,-442.1545409091076,-83.7880439393949,-1.4916257575759202,39.39393939393939
all_oos,D1,week,atrD_0.025,fold,1,31,1566.3607306451343,50.13932258063837,118.57311290322399,29.03225806451613
all_oos,D1,week,atrD_0.025,fold,2,29,-1091.0789775862197,-32.74851034482652,-44.97214310344924,44.827586206896555
all_oos,D1,week,atrD_0.025,fold,3,31,402.3924548386948,-104.72262258064913,136.258467741934,32.25806451612903
all_oos,D1,week,atrD_0.025,fold,4,49,1072.6875755101883,101.2858928571522,23.959531632651807,32.6530612244898
all_oos,D1,week,atrD_0.05,side,-1,86,1532.5404656976698,-81.56645232557472,319.47589883720843,33.72093023255814
all_oos,D1,week,atrD_0.05,side,1,87,-785.7332856322059,30.459351149428542,-245.0165695402313,35.63218390804598
all_oos,D1,week,atrD_0.05,volatility,high,78,-269.62406666667914,-27.11307051282397,23.764629487178276,33.33333333333333
all_oos,D1,week,atrD_0.05,volatility,low,95,889.1616989473547,-23.683493157882864,45.314154210525246,35.78947368421053
all_oos,D1,week,atrD_0.05,session,10to19,4,7342.094737499876,0.0,564.3998374999918,0.0
all_oos,D1,week,atrD_0.05,session,before10,169,201.60535650886536,-25.82693106508368,23.082168047336307,35.50295857988166
all_oos,D1,week,atrD_0.05,trend,down,93,-172.1034462365688,20.187302688173663,-8.873231182796799,34.40860215053764
all_oos,D1,week,atrD_0.05,trend,up,80,993.0663087499831,-78.02713124999116,87.29620312499884,35.0
all_oos,D1,week,atrD_0.05,structure_regime,post_20240613,143,500.3249118880976,-41.358019930066,64.10660069929936,34.26573426573427
all_oos,D1,week,atrD_0.05,structure_regime,pre_20240613,30,-270.22594000000777,51.64818333334324,-100.29193833333362,36.666666666666664
all_oos,D1,week,atrD_0.05,fold,0,33,-313.8378454545536,44.52865151515931,-9.341543939394217,39.39393939393939
all_oos,D1,week,atrD_0.05,fold,1,31,1567.7693403225555,51.547932258060015,112.38635806451438,25.806451612903224
all_oos,D1,week,atrD_0.05,fold,2,29,-1030.3674000000096,27.96306724138334,-61.8905896551737,44.827586206896555
all_oos,D1,week,atrD_0.05,fold,3,31,385.5044080645034,-121.6106693548407,128.1944951612888,32.25806451612903
all_oos,D1,week,atrD_0.05,fold,4,49,880.1122755101934,-91.28940714284316,16.399537755100948,32.6530612244898
all_oos,D1,week,atrD_0.1,side,-1,86,1579.557501744179,-34.5494162790656,334.20069883720845,30.23255813953488
all_oos,D1,week,atrD_0.1,side,1,87,-936.3288454023206,-120.13620862068633,-265.5591045977027,35.63218390804598
all_oos,D1,week,atrD_0.1,volatility,high,78,-112.53548589744568,129.97551025640945,31.188096153845052,30.76923076923077
all_oos,D1,week,atrD_0.1,volatility,low,95,664.8326684210348,-248.01252368420305,33.736278947367126,34.73684210526316
all_oos,D1,week,atrD_0.1,session,10to19,4,6578.958674999887,-763.1360624999894,564.3998374999918,0.0
all_oos,D1,week,atrD_0.1,session,before10,169,166.06805266270993,-61.364234911239045,20.000110355028532,33.72781065088758
all_oos,D1,week,atrD_0.1,trend,down,93,-181.40327526883186,10.887473655910702,-13.366516666668076,33.33333333333333
all_oos,D1,week,atrD_0.1,trend,up,80,890.6480024999862,-180.44543749998815,86.008800624999,32.5
all_oos,D1,week,atrD_0.1,structure_regime,post_20240613,143,467.4165213286561,-74.26641048950766,63.94650244755106,32.16783216783217
all_oos,D1,week,atrD_0.1,structure_regime,pre_20240613,30,-415.3075650000098,-93.43344166665881,-116.89106166666707,36.666666666666664
all_oos,D1,week,atrD_0.1,fold,0,33,-444.9928378788012,-86.62634090908854,-27.46195909090974,39.39393939393939
all_oos,D1,week,atrD_0.1,fold,1,31,1299.8359967741792,-216.38541129031657,94.65835967741864,25.806451612903224
all_oos,D1,week,atrD_0.1,fold,2,29,-1436.1717017241456,-377.84123448275267,-65.41668965517344,41.37931034482759
all_oos,D1,week,atrD_0.1,fold,3,31,1186.217275806433,679.1021983870888,175.82536774193343,25.806451612903224
all_oos,D1,week,atrD_0.1,fold,4,49,686.6821867346782,-284.7194959183581,1.1418591836718788,32.6530612244898
all_oos,D1,week,atrD_0.25,side,-1,86,923.6677523255778,-690.4391656976669,315.40764999999925,29.069767441860467
all_oos,D1,week,atrD_0.25,side,1,87,-742.1576557471376,74.03498103449685,-284.2707959770125,29.88505747126437
all_oos,D1,week,atrD_0.25,volatility,high,78,-277.82137307693006,-35.31037692307489,23.999219230768155,26.923076923076923
all_oos,D1,week,atrD_0.25,volatility,low,95,384.60818684209784,-528.23700526314,5.49010052631506,31.57894736842105
all_oos,D1,week,atrD_0.25,session,10to19,4,5640.043849999911,-1702.050887499966,564.3998374999918,0.0
all_oos,D1,week,atrD_0.25,session,before10,169,-45.5175428994134,-272.94983047336257,0.8041378698218234,30.17751479289941
all_oos,D1,week,atrD_0.25,trend,down,93,-273.2540967741979,-80.96334784945513,-45.168710752689,30.107526881720432
all_oos,D1,week,atrD_0.25,trend,up,80,503.50427062498966,-567.589169374985,82.42735937499909,28.749999999999996
all_oos,D1,week,atrD_0.25,structure_regime,post_20240613,143,281.92272377621686,-259.7602080419468,49.10012482517386,28.671328671328673
all_oos,D1,week,atrD_0.25,structure_regime,pre_20240613,30,-848.241295000009,-526.367171666658,-154.26064000000042,33.33333333333333
all_oos,D1,week,atrD_0.25,fold,0,33,-871.0992287878877,-512.732731818175,-70.82824242424276,36.36363636363637
all_oos,D1,week,atrD_0.25,fold,1,31,701.5186451612788,-814.7027629032165,126.48160322580534,22.58064516129032
all_oos,D1,week,atrD_0.25,fold,2,29,-1103.087120689661,-44.7566534482683,-101.6000362068975,37.93103448275862
all_oos,D1,week,atrD_0.25,fold,3,31,623.1219129032146,116.00683548387083,138.1641080645147,25.806451612903224
all_oos,D1,week,atrD_0.25,fold,4,49,704.8909061224473,-266.510776530589,-10.750721428572135,26.53061224489796
all_oos,D1,week,atrH_0.1,side,-1,86,1575.7556063953343,-38.35131162791046,328.7233674418592,34.883720930232556
all_oos,D1,week,atrH_0.1,side,1,87,-739.52078218393,76.67185459770418,-235.00690747126558,35.63218390804598
all_oos,D1,week,atrH_0.1,volatility,high,78,-207.7784269230874,34.73256923076792,36.29657756410153,34.61538461538461
all_oos,D1,week,atrH_0.1,volatility,low,95,919.8251726315543,6.979980526316491,52.56290105263018,35.78947368421053
all_oos,D1,week,atrH_0.1,session,10to19,4,7441.03376249987,98.93902499999422,564.3998374999918,0.0
all_oos,D1,week,atrH_0.1,session,before10,169,245.04460976329807,17.61232218934904,32.9408834319516,36.09467455621302
all_oos,D1,week,atrH_0.1,trend,down,93,-189.44442688173228,2.8463220430103418,2.734037096773203,34.40860215053764
all_oos,D1,week,atrH_0.1,trend,up,80,1109.9375724999745,38.84413250000003,94.62928999999846,36.25
all_oos,D1,week,atrH_0.1,structure_regime,post_20240613,143,569.7989017482329,28.115969930069365,74.29594055943917,34.96503496503497
all_oos,D1,week,atrH_0.1,structure_regime,pre_20240613,30,-343.4856283333495,-21.611504999998488,-93.3236950000005,36.666666666666664
all_oos,D1,week,atrH_0.1,fold,0,33,-380.20019848486555,-21.833701515152715,-1.7946560606063886,39.39393939393939
all_oos,D1,week,atrH_0.1,fold,1,31,1523.1262403225542,6.9048322580585015,117.35393548386892,29.03225806451613
all_oos,D1,week,atrH_0.1,fold,2,29,-1076.5194000000085,-18.188932758615543,-42.183587931035554,44.827586206896555
all_oos,D1,week,atrH_0.1,fold,3,31,441.74879354837,-65.36628387097402,137.5487903225789,32.25806451612903
all_oos,D1,week,atrH_0.1,fold,4,49,1102.6779020407964,131.27621938775994,24.59534387754978,32.6530612244898
all_oos,D1,week,atrH_0.25,side,-1,86,1522.4410616279029,-91.66585639534186,316.75514418604587,33.72093023255814
all_oos,D1,week,atrH_0.25,side,1,87,-767.4161626436995,48.7764741379346,-248.82156436781756,35.63218390804598
all_oos,D1,week,atrH_0.25,volatility,high,78,-249.3803666666754,-6.869370512820262,21.95555769230677,33.33333333333333
all_oos,D1,week,atrH_0.25,volatility,low,95,880.172565789458,-32.67262631578011,40.85192421052514,35.78947368421053
all_oos,D1,week,atrH_0.25,session,10to19,4,7342.094737499876,0.0,564.3998374999918,0.0
all_oos,D1,week,atrH_0.25,session,before10,169,205.8955396449603,-21.536747928988696,19.738857692306777,35.50295857988166
all_oos,D1,week,atrH_0.25,trend,down,93,-189.74539032258733,2.54535860215515,-11.598619892473865,34.40860215053764
all_oos,D1,week,atrH_0.25,trend,up,80,1022.6380806249805,-48.45535937499399,83.40172437499854,35.0
all_oos,D1,week,atrH_0.25,structure_regime,post_20240613,143,492.72763461537045,-48.95529720279317,61.18681153846036,34.26573426573427
all_oos,D1,week,atrH_0.25,structure_regime,pre_20240613,30,-209.84422000000666,112.02990333334446,-105.20825833333392,36.666666666666664
all_oos,D1,week,atrH_0.25,fold,0,33,-261.6069787878833,96.75951818182978,-15.932137878788236,39.39393939393939
all_oos,D1,week,atrH_0.25,fold,1,31,1478.987288709662,-37.23411935483364,105.18906774193462,25.806451612903224
all_oos,D1,week,atrH_0.25,fold,2,29,-1033.3060482758706,25.024418965522194,-62.11205689655274,44.827586206896555
all_oos,D1,week,atrH_0.25,fold,3,31,418.97440806450845,-88.1406693548356,127.8719145161278,32.25806451612903
all_oos,D1,week,atrH_0.25,fold,4,49,896.4656785714063,-74.93600408163,14.19563367346772,32.6530612244898
all_oos,D1,week,atrH_0.5,side,-1,86,1364.8223994185996,-249.28451860464529,327.0037633720924,30.23255813953488
all_oos,D1,week,atrH_0.5,side,1,87,-931.873570114958,-115.6809333333239,-273.33737413793216,35.63218390804598
all_oos,D1,week,atrH_0.5,volatility,high,78,-162.2314429487272,80.27955320512787,26.375179487178418,30.76923076923077
all_oos,D1,week,atrH_0.5,volatility,low,95,515.3239821052521,-397.5212099999857,24.04955894736771,34.73684210526316
all_oos,D1,week,atrH_0.5,session,10to19,4,6578.958674999887,-763.1360624999894,564.3998374999918,0.0
all_oos,D1,week,atrH_0.5,session,before10,169,59.08811272188556,-168.34417485206342,12.333566568046646,33.72781065088758
all_oos,D1,week,atrH_0.5,trend,down,93,-219.1055005376407,-26.81475161289817,-19.228447849463272,33.33333333333333
all_oos,D1,week,atrH_0.5,trend,up,80,708.4817162499851,-362.6117237499893,76.62772187499914,32.5
all_oos,D1,week,atrH_0.5,structure_regime,post_20240613,143,372.21556538460294,-169.46736643356084,56.33833706293593,32.16783216783217
all_oos,D1,week,atrH_0.5,structure_regime,pre_20240613,30,-564.1700033333335,-242.29587999998253,-123.81366999999968,36.666666666666664
all_oos,D1,week,atrH_0.5,fold,0,33,-596.923327272727,-238.55683030301418,-37.997663636363235,39.39393939393939
all_oos,D1,week,atrH_0.5,fold,1,31,817.9760403225619,-698.2453677419335,74.99142741935373,25.806451612903224
all_oos,D1,week,atrH_0.5,fold,2,29,-1242.4844448275917,-184.15397758619895,-67.02737241379405,41.37931034482759
all_oos,D1,week,atrH_0.5,fold,3,31,977.8765032257969,470.76142580645296,174.85762580645041,25.806451612903224
all_oos,D1,week,atrH_0.5,fold,4,49,742.0574612244742,-229.34422142856204,-4.1965683673483305,32.6530612244898
all_oos,D1,week,atrH_1,side,-1,86,1135.4223622092952,-478.6845558139496,339.4572825581388,27.906976744186046
all_oos,D1,week,atrH_1,side,1,87,-998.841668965527,-182.64903218389287,-311.54947586206987,32.18390804597701
all_oos,D1,week,atrH_1,volatility,high,78,-427.0428878205213,-184.53189166666598,10.041520512819503,28.205128205128204
all_oos,D1,week,atrH_1,volatility,low,95,463.7520336842021,-449.0931584210358,13.739824210525684,31.57894736842105
all_oos,D1,week,atrH_1,session,10to19,4,5960.234549999899,-1381.860187499978,564.3998374999918,0.0
all_oos,D1,week,atrH_1,session,before10,169,-77.47834467456246,-304.9106322485114,-1.0004582840242755,30.76923076923077
all_oos,D1,week,atrH_1,trend,down,93,-505.6498602150574,-313.35911129031473,-65.40071774193603,32.25806451612903
all_oos,D1,week,atrH_1,trend,up,80,722.156686874986,-348.9367531249884,102.13485812499891,27.500000000000004
all_oos,D1,week,atrH_1,structure_regime,post_20240613,143,239.39192622376842,-302.29100559439536,46.11523881118791,29.37062937062937
all_oos,D1,week,atrH_1,structure_regime,pre_20240613,30,-782.8649166666779,-460.99079333332674,-150.1985750000003,33.33333333333333
all_oos,D1,week,atrH_1,fold,0,33,-822.7157636363756,-464.34926666666274,-72.64154696969736,36.36363636363637
all_oos,D1,week,atrH_1,fold,1,31,948.3952451612803,-567.8261629032152,166.82348709677348,19.35483870967742
all_oos,D1,week,atrH_1,fold,2,29,-1557.9579068965566,-499.6274396551635,-142.46840689655215,41.37931034482759
all_oos,D1,week,atrH_1,fold,3,31,865.4280145161183,358.3129370967743,144.6025580645149,25.806451612903224
all_oos,D1,week,atrH_1,fold,4,49,547.9382938775453,-423.46338877549107,-21.161850000001138,28.57142857142857
all_oos,D1,week,combo_0.25_1,side,-1,28,1767.395587499985,-7.2065178571454,312.642642857142,32.142857142857146
all_oos,D1,week,combo_0.25_1,side,1,24,2414.0865333333,-104.19545416666149,209.97413124999764,20.833333333333336
all_oos,D1,week,combo_0.25_1,volatility,high,27,3712.820883333321,108.20999629629202,554.0836944444435,14.814814814814813
all_oos,D1,week,combo_0.25_1,volatility,low,25,287.15957599996347,-224.96573199999327,-46.67546400000233,40.0
all_oos,D1,week,combo_0.25_1,session,10to19,4,7021.045862499879,-321.04887499999677,564.3998374999918,0.0
all_oos,D1,week,combo_0.25_1,session,before10,48,1652.9368708333175,-29.54745624999917,240.32862083333234,29.166666666666668
all_oos,D1,week,combo_0.25_1,trend,down,20,3304.077354999978,-107.73988249999488,300.7649124999988,20.0
all_oos,D1,week,combo_0.25_1,trend,up,32,1291.9876921874747,-17.114867187501545,243.06484062499817,31.25
all_oos,D1,week,combo_0.25_1,structure_regime,post_20240613,52,2065.8683317307455,-51.97064230769129,265.2571759615369,26.923076923076923
all_oos,D1,week,combo_0.25_1,fold,0,3,-779.2345666666484,-55.94433333331714,876.8290666666685,66.66666666666666
all_oos,D1,week,combo_0.25_1,fold,1,31,1323.8396935483659,-192.38171451612962,103.91449516128877,25.806451612903224
all_oos,D1,week,combo_0.25_1,fold,2,2,6363.056775000025,2131.842500000007,402.6209250000037,0.0
all_oos,D1,week,combo_0.25_1,fold,4,16,3499.857056249957,-52.15576562499945,446.0184218749971,25.0
all_oos,D1,week,combo_0.5_2,side,-1,28,1093.430285714269,-681.1718196428611,276.8738035714278,32.142857142857146
all_oos,D1,week,combo_0.5_2,side,1,24,2168.690970833313,-349.5910166666486,194.5002041666647,20.833333333333336
all_oos,D1,week,combo_0.5_2,volatility,high,27,3251.441133333318,-353.1697537037114,533.9672277777767,14.814814814814813
all_oos,D1,week,combo_0.5_2,volatility,low,25,-204.97117200002182,-717.0964799999787,-79.86575000000164,40.0
all_oos,D1,week,combo_0.5_2,session,10to19,4,6257.90979999989,-1084.184937499986,564.3998374999918,0.0
all_oos,D1,week,combo_0.5_2,session,before10,48,1200.6873354166557,-481.7969916666611,211.72650104166584,29.166666666666668
all_oos,D1,week,combo_0.5_2,trend,down,20,2646.8486424999805,-764.9685949999935,281.11433249999874,20.0
all_oos,D1,week,combo_0.5_2,trend,up,32,928.9893265624821,-380.11323281249395,212.44327343749856,31.25
all_oos,D1,week,combo_0.5_2,structure_regime,post_20240613,52,1589.7044480769048,-528.1345259615322,238.85521923076777,26.923076923076923
all_oos,D1,week,combo_0.5_2,fold,0,3,-924.4565666666609,-201.16633333333053,820.1624000000012,66.66666666666666
all_oos,D1,week,combo_0.5_2,fold,1,31,740.8202983870758,-775.4011096774198,72.50602419354684,25.806451612903224
all_oos,D1,week,combo_0.5_2,fold,2,2,5960.435850000021,1729.2215750000032,402.6209250000037,0.0
all_oos,D1,week,combo_0.5_2,fold,4,16,3159.4812531249763,-392.5315687499801,431.69097499999776,25.0
all_oos,D1,week,combo_1_2,side,-1,28,1225.8021303571375,-548.7999749999925,379.4642482142859,25.0
all_oos,D1,week,combo_1_2,side,1,24,2270.4930895833127,-247.78889791664812,192.4675895833309,16.666666666666664
all_oos,D1,week,combo_1_2,volatility,high,27,2896.2941240740656,-708.3167629629633,596.2850759259252,11.11111111111111
all_oos,D1,week,combo_1_2,volatility,low,25,424.5740979999833,-87.5512099999735,-34.21903800000139,32.0
all_oos,D1,week,combo_1_2,session,10to19,4,5960.234549999899,-1381.860187499978,564.3998374999918,0.0
all_oos,D1,week,combo_1_2,session,before10,48,1353.6115749999954,-328.8727520833216,270.55461979166625,22.916666666666664
all_oos,D1,week,combo_1_2,trend,down,20,2321.379717499979,-1090.437519999995,248.05354249999854,20.0
all_oos,D1,week,combo_1_2,trend,up,32,1324.5843578124932,15.481798437517398,321.3484453124992,21.875
all_oos,D1,week,combo_1_2,structure_regime,post_20240613,52,1707.9671884615261,-409.87178557691044,293.158098076922,21.153846153846153
all_oos,D1,week,combo_1_2,fold,0,3,-1221.2242333333543,-497.9340000000232,702.9287333333318,66.66666666666666
all_oos,D1,week,combo_1_2,fold,1,31,948.3952451612803,-567.8261629032152,166.82348709677348,19.35483870967742
all_oos,D1,week,combo_1_2,fold,2,2,5235.44382500002,1004.2295500000027,402.6209250000037,0.0
all_oos,D1,week,combo_1_2,fold,4,16,3287.926640624981,-264.08618124997565,447.41655937499775,18.75
all_oos,D1,week,fixed_0,side,-1,86,1826.675865697668,212.568947674423,339.9177395348826,34.883720930232556
all_oos,D1,week,fixed_0,side,1,87,-679.9049896551962,136.2876471264379,-223.94180114942677,35.63218390804598
all_oos,D1,week,fixed_0,volatility,high,78,-82.43096474360536,160.0800314102499,47.62431538461378,34.61538461538461
all_oos,D1,week,fixed_0,volatility,low,95,1098.652690526301,185.807498421063,63.52939263157791,35.78947368421053
all_oos,D1,week,fixed_0,session,10to19,4,7639.769987499867,297.67524999999114,564.3998374999918,0.0
all_oos,D1,week,fixed_0,session,before10,169,398.717813017739,171.28552544379,44.33366597633024,36.09467455621302
all_oos,D1,week,fixed_0,trend,down,93,-31.89994301076548,160.39080591397715,13.622281182794366,34.40860215053764
all_oos,D1,week,fixed_0,trend,up,80,1261.3635631249822,190.2701231250075,106.03895937499874,36.25
all_oos,D1,week,fixed_0,structure_regime,post_20240613,143,717.0744716783047,175.39153986014088,85.88433391608243,34.96503496503497
all_oos,D1,week,fixed_0,structure_regime,pre_20240613,30,-153.30863666667344,168.56548666667751,-84.38236166666684,36.666666666666664
all_oos,D1,week,fixed_0,fold,0,33,-253.5744575757658,104.79203939394714,8.758071212121154,39.39393939393939
all_oos,D1,week,fixed_0,fold,1,31,1750.8568499999765,234.63544193548137,130.26788870967607,29.03225806451613
all_oos,D1,week,fixed_0,fold,2,29,-903.0587620689832,155.27170517241004,-26.546465517243128,44.827586206896555
all_oos,D1,week,fixed_0,fold,3,31,527.1210209677236,20.00594354837945,145.6783370967724,32.25806451612903
all_oos,D1,week,fixed_0,fold,4,49,1262.892603061213,291.4909204081764,34.21402142856989,32.6530612244898
all_oos,D1,week,fixed_0.01,side,-1,86,1756.9457860465043,142.8388680232597,335.26060116278995,34.883720930232556
all_oos,D1,week,fixed_0.01,side,1,87,-717.8113017241566,98.3813350574777,-227.47954597701278,35.63218390804598
all_oos,D1,week,fixed_0.01,volatility,high,78,-113.75251217950157,128.7584839743537,44.29752115384484,34.61538461538461
all_oos,D1,week,fixed_0.01,volatility,low,95,1026.531055789462,113.68586368422429,58.805100526315044,35.78947368421053
all_oos,D1,week,fixed_0.01,session,10to19,4,7441.03376249987,98.93902499999422,564.3998374999918,0.0
all_oos,D1,week,fixed_0.01,session,before10,169,348.42378284022647,120.99149526627761,40.14255532544293,36.09467455621302
all_oos,D1,week,fixed_0.01,trend,down,93,-80.17589731183969,112.1148516129029,10.312661827955793,34.40860215053764
all_oos,D1,week,fixed_0.01,trend,up,80,1201.301409999986,130.20797000001156,101.03267062499924,36.25
all_oos,D1,week,fixed_0.01,structure_regime,post_20240613,143,660.3102178321525,118.62728601398871,81.6848489510478,34.96503496503497
all_oos,D1,week,fixed_0.01,structure_regime,pre_20240613,30,-192.55356000000083,129.3205633333503,-87.97474000000015,36.666666666666664
all_oos,D1,week,fixed_0.01,fold,0,33,-297.43347878788563,60.93301818182731,4.886212121211759,39.39393939393939
all_oos,D1,week,fixed_0.01,fold,1,31,1705.760887096754,189.53947903225887,123.76897741935387,29.03225806451613
all_oos,D1,week,fixed_0.01,fold,2,29,-935.6336000000111,122.69686724138178,-31.011222413794158,44.827586206896555
all_oos,D1,week,fixed_0.01,fold,3,31,474.99692903224667,-32.118148387097236,142.46580806451502,32.25806451612903
all_oos,D1,week,fixed_0.01,fold,4,49,1183.5294132652914,212.12773061225533,31.15292448979455,32.6530612244898
all_oos,D1,week,fixed_0.03,side,-1,86,1595.2233569767336,-18.883561046511332,329.5480779069757,34.883720930232556
all_oos,D1,week,fixed_0.03,side,1,87,-784.645066091977,31.547570689657352,-234.88944712643826,35.63218390804598
all_oos,D1,week,fixed_0.03,volatility,high,78,-204.00516794873263,38.50582820512245,38.86068012820375,34.61538461538461
all_oos,D1,week,fixed_0.03,volatility,low,95,893.0262215789289,-19.818970526308803,51.31178684210414,35.78947368421053
all_oos,D1,week,fixed_0.03,session,10to19,4,7441.03376249987,98.93902499999422,564.3998374999918,0.0
all_oos,D1,week,fixed_0.03,session,before10,169,231.7216147928854,4.289327218936324,33.42102633135981,36.09467455621302
all_oos,D1,week,fixed_0.03,trend,down,93,-193.7644951613036,-1.4737462365610554,3.4890806451600915,34.40860215053764
all_oos,D1,week,fixed_0.03,trend,up,80,1086.8148249999795,15.72138500000491,94.76585374999868,36.25
all_oos,D1,week,fixed_0.03,structure_regime,post_20240613,143,557.44664755243,15.763715734266466,75.26688601398462,34.96503496503497
all_oos,D1,week,fixed_0.03,structure_regime,pre_20240613,30,-359.6594216666806,-37.785298333329656,-95.24706333333391,36.666666666666664
all_oos,D1,week,fixed_0.03,fold,0,33,-451.4034439394093,-93.0369469696965,-2.9371121212126594,39.39393939393939
all_oos,D1,week,fixed_0.03,fold,1,31,1554.09398225804,37.87257419354478,121.54748387096649,29.03225806451613
all_oos,D1,week,fixed_0.03,fold,2,29,-1032.4225896551939,25.907877586199245,-39.769794827588505,44.827586206896555
all_oos,D1,week,fixed_0.03,fold,3,31,415.83871129030376,-91.2763661290402,135.93588709677252,32.25806451612903
all_oos,D1,week,fixed_0.03,fold,4,49,1075.3825142857054,103.98083163266898,23.959531632652105,32.6530612244898
all_oos,D1,week,fixed_0.05,side,-1,86,1614.106918023245,0.0,325.8105191860455,33.72093023255814
all_oos,D1,week,fixed_0.05,side,1,87,-816.1926367816342,0.0,-242.3355448275878,35.63218390804598
all_oos,D1,week,fixed_0.05,volatility,high,78,-242.5109961538553,0.0,31.925562820511857,34.61538461538461
all_oos,D1,week,fixed_0.05,volatility,low,95,912.8451921052381,0.0,46.803351052630035,34.73684210526316
all_oos,D1,week,fixed_0.05,session,10to19,4,7342.094737499876,0.0,564.3998374999918,0.0
all_oos,D1,week,fixed_0.05,session,before10,169,227.43228757394914,0.0,27.68587514792788,35.50295857988166
all_oos,D1,week,fixed_0.05,trend,down,93,-192.29074892474264,0.0,-3.9108419354849486,34.40860215053764
all_oos,D1,week,fixed_0.05,trend,up,80,1071.0934399999744,0.0,91.25275687499847,35.0
all_oos,D1,week,fixed_0.05,structure_regime,post_20240613,143,541.6829318181639,0.0,70.38221993006852,34.26573426573427
all_oos,D1,week,fixed_0.05,structure_regime,pre_20240613,30,-321.874123333351,0.0,-104.27150666666724,36.666666666666664
all_oos,D1,week,fixed_0.05,fold,0,33,-358.3664969697127,0.0,-12.353272727272985,39.39393939393939
all_oos,D1,week,fixed_0.05,fold,1,31,1516.2214080644956,0.0,115.85649354838561,29.03225806451613
all_oos,D1,week,fixed_0.05,fold,2,29,-1058.330467241393,0.0,-48.822362068966946,44.827586206896555
all_oos,D1,week,fixed_0.05,fold,3,31,507.1150774193441,0.0,138.5448419354826,29.03225806451613
all_oos,D1,week,fixed_0.05,fold,4,49,971.4016826530362,0.0,17.828109183671664,32.6530612244898
all_oos,D1,week,fixed_0.1,side,-1,86,1330.0044249999892,-284.10249302325553,312.7023831395339,32.55813953488372
all_oos,D1,week,fixed_0.1,side,1,87,-956.9998419540394,-140.80720517240525,-259.694021264369,35.63218390804598
all_oos,D1,week,fixed_0.1,volatility,high,78,-309.2144583333451,-66.70346217948963,16.66352884615276,33.33333333333333
all_oos,D1,week,fixed_0.1,volatility,low,95,581.4749689473532,-331.37022315788465,31.571261578946274,34.73684210526316
all_oos,D1,week,fixed_0.1,session,10to19,4,6578.958674999887,-763.1360624999894,564.3998374999918,0.0
all_oos,D1,week,fixed_0.1,session,before10,169,28.43526390531423,-198.99702366863477,12.079442307691389,34.9112426035503
all_oos,D1,week,fixed_0.1,trend,down,93,-327.38175752688915,-135.0910086021465,-20.533537634409463,34.40860215053764
all_oos,D1,week,fixed_0.1,trend,up,80,769.5987218749792,-301.4947181249951,77.60805124999861,33.75
all_oos,D1,week,fixed_0.1,structure_regime,post_20240613,143,319.5663856643218,-222.11654615384214,55.25708706293586,33.56643356643357
all_oos,D1,week,fixed_0.1,structure_regime,pre_20240613,30,-485.8866283333447,-164.01250499999358,-120.0912783333338,36.666666666666664
all_oos,D1,week,fixed_0.1,fold,0,33,-510.9738045454642,-152.60730757575143,-29.76518636363675,39.39393939393939
all_oos,D1,week,fixed_0.1,fold,1,31,1251.0818983870734,-265.13950967742215,107.7459645161274,25.806451612903224
all_oos,D1,week,fixed_0.1,fold,2,29,-1280.5579603448325,-222.2274931034396,-71.04070862069035,44.827586206896555
all_oos,D1,week,fixed_0.1,fold,3,31,244.58777258063284,-262.5273048387113,125.60502419354701,29.03225806451613
all_oos,D1,week,fixed_0.1,fold,4,49,790.8969571428413,-180.50472551019493,2.195431632651706,32.6530612244898
all_oos,D1,week,fixed_0.2,side,-1,86,1256.6489052325505,-357.45801279069434,309.38380581395273,30.23255813953488
all_oos,D1,week,fixed_0.2,side,1,87,-922.0035770115122,-105.81094022987803,-280.1943195402315,32.18390804597701
all_oos,D1,week,fixed_0.2,volatility,high,78,-287.37149487180625,-44.86049871795089,14.795537820511571,30.76923076923077
all_oos,D1,week,fixed_0.2,volatility,low,95,529.1839078947231,-383.6612842105151,11.326837368419906,31.57894736842105
all_oos,D1,week,fixed_0.2,session,10to19,4,5960.234549999899,-1381.860187499978,564.3998374999918,0.0
all_oos,D1,week,fixed_0.2,session,before10,169,23.766606213007183,-203.66568136094187,-0.16270917159868103,31.952662721893493
all_oos,D1,week,fixed_0.2,trend,down,93,-269.731326344097,-77.4405774193543,-27.83261612903343,31.182795698924732
all_oos,D1,week,fixed_0.2,trend,up,80,661.781349999985,-409.3120899999893,60.23168499999878,31.25
all_oos,D1,week,fixed_0.2,structure_regime,post_20240613,143,347.5170419580279,-194.165889860136,47.66479510489369,30.76923076923077
all_oos,D1,week,fixed_0.2,structure_regime,pre_20240613,30,-727.9147450000062,-406.0406216666552,-152.86547333333357,33.33333333333333
all_oos,D1,week,fixed_0.2,fold,0,33,-739.2872136363719,-380.92071666665925,-65.62051515151548,36.36363636363637
all_oos,D1,week,fixed_0.2,fold,1,31,922.1881225806285,-594.0332854838672,76.31939354838606,25.806451612903224
all_oos,D1,week,fixed_0.2,fold,2,29,-1507.766941379324,-449.4364741379308,-85.07322931034663,41.37931034482759
all_oos,D1,week,fixed_0.2,fold,3,31,810.7096887096576,303.5946112903137,146.57928709677216,25.806451612903224
all_oos,D1,week,fixed_0.2,fold,4,49,862.436364285706,-108.96531836733047,-0.9623867346949992,28.57142857142857
all_oos,D1,week,fixed_0.5,side,-1,86,735.2578901162724,-878.8490279069724,284.00631569767336,24.418604651162788
all_oos,D1,week,fixed_0.5,side,1,87,-868.1820080459878,-51.98937126435364,-304.6435954023004,22.988505747126435
all_oos,D1,week,fixed_0.5,volatility,high,78,-313.82313525641865,-71.3121391025633,-24.15543269230918,23.076923076923077
all_oos,D1,week,fixed_0.5,volatility,low,95,128.19524631578045,-784.6499457894574,-2.056062105264337,24.210526315789473
all_oos,D1,week,fixed_0.5,session,10to19,4,4158.38646249993,-3183.7082749999463,564.3998374999918,0.0
all_oos,D1,week,fixed_0.5,session,before10,169,-171.2023786982322,-398.63466627218116,-25.663011834320653,24.2603550295858
all_oos,D1,week,fixed_0.5,trend,down,93,-528.146288172051,-335.8555392473082,-88.4990408602164,26.881720430107524
all_oos,D1,week,fixed_0.5,trend,up,80,460.2243581249901,-610.8690818749844,76.88701437499876,20.0
all_oos,D1,week,fixed_0.5,structure_regime,post_20240613,143,69.87553776222845,-471.8073940559353,16.083541608390078,24.475524475524477
all_oos,D1,week,fixed_0.5,structure_regime,pre_20240613,30,-743.0619350000059,-421.1878116666549,-145.97987000000043,20.0
all_oos,D1,week,fixed_0.5,fold,0,33,-783.2382651515209,-424.8717681818082,-77.5942393939397,24.242424242424242
all_oos,D1,week,fixed_0.5,fold,1,31,185.5767887096657,-1330.6446193548297,51.117904838708235,22.58064516129032
all_oos,D1,week,fixed_0.5,fold,2,29,-1273.041356896562,-214.7108896551688,-148.5311827586223,34.48275862068966
all_oos,D1,week,fixed_0.5,fold,3,31,576.5965983870858,69.48152096774191,141.60030967741747,16.129032258064516
all_oos,D1,week,fixed_0.5,fold,4,49,547.7149173469321,-423.6867653061042,-24.197961224491234,22.448979591836736
all_oos,D1,week,price_0.0005,side,-1,86,1598.187707558128,-15.919210465116869,326.7361854651153,33.72093023255814
all_oos,D1,week,price_0.0005,side,1,87,-785.2352551724365,30.95738160919791,-241.87585287356472,35.63218390804598
all_oos,D1,week,price_0.0005,volatility,high,78,-226.43975961539743,16.071236538458006,32.433203205127015,34.61538461538461
all_oos,D1,week,price_0.0005,volatility,low,95,913.5892305262955,0.7440384210572933,47.645504210525054,34.73684210526316
all_oos,D1,week,price_0.0005,session,10to19,4,7342.094737499876,0.0,564.3998374999918,0.0
all_oos,D1,week,price_0.0005,session,before10,169,235.26802781063637,7.83574023668738,28.393570414200113,35.50295857988166
all_oos,D1,week,price_0.0005,trend,down,93,-192.2566983871084,0.0340505376341518,-2.8356462365602577,34.40860215053764
all_oos,D1,week,price_0.0005,trend,up,80,1087.6068574999767,16.51341750000239,91.49784812499857,35.0
all_oos,D1,week,price_0.0005,structure_regime,post_20240613,143,550.9433520978852,9.26042027972145,71.21858706293568,34.26573426573427
all_oos,D1,week,price_0.0005,structure_regime,pre_20240613,30,-321.874123333351,0.0,-104.27150666666724,36.666666666666664
all_oos,D1,week,price_0.0005,fold,0,33,-358.3664969697127,0.0,-12.353272727272985,39.39393939393939
all_oos,D1,week,price_0.0005,fold,1,31,1515.2536661290126,-0.9677419354829908,115.53391290322462,29.03225806451613
all_oos,D1,week,price_0.0005,fold,2,29,-1060.3994327586354,-2.068965517242414,-49.16718965517405,44.827586206896555
all_oos,D1,week,price_0.0005,fold,3,31,519.4530161290174,12.337938709673367,139.51258387096607,29.03225806451613
all_oos,D1,week,price_0.0005,fold,4,49,992.4580908163077,21.056408163271342,20.064854081631154,32.6530612244898
all_oos,D1,week,price_0.001,side,-1,86,1412.3454703488287,-201.76144767441613,326.16542441860366,31.3953488372093
all_oos,D1,week,price_0.001,side,1,87,-935.9802643678348,-119.78762758620086,-256.7714534482775,35.63218390804598
all_oos,D1,week,price_0.001,volatility,high,78,-279.1258929487295,-36.614896794874184,31.25098461538326,32.05128205128205
all_oos,D1,week,price_0.001,volatility,low,95,650.5604957894582,-262.28469631577974,34.45824473684082,34.73684210526316
all_oos,D1,week,price_0.001,session,10to19,4,6578.958674999887,-763.1360624999894,564.3998374999918,0.0
all_oos,D1,week,price_0.001,session,before10,169,81.1573535502844,-146.2749340236645,20.43497455621188,34.319526627218934
all_oos,D1,week,price_0.001,trend,down,93,-281.3152241935582,-89.02447526881564,-16.68064516129148,34.40860215053764
all_oos,D1,week,price_0.001,trend,up,80,827.4217912499817,-243.67164874999258,90.78012562499853,32.5
all_oos,D1,week,price_0.001,structure_regime,post_20240613,143,381.2449391608255,-160.43799265733827,65.06187692307554,32.86713286713287
all_oos,D1,week,price_0.001,structure_regime,pre_20240613,30,-482.8866283333474,-161.0125049999963,-119.75794500000077,36.666666666666664
all_oos,D1,week,price_0.001,fold,0,33,-501.57986515153164,-143.21336818181885,-28.856095454546228,39.39393939393939
all_oos,D1,week,price_0.001,fold,1,31,1212.8475161290137,-303.37389193548177,108.2605919354826,25.806451612903224
all_oos,D1,week,price_0.001,fold,2,29,-1059.7946120689815,-1.4641448275884958,-37.528015517243276,41.37931034482759
all_oos,D1,week,price_0.001,fold,3,31,359.28415161288723,-147.83092580645692,129.44979516128865,29.03225806451613
all_oos,D1,week,price_0.001,fold,4,49,787.3780622448919,-184.0236204081444,7.809217346937643,32.6530612244898
all_oos,D1,week,price_0.002,side,-1,86,1268.3609058139418,-345.74601220930305,316.17401976744065,30.23255813953488
all_oos,D1,week,price_0.002,side,1,87,-1205.1117752873756,-388.9191385057415,-287.7838488505765,34.48275862068966
all_oos,D1,week,price_0.002,volatility,high,78,-234.35016858975584,8.160827564099318,23.28888846153702,30.76923076923077
all_oos,D1,week,price_0.002,volatility,low,95,236.9855431578766,-675.8596489473614,3.549868947366884,33.68421052631579
all_oos,D1,week,price_0.002,session,10to19,4,5960.234549999899,-1381.860187499978,564.3998374999918,0.0
all_oos,D1,week,price_0.002,session,before10,169,-116.0155310651023,-343.44781863905126,-0.6143698224865395,33.13609467455622
all_oos,D1,week,price_0.002,trend,down,93,-376.84870806452545,-184.5579591397828,-28.351096236560455,32.25806451612903
all_oos,D1,week,price_0.002,trend,up,80,491.0155412499771,-580.0778987499972,59.880284999998295,32.5
all_oos,D1,week,price_0.002,structure_regime,post_20240613,143,180.56466818180303,-361.11826363636067,46.3715461538446,32.16783216783217
all_oos,D1,week,price_0.002,structure_regime,pre_20240613,30,-719.5478033333513,-397.67368000000016,-149.24534166666788,33.33333333333333
all_oos,D1,week,price_0.002,fold,0,33,-739.0192969697117,-380.65279999999893,-61.11736515151612,36.36363636363637
all_oos,D1,week,price_0.002,fold,1,31,930.4950612903025,-585.7263467741928,78.11887741935338,25.806451612903224
all_oos,D1,week,price_0.002,fold,2,29,-1455.820013793117,-397.4895465517236,-78.82611379310502,41.37931034482759
all_oos,D1,week,price_0.002,fold,3,31,828.0718354838556,320.95675806451146,159.3612612903208,25.806451612903224
all_oos,D1,week,price_0.002,fold,4,49,333.1664663265158,-638.2352163265206,-18.47516530612418,32.6530612244898
all_oos,D1,week,price_0.005,side,-1,86,771.5233825581316,-842.5835354651132,295.18601395348736,25.581395348837212
all_oos,D1,week,price_0.005,side,1,87,-951.7297155172524,-135.53707873561805,-317.33120344827734,26.436781609195403
all_oos,D1,week,price_0.005,volatility,high,78,-553.7399173077006,-311.2289211538453,-45.227701282052514,28.205128205128204
all_oos,D1,week,price_0.005,volatility,low,95,281.4972547368318,-631.3479373684063,13.746770526314517,24.210526315789473
all_oos,D1,week,price_0.005,session,10to19,4,4678.171562499924,-2663.9231749999517,564.3998374999918,0.0
all_oos,D1,week,price_0.005,session,before10,169,-208.0601218934989,-435.49240946744794,-26.50542514793009,26.627218934911244
all_oos,D1,week,price_0.005,trend,down,93,-621.7707650537699,-429.48001612902755,-93.72051236559251,30.107526881720432
all_oos,D1,week,price_0.005,trend,up,80,517.1900849999874,-553.903354999987,81.17737687499853,21.25
all_oos,D1,week,price_0.005,structure_regime,post_20240613,143,15.082012237753322,-526.6009195804104,13.586366083914797,27.27272727272727
all_oos,D1,week,price_0.005,structure_regime,pre_20240613,30,-620.2067366666789,-298.3326133333278,-138.8222616666678,20.0
all_oos,D1,week,price_0.005,fold,0,33,-676.1628424242546,-317.7963454545419,-67.75398939394037,24.242424242424242
all_oos,D1,week,price_0.005,fold,1,31,400.6962225806322,-1115.5251854838634,60.29499354838576,22.58064516129032
all_oos,D1,week,price_0.005,fold,2,29,-1792.9070206896617,-734.5765534482682,-201.5663896551736,41.37931034482759
all_oos,D1,week,price_0.005,fold,3,31,516.0052532257954,8.89017580645149,139.9046322580627,19.35483870967742
all_oos,D1,week,price_0.005,fold,4,49,600.8256591836674,-370.57602346936915,-7.075488775511412,24.489795918367346
all_oos,D1,week,q_0.5,side,-1,86,1826.675865697668,212.568947674423,339.9177395348826,34.883720930232556
all_oos,D1,week,q_0.5,side,1,87,-679.9049896551962,136.2876471264379,-223.94180114942677,35.63218390804598
all_oos,D1,week,q_0.5,volatility,high,78,-82.43096474360536,160.0800314102499,47.62431538461378,34.61538461538461
all_oos,D1,week,q_0.5,volatility,low,95,1098.652690526301,185.807498421063,63.52939263157791,35.78947368421053
all_oos,D1,week,q_0.5,session,10to19,4,7639.769987499867,297.67524999999114,564.3998374999918,0.0
all_oos,D1,week,q_0.5,session,before10,169,398.717813017739,171.28552544379,44.33366597633024,36.09467455621302
all_oos,D1,week,q_0.5,trend,down,93,-31.89994301076548,160.39080591397715,13.622281182794366,34.40860215053764
all_oos,D1,week,q_0.5,trend,up,80,1261.3635631249822,190.2701231250075,106.03895937499874,36.25
all_oos,D1,week,q_0.5,structure_regime,post_20240613,143,717.0744716783047,175.39153986014088,85.88433391608243,34.96503496503497
all_oos,D1,week,q_0.5,structure_regime,pre_20240613,30,-153.30863666667344,168.56548666667751,-84.38236166666684,36.666666666666664
all_oos,D1,week,q_0.5,fold,0,33,-253.5744575757658,104.79203939394714,8.758071212121154,39.39393939393939
all_oos,D1,week,q_0.5,fold,1,31,1750.8568499999765,234.63544193548137,130.26788870967607,29.03225806451613
all_oos,D1,week,q_0.5,fold,2,29,-903.0587620689832,155.27170517241004,-26.546465517243128,44.827586206896555
all_oos,D1,week,q_0.5,fold,3,31,527.1210209677236,20.00594354837945,145.6783370967724,32.25806451612903
all_oos,D1,week,q_0.5,fold,4,49,1262.892603061213,291.4909204081764,34.21402142856989,32.6530612244898
all_oos,D1,week,q_0.75,side,-1,86,905.0120412790642,-709.0948767441805,314.7118732558132,27.906976744186046
all_oos,D1,week,q_0.75,side,1,87,-815.0194959770224,1.1731408046116798,-293.8208885057483,29.88505747126437
all_oos,D1,week,q_0.75,volatility,high,78,-297.7391429487248,-55.228146794869595,21.74686410256307,25.64102564102564
all_oos,D1,week,q_0.75,volatility,low,95,317.3472899999904,-595.4979021052472,-2.0363326315798616,31.57894736842105
all_oos,D1,week,q_0.75,session,10to19,4,5441.307624999914,-1900.7871124999633,564.3998374999918,0.0
all_oos,D1,week,q_0.75,session,before10,169,-87.81592366864551,-315.24821124259444,-4.466245857988977,29.585798816568047
all_oos,D1,week,q_0.75,trend,down,93,-245.98916827957427,-53.69841935483172,-47.966253763441635,29.03225806451613
all_oos,D1,week,q_0.75,trend,up,80,372.51665062498705,-698.5767893749871,74.54581749999878,28.749999999999996
all_oos,D1,week,q_0.75,structure_regime,post_20240613,143,214.62432097901316,-327.05861083915056,41.35887027971921,27.972027972027973
all_oos,D1,week,q_0.75,structure_regime,pre_20240613,30,-792.2312833333442,-470.35715999999314,-147.05048833333385,33.33333333333333
all_oos,D1,week,q_0.75,fold,0,33,-801.696187878799,-443.32969090908625,-62.15234696969753,36.36363636363637
all_oos,D1,week,q_0.75,fold,1,31,633.5992177419213,-882.6221903225743,117.17119193548257,22.58064516129032
all_oos,D1,week,q_0.75,fold,2,29,-1166.4340844827652,-108.10361724137248,-109.22628103448385,37.93103448275862
all_oos,D1,week,q_0.75,fold,3,31,702.643099999993,195.52802258064924,138.9727709677408,22.58064516129032
all_oos,D1,week,q_0.75,fold,4,49,526.1916367346896,-445.2100459183469,-24.878968367347802,26.53061224489796
all_oos,D1,week,q_0.9,side,-1,86,805.8730215116248,-808.2338965116201,417.2273441860454,6.976744186046512
all_oos,D1,week,q_0.9,side,1,87,-906.7985132183982,-90.605876436764,-433.52435287356514,10.344827586206897
all_oos,D1,week,q_0.9,volatility,high,78,-226.7384448718004,15.772551282054897,-35.63591217948898,7.6923076923076925
all_oos,D1,week,q_0.9,volatility,low,95,85.25481999999461,-827.5903721052432,9.94246368420936,9.473684210526317
all_oos,D1,week,q_0.9,session,10to19,4,2610.457062499964,-4731.637674999913,564.3998374999918,0.0
all_oos,D1,week,q_0.9,session,before10,169,-118.5101718934958,-345.9424594674447,-24.216961242604857,8.875739644970414
all_oos,D1,week,q_0.9,trend,down,93,-329.566955913984,-137.27620698924127,-98.32529784946402,9.67741935483871
all_oos,D1,week,q_0.9,trend,up,80,263.2917012499946,-807.8017387499797,91.3648199999988,7.5
all_oos,D1,week,q_0.9,structure_regime,post_20240613,143,25.33540139859546,-516.3475304195682,17.38781398601236,8.391608391608392
all_oos,D1,week,q_0.9,structure_regime,pre_20240613,30,-440.3117733333363,-118.43764999998524,-144.05081666666723,10.0
all_oos,D1,week,q_0.9,fold,0,33,-221.2305424242458,137.1359545454671,-71.78488939394,12.121212121212121
all_oos,D1,week,q_0.9,fold,1,31,337.7113790322526,-1178.510029032243,111.11422741935347,6.451612903225806
all_oos,D1,week,q_0.9,fold,2,29,-972.9232620689725,85.40720517242075,-216.875303448278,6.896551724137931
all_oos,D1,week,q_0.9,fold,3,31,330.9019645161232,-176.21311290322106,139.13424032257916,9.67741935483871
all_oos,D1,week,q_0.9,fold,4,49,106.16281734693352,-865.2388653061029,-19.07111122449151,8.16326530612245
all_oos,D1,week,selected_atrD,side,-1,86,1317.8459139534832,-296.26100406976184,321.4067383720923,32.55813953488372
all_oos,D1,week,selected_atrD,side,1,87,-999.3031977011699,-183.11056091953566,-252.45453333333478,34.48275862068966
all_oos,D1,week,selected_atrD,volatility,high,78,-309.92679038462694,-67.41579423077164,48.20226217948602,32.05128205128205
all_oos,D1,week,selected_atrD,volatility,low,95,532.3122110526173,-380.53298105262036,20.18588052631481,34.73684210526316
all_oos,D1,week,selected_atrD,session,10to19,4,6976.873137499895,-365.22159999998064,564.3998374999918,0.0
all_oos,D1,week,selected_atrD,session,before10,169,-8.947468343205918,-236.37975591715505,20.235714497040565,34.319526627218934
all_oos,D1,week,selected_atrD,trend,down,93,-405.5403838709782,-213.24963494623566,-13.723108602151564,33.33333333333333
all_oos,D1,week,selected_atrD,trend,up,80,801.3828262499844,-269.7106137499901,86.92105249999891,33.75
all_oos,D1,week,selected_atrD,structure_regime,post_20240613,143,362.53572902096516,-179.1472027971985,72.06471538461422,33.56643356643357
all_oos,D1,week,selected_atrD,structure_regime,pre_20240613,30,-848.241295000009,-526.367171666658,-154.26064000000042,33.33333333333333
all_oos,D1,week,selected_atrD,fold,0,33,-871.0992287878877,-512.732731818175,-70.82824242424276,36.36363636363637
all_oos,D1,week,selected_atrD,fold,1,31,701.5186451612788,-814.7027629032165,126.48160322580534,22.58064516129032
all_oos,D1,week,selected_atrD,fold,2,29,-1091.0789775862197,-32.74851034482652,-44.97214310344924,44.827586206896555
all_oos,D1,week,selected_atrD,fold,3,31,402.3924548386948,-104.72262258064913,136.258467741934,32.25806451612903
all_oos,D1,week,selected_atrD,fold,4,49,1072.6875755101883,101.2858928571522,23.959531632651807,32.6530612244898
all_oos,D1,week,selected_atrH,side,-1,86,1405.2136505813855,-208.89326744185917,339.7920668604642,31.3953488372093
all_oos,D1,week,selected_atrH,side,1,87,-943.5790155172602,-127.38637873562598,-255.19425747126556,34.48275862068966
all_oos,D1,week,selected_atrH,volatility,high,78,-303.8466955128298,-61.33569935897479,47.91645705128097,32.05128205128205
all_oos,D1,week,selected_atrH,volatility,low,95,657.4425457894555,-255.40264631578228,34.55509157894634,33.68421052631579
all_oos,D1,week,selected_atrH,session,10to19,4,7098.3276124998865,-243.7671249999903,564.3998374999918,0.0
all_oos,D1,week,selected_atrH,session,before10,169,61.323604437858016,-166.10868313609106,28.1811715976323,33.72781065088758
all_oos,D1,week,selected_atrH,trend,down,93,-387.53555483871963,-195.244805913977,-14.645837096775242,33.33333333333333
all_oos,D1,week,selected_atrH,trend,up,80,934.9725774999806,-136.1208624999937,104.77850249999895,32.5
all_oos,D1,week,selected_atrH,structure_regime,post_20240613,143,435.2653643356492,-106.41756748251433,80.6026195804184,32.86713286713287
all_oos,D1,week,selected_atrH,structure_regime,pre_20240613,30,-782.8649166666779,-460.99079333332674,-150.1985750000003,33.33333333333333
all_oos,D1,week,selected_atrH,fold,0,33,-822.7157636363756,-464.34926666666274,-72.64154696969736,36.36363636363637
all_oos,D1,week,selected_atrH,fold,1,31,948.3952451612803,-567.8261629032152,166.82348709677348,19.35483870967742
all_oos,D1,week,selected_atrH,fold,2,29,-1076.5194000000085,-18.188932758615543,-42.183587931035554,44.827586206896555
all_oos,D1,week,selected_atrH,fold,3,31,441.74879354837,-65.36628387097402,137.5487903225789,32.25806451612903
all_oos,D1,week,selected_atrH,fold,4,49,1102.6779020407964,131.27621938775994,24.59534387754978,32.6530612244898
all_oos,D1,week,selected_combo,side,-1,28,1687.7525107142758,-86.84959464285417,384.82129821428555,25.0
all_oos,D1,week,selected_combo,side,1,24,1872.8379229166355,-645.4440645833255,185.2856062499975,20.833333333333336
all_oos,D1,week,selected_combo,volatility,high,27,3421.015201851842,-183.59568518518668,596.2850759259252,11.11111111111111
all_oos,D1,week,selected_combo,volatility,low,25,-6.489200000030614,-518.6145079999874,-35.113846000001764,36.0
all_oos,D1,week,selected_combo,session,10to19,4,6899.59138749989,-442.5033499999877,564.3998374999918,0.0
all_oos,D1,week,selected_combo,session,before10,48,1345.9753104166548,-336.50901666666203,270.0885739583327,25.0
all_oos,D1,week,selected_combo,trend,down,20,2684.867197499977,-726.9500399999962,248.05354249999854,20.0
all_oos,D1,week,selected_combo,trend,up,32,1203.3698906249822,-105.73266874999382,320.6493765624989,25.0
all_oos,D1,week,selected_combo,structure_regime,post_20240613,52,1773.176547115365,-344.66242692307173,292.7279019230756,23.076923076923077
all_oos,D1,week,selected_combo,fold,0,3,-1221.2242333333543,-497.9340000000232,702.9287333333318,66.66666666666666
all_oos,D1,week,selected_combo,fold,1,31,948.3952451612803,-567.8261629032152,166.82348709677348,19.35483870967742
all_oos,D1,week,selected_combo,fold,2,2,5235.44382500002,1004.2295500000027,402.6209250000037,0.0
all_oos,D1,week,selected_combo,fold,4,16,3499.857056249957,-52.15576562499945,446.0184218749971,25.0
all_oos,D1,week,selected_fixed,side,-1,86,1468.7780546511544,-145.32886337209047,310.8372697674407,30.23255813953488
all_oos,D1,week,selected_fixed,side,1,87,-1084.7713781609364,-268.5787413793026,-256.1527821839096,32.18390804597701
all_oos,D1,week,selected_fixed,volatility,high,78,-295.44430897437286,-52.93331282051788,22.825789102562517,33.33333333333333
all_oos,D1,week,selected_fixed,volatility,low,95,578.7837778947253,-334.0614142105127,28.066332631577787,29.47368421052631
all_oos,D1,week,selected_fixed,session,10to19,4,6633.308812499901,-708.7859249999742,564.3998374999918,0.0
all_oos,D1,week,selected_fixed,session,before10,169,31.991523964486277,-195.44076360946275,12.953336094673352,31.952662721893493
all_oos,D1,week,selected_fixed,trend,down,93,-405.9928059139882,-213.70205698924556,-15.502213978495972,33.33333333333333
all_oos,D1,week,selected_fixed,trend,up,80,871.2141718749838,-199.87926812499072,73.60523812499865,28.749999999999996
all_oos,D1,week,selected_fixed,structure_regime,post_20240613,143,379.24238356641933,-162.44054825174442,61.721043706292164,33.56643356643357
all_oos,D1,week,selected_fixed,structure_regime,pre_20240613,30,-743.0619350000059,-421.1878116666549,-145.97987000000043,20.0
all_oos,D1,week,selected_fixed,fold,0,33,-783.2382651515209,-424.8717681818082,-77.5942393939397,24.242424242424242
all_oos,D1,week,selected_fixed,fold,1,31,185.5767887096657,-1330.6446193548297,51.117904838708235,22.58064516129032
all_oos,D1,week,selected_fixed,fold,2,29,-903.0587620689832,155.27170517241004,-26.546465517243128,44.827586206896555
all_oos,D1,week,selected_fixed,fold,3,31,527.1210209677236,20.00594354837945,145.6783370967724,32.25806451612903
all_oos,D1,week,selected_fixed,fold,4,49,1262.892603061213,291.4909204081764,34.21402142856989,32.6530612244898
all_oos,D1,week,selected_price,side,-1,86,1472.4732162790576,-141.63370174418736,322.4904034883709,30.23255813953488
all_oos,D1,week,selected_price,side,1,87,-889.2631149425487,-73.07047816091453,-261.28458103448435,32.18390804597701
all_oos,D1,week,selected_price,volatility,high,78,-231.18696666668154,11.32402948717364,27.029644871793362,33.33333333333333
all_oos,D1,week,selected_price,volatility,low,95,708.4146210526145,-204.43057105262338,30.46425105263028,29.47368421052631
all_oos,D1,week,selected_price,session,10to19,4,7120.843062499882,-221.25167499999384,564.3998374999918,0.0
all_oos,D1,week,selected_price,session,before10,169,122.97889556211635,-104.45339201183256,16.241519526625968,31.952662721893493
all_oos,D1,week,selected_price,trend,down,93,-290.13639086022727,-97.84564193548455,-16.850554301076535,33.33333333333333
all_oos,D1,week,selected_price,trend,up,80,953.1186243749795,-117.97481562499516,82.1189712499984,28.749999999999996
all_oos,D1,week,selected_price,structure_regime,post_20240613,143,474.6364174825005,-67.04651433566323,64.10548251748106,33.56643356643357
all_oos,D1,week,selected_price,structure_regime,pre_20240613,30,-620.2067366666789,-298.3326133333278,-138.8222616666678,20.0
all_oos,D1,week,selected_price,fold,0,33,-676.1628424242546,-317.7963454545419,-67.75398939394037,24.242424242424242
all_oos,D1,week,selected_price,fold,1,31,1212.8475161290137,-303.37389193548177,108.2605919354826,25.806451612903224
all_oos,D1,week,selected_price,fold,2,29,-1060.3994327586354,-2.068965517242414,-49.16718965517405,44.827586206896555
all_oos,D1,week,selected_price,fold,3,31,519.4530161290174,12.337938709673367,139.51258387096607,29.03225806451613
all_oos,D1,week,selected_price,fold,4,49,992.4580908163077,21.056408163271342,20.064854081631154,32.6530612244898
all_oos,D1,week,selected_q,side,-1,86,1220.3533697674372,-393.75354825580763,406.27665232558036,18.6046511627907
all_oos,D1,week,selected_q,side,1,87,-595.1060959770257,221.08654080460863,-390.3565597701168,20.689655172413794
all_oos,D1,week,selected_q,volatility,high,78,-236.55760512821544,5.953391025639996,-27.492226923078785,17.94871794871795
all_oos,D1,week,selected_q,volatility,low,95,753.9752910526225,-158.8699010526151,32.87542210526198,21.052631578947366
all_oos,D1,week,selected_q,session,10to19,4,6169.148187499926,-1172.9465499999492,564.3998374999918,0.0
all_oos,D1,week,selected_q,session,before10,169,168.63648934910458,-58.79579822484444,-7.567029289942119,20.118343195266274
all_oos,D1,week,selected_q,trend,down,93,-286.71529301075856,-94.42454408601584,-83.27343440860398,19.35483870967742
all_oos,D1,week,selected_q,trend,up,80,998.0085212499865,-73.08491874998799,109.04000999999892,20.0
all_oos,D1,week,selected_q,structure_regime,post_20240613,143,464.23435419579334,-77.44857762237031,37.065006293704656,21.678321678321677
all_oos,D1,week,selected_q,structure_regime,pre_20240613,30,-440.3117733333363,-118.43764999998524,-144.05081666666723,10.0
all_oos,D1,week,selected_q,fold,0,33,-221.2305424242458,137.1359545454671,-71.78488939394,12.121212121212121
all_oos,D1,week,selected_q,fold,1,31,337.7113790322526,-1178.510029032243,111.11422741935347,6.451612903225806
all_oos,D1,week,selected_q,fold,2,29,-972.9232620689725,85.40720517242075,-216.875303448278,6.896551724137931
all_oos,D1,week,selected_q,fold,3,31,527.1210209677236,20.00594354837945,145.6783370967724,32.25806451612903
all_oos,D1,week,selected_q,fold,4,49,1262.892603061213,291.4909204081764,34.21402142856989,32.6530612244898
all_oos,H1,four_weeks,atrD_0.025,side,-1,844,447.2004235782013,117.84492292654473,92.09860195497617,59.95260663507109
all_oos,H1,four_weeks,atrD_0.025,side,1,900,-1763.6849247222221,116.04600105554535,-47.26248738888891,60.77777777777777
all_oos,H1,four_weeks,atrD_0.025,volatility,high,842,-677.4144763064107,88.8640857482121,33.93481650831363,60.688836104513065
all_oos,H1,four_weeks,atrD_0.025,volatility,low,902,-708.9759264966737,143.1030550997782,7.341314745010872,60.08869179600887
all_oos,H1,four_weeks,atrD_0.025,session,10to19,1238,-88.54560080775265,158.462653311793,48.697826898222885,59.20840064620355
all_oos,H1,four_weeks,atrD_0.025,session,after19,493,-2227.387810446247,7.08672454360081,-53.293820689655234,63.28600405679513
all_oos,H1,four_weeks,atrD_0.025,session,before10,13,-165.97156923080436,325.5381461538191,90.84040769230705,61.53846153846154
all_oos,H1,four_weeks,atrD_0.025,trend,down,927,-883.4059882416394,114.46247286946844,7.948839644012908,61.38079827400216
all_oos,H1,four_weeks,atrD_0.025,trend,up,817,-478.5335662790673,119.70110593634918,34.05924975520186,59.241126070991434
all_oos,H1,four_weeks,atrD_0.025,structure_regime,post_20240613,1472,-570.3020909307047,135.50764211956172,33.7425858695652,60.122282608695656
all_oos,H1,four_weeks,atrD_0.025,structure_regime,pre_20240613,272,-1361.7448415441193,16.30612757352842,-53.21362132352968,61.76470588235294
all_oos,H1,four_weeks,atrD_0.025,fold,0,272,-1361.7448415441193,16.30612757352842,-53.21362132352968,61.76470588235294
all_oos,H1,four_weeks,atrD_0.025,fold,1,243,897.3971798353936,246.2138179012311,147.23398909465038,54.73251028806584
all_oos,H1,four_weeks,atrD_0.025,fold,2,302,-185.65015430464027,42.1131884105971,83.15304139072828,60.59602649006622
all_oos,H1,four_weeks,atrD_0.025,fold,3,328,-1123.6164957316987,156.0822402439072,-2.5449519817072552,61.58536585365854
all_oos,H1,four_weeks,atrD_0.025,fold,4,599,-1056.6604930717854,126.41758555925506,-17.339310851419118,61.26878130217028
all_oos,H1,four_weeks,atrD_0.05,side,-1,844,543.8346868483416,214.4791861966848,93.53023068720361,57.81990521327014
all_oos,H1,four_weeks,atrD_0.05,side,1,900,-1724.5720299444436,155.15889583332395,-56.409973999999934,58.77777777777777
all_oos,H1,four_weeks,atrD_0.05,volatility,high,842,-455.9117195368146,310.3668425178086,33.32305071258923,57.71971496437055
all_oos,H1,four_weeks,atrD_0.05,volatility,low,902,-786.297875166298,65.78110643015383,0.12475543237224075,58.86917960088692
all_oos,H1,four_weeks,atrD_0.05,session,10to19,1238,-207.01987972536682,39.9883743941788,39.78765557350547,57.996768982229405
all_oos,H1,four_weeks,atrD_0.05,session,after19,493,-1684.5897023326454,549.8848326572019,-44.71482728194701,59.02636916835699
all_oos,H1,four_weeks,atrD_0.05,session,before10,13,-486.53976153848885,4.969953846134208,73.67925769230675,61.53846153846154
all_oos,H1,four_weeks,atrD_0.05,trend,down,927,-770.6995798274021,227.16888128370582,4.758273408845632,59.00755124056095
all_oos,H1,four_weeks,atrD_0.05,trend,up,817,-463.5004170746598,134.73425514075672,29.081540575275376,57.52753977968176
all_oos,H1,four_weeks,atrD_0.05,structure_regime,post_20240613,1472,-501.7365970108691,204.07313603939727,29.951646535326073,58.08423913043478
all_oos,H1,four_weeks,atrD_0.05,structure_regime,pre_20240613,272,-1303.5370604779391,74.51390863970857,-58.52310882352972,59.55882352941176
all_oos,H1,four_weeks,atrD_0.05,fold,0,272,-1303.5370604779391,74.51390863970857,-58.52310882352972,59.55882352941176
all_oos,H1,four_weeks,atrD_0.05,fold,1,243,791.1316170782007,139.94825514403837,139.3016248971199,53.49794238683128
all_oos,H1,four_weeks,atrD_0.05,fold,2,302,-19.657159933779987,208.1061827814572,82.48459586092707,57.94701986754966
all_oos,H1,four_weeks,atrD_0.05,fold,3,328,-1201.6560907012192,78.04264527438694,-9.935479115853806,60.36585365853659
all_oos,H1,four_weeks,atrD_0.05,fold,4,599,-886.0126772954936,297.0654013355468,-19.053392237061924,58.764607679465776
all_oos,H1,four_weeks,atrD_0.1,side,-1,844,768.2742486374416,438.91874798578493,108.76723252369646,53.55450236966824
all_oos,H1,four_weeks,atrD_0.1,side,1,900,-1555.9165722777761,323.8143534999911,-65.38068816666666,54.77777777777778
all_oos,H1,four_weeks,atrD_0.1,volatility,high,842,-169.02431852731647,597.2542435273067,44.26123818289779,52.96912114014252
all_oos,H1,four_weeks,atrD_0.1,volatility,low,902,-675.8126086474471,176.2663729490048,-4.779420898004583,55.32150776053215
all_oos,H1,four_weeks,atrD_0.1,session,10to19,1238,-43.460350484651904,203.54790363489357,46.37827714054914,54.20032310177706
all_oos,H1,four_weeks,atrD_0.1,session,after19,493,-1424.8377444219025,809.6367905679449,-51.72258772819472,54.15821501014199
all_oos,H1,four_weeks,atrD_0.1,session,before10,13,334.4209769230229,825.9306923076464,79.98873461538352,53.84615384615385
all_oos,H1,four_weeks,atrD_0.1,trend,down,927,-379.2996692556665,618.5687918554413,16.259820118662105,53.82955771305286
all_oos,H1,four_weeks,atrD_0.1,trend,up,817,-489.9518430844491,108.28282913096743,21.889928580171404,54.589963280293766
all_oos,H1,four_weeks,atrD_0.1,structure_regime,post_20240613,1472,-305.00855224184767,400.8011808084187,32.91300156249987,53.872282608695656
all_oos,H1,four_weeks,atrD_0.1,structure_regime,pre_20240613,272,-1113.7090452205812,264.3419238970664,-56.952255147058835,55.88235294117647
all_oos,H1,four_weeks,atrD_0.1,fold,0,272,-1113.7090452205812,264.3419238970664,-56.952255147058835,55.88235294117647
all_oos,H1,four_weeks,atrD_0.1,fold,1,243,412.3932255144077,-238.7901364197546,112.77757345679046,51.85185185185185
all_oos,H1,four_weeks,atrD_0.1,fold,2,302,167.92064983442555,395.6839925496628,89.02193360927092,53.64238410596026
all_oos,H1,four_weeks,atrD_0.1,fold,3,328,-1087.2900945121935,192.40864146341252,-9.949435823170885,56.70731707317073
all_oos,H1,four_weeks,atrD_0.1,fold,4,599,-406.1185775459063,776.959501085134,-4.304208764607722,53.255425709515855
all_oos,H1,four_weeks,atrD_0.25,side,-1,844,676.9373707938398,347.5818701421832,121.32915248815164,46.208530805687204
all_oos,H1,four_weeks,atrD_0.25,side,1,900,-1338.1078880000002,541.6230377777671,-91.51945855555549,47.11111111111111
all_oos,H1,four_weeks,atrD_0.25,volatility,high,842,25.333062648457716,791.6116247030808,49.95732220902629,44.29928741092636
all_oos,H1,four_weeks,atrD_0.25,volatility,low,902,-725.3795975609765,126.69938403547559,-24.423251995565515,48.891352549889135
all_oos,H1,four_weeks,atrD_0.25,session,10to19,1238,-114.52002281906468,132.4882313004809,37.718410581583065,47.576736672051695
all_oos,H1,four_weeks,atrD_0.25,session,after19,493,-996.5268846855932,1237.9476503042542,-54.845660040567566,44.42190669371197
all_oos,H1,four_weeks,atrD_0.25,session,before10,13,7.8141653846332,499.32388076925685,29.062315384616507,46.15384615384615
all_oos,H1,four_weeks,atrD_0.25,trend,down,927,-261.29481860841844,736.5736425026894,9.69756218985957,45.63106796116505
all_oos,H1,four_weeks,atrD_0.25,trend,up,817,-478.26396744185473,119.97070477356161,13.518545716034552,47.858017135862916
all_oos,H1,four_weeks,atrD_0.25,structure_regime,post_20240613,1472,-245.46533406929322,460.34439898097315,26.87378485054352,46.33152173913043
all_oos,H1,four_weeks,atrD_0.25,structure_regime,pre_20240613,272,-998.6653915441163,379.3855775735313,-71.77911507352945,48.529411764705884
all_oos,H1,four_weeks,atrD_0.25,fold,0,272,-998.6653915441163,379.3855775735313,-71.77911507352945,48.529411764705884
all_oos,H1,four_weeks,atrD_0.25,fold,1,243,279.92496851852275,-371.25839341563983,91.38595802469183,45.67901234567901
all_oos,H1,four_weeks,atrD_0.25,fold,2,302,580.4954182119164,808.2587609271536,132.39704089403943,43.377483443708606
all_oos,H1,four_weeks,atrD_0.25,fold,3,328,-760.1208631097574,519.5778728658486,-15.794732469512265,48.47560975609756
all_oos,H1,four_weeks,atrD_0.25,fold,4,599,-593.2165480801319,589.8615305509085,-29.134909181969867,46.91151919866444
all_oos,H1,four_weeks,atrH_0.1,side,-1,844,465.5060020142193,136.1505013625626,92.74809354265389,59.95260663507109
all_oos,H1,four_weeks,atrH_0.1,side,1,900,-1802.3694851111059,77.3614406666615,-48.57142155555546,61.0
all_oos,H1,four_weeks,atrH_0.1,volatility,high,842,-675.6662512470228,90.6123108076001,33.43970184085532,60.92636579572447
all_oos,H1,four_weeks,atrH_0.1,volatility,low,902,-732.0781456208437,120.00083597560855,7.105191352549659,60.08869179600887
all_oos,H1,four_weeks,atrH_0.1,session,10to19,1238,-161.591600484653,85.41665363489258,46.85284648626804,59.531502423263326
all_oos,H1,four_weeks,atrH_0.1,session,after19,493,-2082.7180867139814,151.7564482758658,-50.039833062880035,62.88032454361054
all_oos,H1,four_weeks,atrH_0.1,session,before10,13,-185.7732884615998,305.7364269230238,94.68656153846067,61.53846153846154
all_oos,H1,four_weeks,atrH_0.1,trend,down,927,-881.1897604638593,116.6787006472484,8.554901132686082,61.48867313915858
all_oos,H1,four_weeks,atrH_0.1,trend,up,817,-504.7522190330434,93.4824531823732,32.6006342717258,59.36352509179926
all_oos,H1,four_weeks,atrH_0.1,structure_regime,post_20240613,1472,-593.6101897418432,112.19954330842317,33.2037950407609,60.32608695652174
all_oos,H1,four_weeks,atrH_0.1,structure_regime,pre_20240613,272,-1306.8061455882387,71.24482352940902,-52.61351011029437,61.39705882352941
all_oos,H1,four_weeks,atrH_0.1,fold,0,272,-1306.8061455882387,71.24482352940902,-52.61351011029437,61.39705882352941
all_oos,H1,four_weeks,atrH_0.1,fold,1,243,855.1252242798436,203.941862345681,145.77638703703738,54.73251028806584
all_oos,H1,four_weeks,atrH_0.1,fold,2,302,-371.51991490066814,-143.75657218543074,76.74914768211903,61.58940397350994
all_oos,H1,four_weeks,atrH_0.1,fold,3,328,-1054.2913801829154,225.4073557926905,1.0272251524390923,61.28048780487805
all_oos,H1,four_weeks,atrH_0.1,fold,4,599,-1041.0401365609303,142.03794207011026,-16.79941268781304,61.43572621035058
all_oos,H1,four_weeks,atrH_0.25,side,-1,844,489.4658776066322,160.11037695497572,95.15686629146887,57.345971563981045
all_oos,H1,four_weeks,atrH_0.25,side,1,900,-1657.5155656111065,222.21536016666073,-54.645554111111,57.77777777777777
all_oos,H1,four_weeks,atrH_0.25,volatility,high,842,-385.1208979216083,381.15766413301475,40.99447624703101,56.888361045130644
all_oos,H1,four_weeks,atrH_0.25,volatility,low,902,-836.3448029933525,15.734178603099567,-3.753827660754178,58.2039911308204
all_oos,H1,four_weeks,atrH_0.25,session,10to19,1238,-177.5861048869162,69.42214923262942,43.46960698707573,57.10823909531503
all_oos,H1,four_weeks,atrH_0.25,session,after19,493,-1725.9556181541507,508.518916835697,-47.99549624746435,58.620689655172406
all_oos,H1,four_weeks,atrH_0.25,session,before10,13,-608.237749999984,-116.72803461536051,75.2155884615394,61.53846153846154
all_oos,H1,four_weeks,atrH_0.25,trend,down,927,-760.4918939590085,237.37656715209943,6.081284466019275,58.36030204962243
all_oos,H1,four_weeks,atrH_0.25,trend,up,817,-457.37921988983754,140.8554523255789,31.204462362301072,56.670746634026926
all_oos,H1,four_weeks,atrH_0.25,structure_regime,post_20240613,1472,-494.75151402853163,211.05821902173477,32.07546637228254,57.33695652173913
all_oos,H1,four_weeks,atrH_0.25,structure_regime,pre_20240613,272,-1288.163895955881,89.88707316176665,-59.13121341911781,58.82352941176471
all_oos,H1,four_weeks,atrH_0.25,fold,0,272,-1288.163895955881,89.88707316176665,-59.13121341911781,58.82352941176471
all_oos,H1,four_weeks,atrH_0.25,fold,1,243,635.9826796296373,-15.20068230452513,132.80379362139962,52.674897119341566
all_oos,H1,four_weeks,atrH_0.25,fold,2,302,-40.59924635762938,187.16409635760775,85.47128708609212,57.284768211920536
all_oos,H1,four_weeks,atrH_0.25,fold,3,328,-1198.0341076219584,81.66462835364763,-8.2408567073174,59.756097560975604
all_oos,H1,four_weeks,atrH_0.25,fold,4,599,-797.3319868113422,385.7460918196983,-13.631991736226931,57.92988313856428
all_oos,H1,four_weeks,atrH_0.5,side,-1,844,769.3837520734609,440.0282514218043,116.43539395734582,52.25118483412322
all_oos,H1,four_weeks,atrH_0.5,side,1,900,-1490.9124650555534,388.8184607222139,-69.45721255555554,53.22222222222223
all_oos,H1,four_weeks,atrH_0.5,volatility,high,842,-82.41000184085038,683.8685602137724,52.543619358669936,51.66270783847982
all_oos,H1,four_weeks,atrH_0.5,volatility,low,902,-690.767306263859,161.31167533259304,-9.403266407982526,53.769401330376944
all_oos,H1,four_weeks,atrH_0.5,session,10to19,1238,-124.23246474151918,122.7757893780264,41.88413974151838,53.23101777059773
all_oos,H1,four_weeks,atrH_0.5,session,after19,493,-1094.8171397565848,1139.6573952332626,-34.91023509127771,51.52129817444219
all_oos,H1,four_weeks,atrH_0.5,session,before10,13,83.33149615385767,574.8412115384805,86.01246923077021,53.84615384615385
all_oos,H1,four_weeks,atrH_0.5,trend,down,927,-317.94566720603865,679.9227939050694,21.83802233009702,52.53505933117584
all_oos,H1,four_weeks,atrH_0.5,trend,up,817,-486.8123602203172,111.42231199509929,18.991596695226352,52.998776009791925
all_oos,H1,four_weeks,atrH_0.5,structure_regime,post_20240613,1472,-305.0839858695649,400.7257471807015,34.759080027173844,52.71739130434783
all_oos,H1,four_weeks,atrH_0.5,structure_regime,pre_20240613,272,-894.7709727941079,483.2799963235398,-56.63744338235307,52.94117647058824
all_oos,H1,four_weeks,atrH_0.5,fold,0,272,-894.7709727941079,483.2799963235398,-56.63744338235307,52.94117647058824
all_oos,H1,four_weeks,atrH_0.5,fold,1,243,337.68315967078127,-313.50020226338114,108.2463697530865,49.794238683127574
all_oos,H1,four_weeks,atrH_0.5,fold,2,302,194.9221254966804,422.6854682119178,104.50421109271483,52.317880794701985
all_oos,H1,four_weeks,atrH_0.5,fold,3,328,-867.3095978658587,412.3891381097474,-0.5993903963416382,54.57317073170732
all_oos,H1,four_weeks,atrH_0.5,fold,4,599,-510.0660580968203,673.01202053422,-10.855047996661002,53.08848080133556
all_oos,H1,four_weeks,atrH_1,side,-1,844,648.0770091232215,318.721508471565,117.28882499999986,46.682464454976305
all_oos,H1,four_weeks,atrH_1,side,1,900,-1461.5196916111083,418.21123416665904,-97.05825311111096,47.77777777777778
all_oos,H1,four_weeks,atrH_1,volatility,high,842,-147.26770783848045,619.0108542161427,41.51606609263655,46.19952494061758
all_oos,H1,four_weeks,atrH_1,volatility,low,902,-714.4027901884676,137.67619140798428,-25.850540077605327,48.22616407982262
all_oos,H1,four_weeks,atrH_1,session,10to19,1238,-135.63069002423217,111.37756409531342,35.831216801292356,47.576736672051695
all_oos,H1,four_weeks,atrH_1,session,after19,493,-1197.320460243406,1037.1540747464414,-67.4137740365111,46.24746450304259
all_oos,H1,four_weeks,atrH_1,session,before10,13,-784.6881230769044,-293.17840769228127,39.6372846153858,53.84615384615385
all_oos,H1,four_weeks,atrH_1,trend,down,927,-365.7039804207141,632.1644806903936,4.473619147788388,46.92556634304207
all_oos,H1,four_weeks,atrH_1,trend,up,817,-525.5607550795548,72.67391713586169,9.17049638922904,47.61321909424724
all_oos,H1,four_weeks,atrH_1,structure_regime,post_20240613,1472,-361.29623736413,344.5134956861365,20.383610190217382,47.14673913043478
all_oos,H1,four_weeks,atrH_1,structure_regime,pre_20240613,272,-869.7156814338205,508.33528768382723,-67.51960919117651,47.794117647058826
all_oos,H1,four_weeks,atrH_1,fold,0,272,-869.7156814338205,508.33528768382723,-67.51960919117651,47.794117647058826
all_oos,H1,four_weeks,atrH_1,fold,1,243,-37.765516666657895,-688.9488786008204,74.10126337448627,45.267489711934154
all_oos,H1,four_weeks,atrH_1,fold,2,302,310.5740197019808,538.3373624172182,112.55157682119163,45.6953642384106
all_oos,H1,four_weeks,atrH_1,fold,3,328,-775.4517998475626,504.24693612804344,-12.84798551829285,48.170731707317074
all_oos,H1,four_weeks,atrH_1,fold,4,599,-604.501176043404,578.5769025876363,-29.680083055091817,48.080133555926544
all_oos,H1,four_weeks,combo_0.25_1,side,-1,843,501.7879011862372,160.30030622775743,95.50936553973872,57.29537366548043
all_oos,H1,four_weeks,combo_0.25_1,side,1,899,-1649.2673046162354,222.55787291434305,-54.53233904338141,57.730812013348164
all_oos,H1,four_weeks,combo_0.25_1,volatility,high,842,-385.1208979216083,381.15766413301475,40.99447624703101,56.888361045130644
all_oos,H1,four_weeks,combo_0.25_1,volatility,low,900,-817.1247890000038,15.864369666661716,-3.3639185000002905,58.111111111111114
all_oos,H1,four_weeks,combo_0.25_1,session,10to19,1237,-169.72805000000162,69.47827061438579,43.66804644300708,57.0735650767987
all_oos,H1,four_weeks,combo_0.25_1,session,after19,493,-1725.9556181541507,508.518916835697,-47.99549624746435,58.620689655172406
all_oos,H1,four_weeks,combo_0.25_1,session,before10,12,97.13428750003384,-119.31340416666247,94.51904583333464,58.333333333333336
all_oos,H1,four_weeks,combo_0.25_1,trend,down,927,-760.4918939590085,237.37656715209943,6.081284466019275,58.36030204962243
all_oos,H1,four_weeks,combo_0.25_1,trend,up,815,-435.2246876687079,141.30626766870884,31.720824110429437,56.56441717791411
all_oos,H1,four_weeks,combo_0.25_1,structure_regime,post_20240613,1470,-482.51940574829797,211.4036748299274,32.362933605442116,57.278911564625844
all_oos,H1,four_weeks,combo_0.25_1,structure_regime,pre_20240613,272,-1288.163895955881,89.88707316176665,-59.13121341911781,58.82352941176471
all_oos,H1,four_weeks,combo_0.25_1,fold,0,272,-1288.163895955881,89.88707316176665,-59.13121341911781,58.82352941176471
all_oos,H1,four_weeks,combo_0.25_1,fold,1,243,635.9826796296373,-15.20068230452513,132.80379362139962,52.674897119341566
all_oos,H1,four_weeks,combo_0.25_1,fold,2,302,-40.59924635762938,187.16409635760775,85.47128708609212,57.284768211920536
all_oos,H1,four_weeks,combo_0.25_1,fold,3,328,-1198.0341076219584,81.66462835364763,-8.2408567073174,59.756097560975604
all_oos,H1,four_weeks,combo_0.25_1,fold,4,597,-768.2263951423678,387.18193065326466,-13.077281658291334,57.78894472361809
all_oos,H1,four_weeks,combo_0.5_2,side,-1,843,781.1225988730737,439.6350039145939,116.85110842230115,52.194543297746144
all_oos,H1,four_weeks,combo_0.5_2,side,1,899,-1482.582725973301,389.24245155727726,-69.32710278086762,53.17018909899889
all_oos,H1,four_weeks,combo_0.5_2,volatility,high,842,-82.59470635391455,683.6838557007084,52.543619358669936,51.66270783847982
all_oos,H1,four_weeks,combo_0.5_2,volatility,low,900,-672.0119745000005,160.977184166665,-8.957009444444703,53.666666666666664
all_oos,H1,four_weeks,combo_0.5_2,session,10to19,1237,-117.08071822958824,122.12560238479914,42.107176151980404,53.19320937752627
all_oos,H1,four_weeks,combo_0.5_2,session,after19,493,-1094.8171397565848,1139.6573952332626,-34.91023509127771,51.52129817444219
all_oos,H1,four_weeks,combo_0.5_2,session,before10,12,851.5148791666978,635.0671875000007,108.71566666666808,50.0
all_oos,H1,four_weeks,combo_0.5_2,trend,down,927,-317.94566720603865,679.9227939050694,21.83802233009702,52.53505933117584
all_oos,H1,four_weeks,combo_0.5_2,trend,up,815,-465.7912715337408,110.73968380367572,19.554076441717715,52.88343558282208
all_oos,H1,four_weeks,combo_0.5_2,structure_regime,post_20240613,1470,-293.18218721088385,400.7408933673416,35.09238340136047,52.6530612244898
all_oos,H1,four_weeks,combo_0.5_2,structure_regime,pre_20240613,272,-894.7709727941079,483.2799963235398,-56.63744338235307,52.94117647058824
all_oos,H1,four_weeks,combo_0.5_2,fold,0,272,-894.7709727941079,483.2799963235398,-56.63744338235307,52.94117647058824
all_oos,H1,four_weeks,combo_0.5_2,fold,1,243,337.68315967078127,-313.50020226338114,108.2463697530865,49.794238683127574
all_oos,H1,four_weeks,combo_0.5_2,fold,2,302,194.9221254966804,422.6854682119178,104.50421109271483,52.317880794701985
all_oos,H1,four_weeks,combo_0.5_2,fold,3,328,-867.3095978658587,412.3891381097474,-0.5993903963416382,54.57317073170732
all_oos,H1,four_weeks,combo_0.5_2,fold,4,597,-481.446828810712,673.9614969849204,-10.18716239530977,52.93132328308208
all_oos,H1,four_weeks,combo_1_2,side,-1,843,660.0056648873062,318.51806992882655,117.81278113878989,46.619217081850536
all_oos,H1,four_weeks,combo_1_2,side,1,899,-1452.8429375417102,418.9822399888683,-96.88003581757494,47.71968854282536
all_oos,H1,four_weeks,combo_1_2,volatility,high,842,-147.26770783848045,619.0108542161427,41.51606609263655,46.19952494061758
all_oos,H1,four_weeks,combo_1_2,volatility,low,900,-695.2462392777753,137.74291938889021,-25.261672611111116,48.11111111111111
all_oos,H1,four_weeks,combo_1_2,session,10to19,1237,-128.13501572352408,111.07130489086333,36.12243540824571,47.53435731608731
all_oos,H1,four_weeks,combo_1_2,session,after19,493,-1197.320460243406,1037.1540747464414,-67.4137740365111,46.24746450304259
all_oos,H1,four_weeks,combo_1_2,session,before10,12,-78.25199999998661,-294.6996916666833,64.38002500000108,50.0
all_oos,H1,four_weeks,combo_1_2,trend,down,927,-365.7039804207141,632.1644806903936,4.473619147788388,46.92556634304207
all_oos,H1,four_weeks,combo_1_2,trend,up,815,-503.94286564416717,72.5880896932496,9.906720674846783,47.484662576687114
all_oos,H1,four_weeks,combo_1_2,structure_regime,post_20240613,1470,-349.0873197278906,344.8357608503349,20.807044897959166,47.074829931972786
all_oos,H1,four_weeks,combo_1_2,structure_regime,pre_20240613,272,-869.7156814338205,508.33528768382723,-67.51960919117651,47.794117647058826
all_oos,H1,four_weeks,combo_1_2,fold,0,272,-869.7156814338205,508.33528768382723,-67.51960919117651,47.794117647058826
all_oos,H1,four_weeks,combo_1_2,fold,1,243,-37.765516666657895,-688.9488786008204,74.10126337448627,45.267489711934154
all_oos,H1,four_weeks,combo_1_2,fold,2,302,310.5740197019808,538.3373624172182,112.55157682119163,45.6953642384106
all_oos,H1,four_weeks,combo_1_2,fold,3,328,-775.4517998475626,504.24693612804344,-12.84798551829285,48.170731707317074
all_oos,H1,four_weeks,combo_1_2,fold,4,597,-575.2537739530972,580.1545518425352,-28.805172445561137,47.90619765494137
all_oos,H1,four_weeks,fixed_0,side,-1,844,119.2418850118521,-210.11361563980464,75.79960900473911,63.62559241706162
all_oos,H1,four_weeks,fixed_0,side,1,900,-1912.923275777776,-33.19235000000892,-37.80255877777774,64.22222222222223
all_oos,H1,four_weeks,fixed_0,volatility,high,842,-1035.5547751781426,-269.2762131235195,22.780068942992973,64.96437054631829
all_oos,H1,four_weeks,fixed_0,volatility,low,902,-830.4364485033254,21.642533093126634,11.94207211751637,62.97117516629712
all_oos,H1,four_weeks,fixed_0,session,10to19,1238,-256.70559281098195,-9.69733869143648,45.32635759289164,62.439418416801296
all_oos,H1,four_weeks,fixed_0,session,after19,493,-2649.7597388438126,-415.2852038539651,-55.97334979716023,67.74847870182555
all_oos,H1,four_weeks,fixed_0,session,before10,13,241.7136846153689,733.2233999999925,110.26137307692282,61.53846153846154
all_oos,H1,four_weeks,fixed_0,trend,down,927,-1360.5644020496304,-362.69594093852226,-4.364644768069278,65.91154261057174
all_oos,H1,four_weeks,fixed_0,trend,up,817,-440.3275355569012,157.90713665851533,41.61394467564269,61.6891064871481
all_oos,H1,four_weeks,fixed_0,structure_regime,post_20240613,1472,-849.4620971127698,-143.65236406250352,28.92782058423908,63.99456521739131
all_oos,H1,four_weeks,fixed_0,structure_regime,pre_20240613,272,-1362.4359937499935,15.614975367654123,-46.4308264705885,63.60294117647059
all_oos,H1,four_weeks,fixed_0,fold,0,272,-1362.4359937499935,15.614975367654123,-46.4308264705885,63.60294117647059
all_oos,H1,four_weeks,fixed_0,fold,1,243,840.0275096707794,188.84414773661706,146.67021522633775,57.20164609053497
all_oos,H1,four_weeks,fixed_0,fold,2,302,-1154.1166943708738,-926.3533516556366,40.18612135761547,67.54966887417218
all_oos,H1,four_weeks,fixed_0,fold,3,328,-1495.8068417682846,-216.10810579267863,-0.592859451219577,66.15853658536585
all_oos,H1,four_weeks,fixed_0,fold,4,599,-1027.3238831385565,155.7541954924838,-8.348683055091819,63.77295492487479
all_oos,H1,four_weeks,fixed_0.01,side,-1,844,274.3212312796276,-55.034269372028874,81.23951729857808,62.08530805687204
all_oos,H1,four_weeks,fixed_0.01,side,1,900,-1857.6321484444459,22.09877733332149,-37.63331633333337,63.22222222222222
all_oos,H1,four_weeks,fixed_0.01,volatility,high,842,-904.9048687054573,-138.62630665083435,27.770967992874255,63.657957244655584
all_oos,H1,four_weeks,fixed_0.01,volatility,low,902,-752.1196396341464,99.95934196230542,12.542142849223668,61.75166297117517
all_oos,H1,four_weeks,fixed_0.01,session,10to19,1238,-112.69296324717496,134.31529087237055,50.642422536348754,60.98546042003231
all_oos,H1,four_weeks,fixed_0.01,session,after19,493,-2639.523369472604,-405.0488344827565,-59.551358519269606,66.93711967545639
all_oos,H1,four_weeks,fixed_0.01,session,before10,13,35.16117307700188,526.6708884616248,104.58988846154055,61.53846153846154
all_oos,H1,four_weeks,fixed_0.01,trend,down,927,-1213.5672383495153,-215.69877723840744,0.9404853290182688,64.61704422869471
all_oos,H1,four_weeks,fixed_0.01,trend,up,817,-386.00365293756994,212.23101927784657,41.40065850673188,60.46511627906976
all_oos,H1,four_weeks,fixed_0.01,structure_regime,post_20240613,1472,-739.7858009850522,-33.97606793478599,31.85404609374996,62.703804347826086
all_oos,H1,four_weeks,fixed_0.01,structure_regime,pre_20240613,272,-1291.827629963229,86.22333915441892,-44.82716158088256,62.5
all_oos,H1,four_weeks,fixed_0.01,fold,0,272,-1291.827629963229,86.22333915441892,-44.82716158088256,62.5
all_oos,H1,four_weeks,fixed_0.01,fold,1,243,1010.3601962963047,359.17683436214224,151.79519773662585,55.96707818930041
all_oos,H1,four_weeks,fixed_0.01,fold,2,302,-1100.0897885761808,-872.3264458609432,46.52450215231746,66.88741721854305
all_oos,H1,four_weeks,fixed_0.01,fold,3,328,-1326.8193910060954,-47.120655030489324,1.7341123475609865,64.32926829268293
all_oos,H1,four_weeks,fixed_0.01,fold,4,599,-946.6750423205231,236.40303631051725,-7.7066205342237515,62.43739565943238
all_oos,H1,four_weeks,fixed_0.03,side,-1,844,444.4081662322291,115.05266558057248,92.09152843601885,60.18957345971564
all_oos,H1,four_weeks,fixed_0.03,side,1,900,-1813.7512137777783,65.97971199998888,-46.24570961111112,61.33333333333333
all_oos,H1,four_weeks,fixed_0.03,volatility,high,842,-797.8706723871694,-31.59211033254629,33.617594002375476,62.11401425178147
all_oos,H1,four_weeks,fixed_0.03,volatility,low,902,-649.1003258869207,202.9786557095312,8.64534057649638,59.534368070953434
all_oos,H1,four_weeks,fixed_0.03,session,10to19,1238,-101.96031623586562,145.04793788367994,50.037790468497484,59.531502423263326
all_oos,H1,four_weeks,fixed_0.03,session,after19,493,-2288.7137186612517,-54.23918367140396,-54.85516947261658,63.894523326572006
all_oos,H1,four_weeks,fixed_0.03,session,before10,13,-210.22040769234866,281.2893076922747,92.37886923076827,61.53846153846154
all_oos,H1,four_weeks,fixed_0.03,trend,down,927,-920.1574400755164,77.71102103559143,9.398346008629849,61.92017259978425
all_oos,H1,four_weeks,fixed_0.03,trend,up,817,-494.8710564871424,103.36361572827406,33.52734957160345,59.4859241126071
all_oos,H1,four_weeks,fixed_0.03,structure_regime,post_20240613,1472,-616.2067580502712,89.60297499999518,34.186995516304336,60.733695652173914
all_oos,H1,four_weeks,fixed_0.03,structure_regime,pre_20240613,272,-1287.6443097426468,90.4066593750009,-52.276272242647394,61.029411764705884
all_oos,H1,four_weeks,fixed_0.03,fold,0,272,-1287.6443097426468,90.4066593750009,-52.276272242647394,61.029411764705884
all_oos,H1,four_weeks,fixed_0.03,fold,1,243,935.5423179012375,284.35895596707485,149.25398888888915,54.73251028806584
all_oos,H1,four_weeks,fixed_0.03,fold,2,302,-573.9941769867606,-346.23083427152335,78.61403923841046,63.90728476821192
all_oos,H1,four_weeks,fixed_0.03,fold,3,328,-994.860831554879,284.83790442072706,1.7155780487803107,60.670731707317074
all_oos,H1,four_weeks,fixed_0.03,fold,4,599,-1059.6536509181933,123.42442771284693,-17.111204257095125,61.602671118530886
all_oos,H1,four_weeks,fixed_0.05,side,-1,844,329.3555006516567,0.0,84.95024644549744,59.36018957345972
all_oos,H1,four_weeks,fixed_0.05,side,1,900,-1879.7309257777672,0.0,-55.28063833333308,59.88888888888889
all_oos,H1,four_weeks,fixed_0.05,volatility,high,842,-766.2785620546232,0.0,27.622128681710436,60.451306413301666
all_oos,H1,four_weeks,fixed_0.05,volatility,low,902,-852.078981596452,0.0,-1.4549876385810627,58.86917960088692
all_oos,H1,four_weeks,fixed_0.05,session,10to19,1238,-247.0082541195455,0.0,40.5219559369951,58.56219709208401
all_oos,H1,four_weeks,fixed_0.05,session,after19,493,-2234.4745349898476,0.0,-59.369905172413524,62.27180527383367
all_oos,H1,four_weeks,fixed_0.05,session,before10,13,-491.50971538462323,0.0,80.6627153846158,61.53846153846154
all_oos,H1,four_weeks,fixed_0.05,trend,down,927,-997.8684611111079,0.0,0.47151051779932646,60.73354908306364
all_oos,H1,four_weeks,fixed_0.05,trend,up,817,-598.2346722154167,0.0,26.32600152998787,58.3843329253366
all_oos,H1,four_weeks,fixed_0.05,structure_regime,post_20240613,1472,-705.8097330502663,0.0,25.997265285326165,59.64673913043478
all_oos,H1,four_weeks,fixed_0.05,structure_regime,pre_20240613,272,-1378.0509691176478,0.0,-60.00934191176489,59.55882352941176
all_oos,H1,four_weeks,fixed_0.05,fold,0,272,-1378.0509691176478,0.0,-60.00934191176489,59.55882352941176
all_oos,H1,four_weeks,fixed_0.05,fold,1,243,651.1833619341623,0.0,137.68384732510316,54.73251028806584
all_oos,H1,four_weeks,fixed_0.05,fold,2,302,-227.7633427152373,0.0,79.24496307946997,60.59602649006622
all_oos,H1,four_weeks,fixed_0.05,fold,3,328,-1279.6987359756058,0.0,-10.431494512195162,60.36585365853659
all_oos,H1,four_weeks,fixed_0.05,fold,4,599,-1183.0780786310404,0.0,-26.20976469115171,60.76794657762938
all_oos,H1,four_weeks,fixed_0.1,side,-1,844,576.1185100710906,246.76300941943373,90.18458293838849,55.09478672985782
all_oos,H1,four_weeks,fixed_0.1,side,1,900,-1465.8394391111115,413.8914866666558,-53.55443250000001,54.77777777777778
all_oos,H1,four_weeks,fixed_0.1,volatility,high,842,-417.9330291567696,348.34553289785345,33.62464418052257,56.057007125890735
all_oos,H1,four_weeks,fixed_0.1,volatility,low,902,-533.3834391906873,318.6955424057647,-0.43808386917975217,53.88026607538803
all_oos,H1,four_weeks,fixed_0.1,session,10to19,1238,-113.45528109854857,133.552973020997,40.068796122778515,54.92730210016155
all_oos,H1,four_weeks,fixed_0.1,session,after19,493,-1411.3414131845789,823.1331218052687,-46.36558549695735,54.96957403651116
all_oos,H1,four_weeks,fixed_0.1,session,before10,13,249.03707692311625,740.5467923077392,89.98944615384804,53.84615384615385
all_oos,H1,four_weeks,fixed_0.1,trend,down,927,-536.1901342502733,461.6783268608344,8.997924217907022,55.663430420711975
all_oos,H1,four_weeks,fixed_0.1,trend,up,817,-411.2156894124804,187.01898280293616,23.960493268053916,54.100367197062425
all_oos,H1,four_weeks,fixed_0.1,structure_regime,post_20240613,1472,-413.04732989130565,292.76240315896075,27.804289673912955,55.23097826086957
all_oos,H1,four_weeks,fixed_0.1,structure_regime,pre_20240613,272,-827.2272172794046,550.8237518382431,-47.83498400735295,53.30882352941176
all_oos,H1,four_weeks,fixed_0.1,fold,0,272,-827.2272172794046,550.8237518382431,-47.83498400735295,53.30882352941176
all_oos,H1,four_weeks,fixed_0.1,fold,1,243,571.4799965020678,-79.70336543209447,125.83898641975364,51.85185185185185
all_oos,H1,four_weeks,fixed_0.1,fold,2,302,-134.34751937087555,93.41582334436184,73.03441109271466,57.615894039735096
all_oos,H1,four_weeks,fixed_0.1,fold,3,328,-953.2022385670791,326.4964974085269,-9.03283445121979,55.487804878048784
all_oos,H1,four_weeks,fixed_0.1,fold,4,599,-657.1820094323842,525.8960691986562,-14.598633973288816,55.25876460767947
all_oos,H1,four_weeks,fixed_0.2,side,-1,844,765.639039218007,436.28353856635033,105.43482950236945,49.170616113744074
all_oos,H1,four_weeks,fixed_0.2,side,1,900,-1438.02955122222,441.70137455554703,-76.40035622222214,49.888888888888886
all_oos,H1,four_weeks,fixed_0.2,volatility,high,842,-0.5148327197135574,765.7637293349097,46.24719043943002,49.524940617577194
all_oos,H1,four_weeks,fixed_0.2,volatility,low,902,-717.9531683481171,134.12581324833502,-20.74662843680731,49.55654101995565
all_oos,H1,four_weeks,fixed_0.2,session,10to19,1238,-119.41593933764211,127.59231478190348,33.651874394184034,50.24232633279483
all_oos,H1,four_weeks,fixed_0.2,session,after19,493,-1015.890788133872,1218.5837468559755,-45.1446930020283,47.870182555780936
all_oos,H1,four_weeks,fixed_0.2,session,before10,13,49.52649615381471,541.0362115384378,63.2298961538452,46.15384615384615
all_oos,H1,four_weeks,fixed_0.2,trend,down,927,-293.68556731391845,704.1828937971893,10.899771736785205,49.51456310679612
all_oos,H1,four_weeks,fixed_0.2,trend,up,817,-459.9519291309644,138.2827430844521,12.389947490820097,49.57160342717258
all_oos,H1,four_weeks,fixed_0.2,structure_regime,post_20240613,1472,-269.29182302989204,436.51791002037436,25.393493749999934,49.72826086956522
all_oos,H1,four_weeks,fixed_0.2,structure_regime,pre_20240613,272,-925.1091305147024,452.9418386029451,-63.06083566176473,48.529411764705884
all_oos,H1,four_weeks,fixed_0.2,fold,0,272,-925.1091305147024,452.9418386029451,-63.06083566176473,48.529411764705884
all_oos,H1,four_weeks,fixed_0.2,fold,1,243,379.47296995885443,-271.7103919753082,103.39604876543257,47.73662551440329
all_oos,H1,four_weeks,fixed_0.2,fold,2,302,424.40286076158543,652.1662034768227,101.54279801324478,50.66225165562914
all_oos,H1,four_weeks,fixed_0.2,fold,3,328,-790.5708041158578,489.12793185974834,-9.974354268292917,49.69512195121951
all_oos,H1,four_weeks,fixed_0.2,fold,4,599,-596.7811943238733,586.2968843071669,-25.276049833055193,50.08347245409015
all_oos,H1,four_weeks,fixed_0.5,side,-1,844,641.0375889810406,311.6820883293839,112.30527328199031,39.57345971563981
all_oos,H1,four_weeks,fixed_0.5,side,1,900,-1133.9276606111093,745.8032651666578,-98.9890594444443,39.111111111111114
all_oos,H1,four_weeks,fixed_0.5,volatility,high,842,-147.43513859857248,618.8434234560506,28.35379115201919,41.09263657957244
all_oos,H1,four_weeks,fixed_0.5,volatility,low,902,-393.9676083702906,458.1113732261615,-20.15343126385834,37.6940133037694
all_oos,H1,four_weeks,fixed_0.5,session,10to19,1238,-59.922661672052975,187.08559244749264,31.70711324717272,40.306946688206786
all_oos,H1,four_weeks,fixed_0.5,session,after19,493,-840.8411539553725,1393.6333810344752,-70.30271876267727,37.11967545638945
all_oos,H1,four_weeks,fixed_0.5,session,before10,13,709.2134307692298,1200.7231461538533,84.71779230769229,30.76923076923077
all_oos,H1,four_weeks,fixed_0.5,trend,down,927,-384.0525564185562,613.8159046925518,-12.546579719525507,40.23732470334412
all_oos,H1,four_weeks,fixed_0.5,trend,up,817,-151.14130924112445,447.09336297429206,21.207070440636567,38.3108935128519
all_oos,H1,four_weeks,fixed_0.5,structure_regime,post_20240613,1472,-202.46498597146768,503.3447470787988,14.640537262228225,39.47010869565217
all_oos,H1,four_weeks,fixed_0.5,structure_regime,pre_20240613,272,-667.1717283088228,710.8792408088248,-58.29181507352948,38.60294117647059
all_oos,H1,four_weeks,fixed_0.5,fold,0,272,-667.1717283088228,710.8792408088248,-58.29181507352948,38.60294117647059
all_oos,H1,four_weeks,fixed_0.5,fold,1,243,-201.95682880658032,-853.1401907407429,42.796321604938775,41.1522633744856
all_oos,H1,four_weeks,fixed_0.5,fold,2,302,468.38702036423564,696.1503630794726,126.10081754966855,41.05960264900662
all_oos,H1,four_weeks,fixed_0.5,fold,3,328,-496.8248916158582,782.8738443597477,-26.733557774390626,36.890243902439025
all_oos,H1,four_weeks,fixed_0.5,fold,4,599,-379.7116287979948,803.3664498330455,-30.321327629382232,39.39899833055092
all_oos,H1,four_weeks,price_0.0005,side,-1,844,378.1932089454945,48.837708293837885,86.76357428909931,59.36018957345972
all_oos,H1,four_weeks,price_0.0005,side,1,900,-1821.3337871666574,58.39713861111011,-52.04006105555539,59.77777777777777
all_oos,H1,four_weeks,price_0.0005,volatility,high,842,-726.1897184085448,40.08884364607839,30.26772244655594,60.451306413301666
all_oos,H1,four_weeks,price_0.0005,volatility,low,902,-785.5361388026602,66.54284279379186,1.0055204545453187,58.758314855875824
all_oos,H1,four_weeks,price_0.0005,session,10to19,1238,-189.29112883683172,57.71712528271391,43.07928142164776,58.48142164781906
all_oos,H1,four_weeks,price_0.0005,session,after19,493,-2191.5968309330565,42.87770405679134,-56.85186673427983,62.27180527383367
all_oos,H1,four_weeks,price_0.0005,session,before10,13,-400.43730384613696,91.07241153848638,83.7093576923086,61.53846153846154
all_oos,H1,four_weeks,price_0.0005,trend,down,927,-957.6697038295575,40.1987572815503,3.006598651564048,60.84142394822006
all_oos,H1,four_weeks,price_0.0005,trend,up,817,-529.0642896572756,69.17038255814091,28.892637454100498,58.139534883720934
all_oos,H1,four_weeks,price_0.0005,structure_regime,post_20240613,1472,-642.1029052309741,63.7068278192923,29.018303498641327,59.578804347826086
all_oos,H1,four_weeks,price_0.0005,structure_regime,pre_20240613,272,-1378.0509691176478,0.0,-60.00934191176489,59.55882352941176
all_oos,H1,four_weeks,price_0.0005,fold,0,272,-1378.0509691176478,0.0,-60.00934191176489,59.55882352941176
all_oos,H1,four_weeks,price_0.0005,fold,1,243,720.4336672839579,69.2503053497955,140.34561419753123,54.32098765432099
all_oos,H1,four_weeks,price_0.0005,fold,2,302,-185.59069685430765,42.17264586092988,81.24103178807927,60.264900662251655
all_oos,H1,four_weeks,price_0.0005,fold,3,328,-1196.4202978658527,83.27843810975308,-7.686499237804963,60.36585365853659
all_oos,H1,four_weeks,price_0.0005,fold,4,599,-1121.4801494156848,61.5979292153558,-22.375060684474082,60.934891485809686
all_oos,H1,four_weeks,price_0.001,side,-1,844,466.65308335308447,137.29758270142784,86.71034928909948,56.16113744075829
all_oos,H1,four_weeks,price_0.001,side,1,900,-1493.500168444442,386.2307573333254,-51.51095449999994,55.55555555555556
all_oos,H1,four_weeks,price_0.001,volatility,high,842,-483.218772921606,283.0597891330171,33.97087244655613,57.00712589073634
all_oos,H1,four_weeks,price_0.001,volatility,low,902,-602.4664550443482,249.6125265521037,-1.9731694567630138,54.767184035476724
all_oos,H1,four_weeks,price_0.001,session,10to19,1238,-103.46295848142306,143.54529563812244,41.8598283925685,55.41195476575121
all_oos,H1,four_weeks,price_0.001,session,after19,493,-1681.1859464502886,553.2885885395589,-53.301989655171994,56.99797160243407
all_oos,H1,four_weeks,price_0.001,session,before10,13,508.9896115384385,1000.4993269230615,98.39146923076886,53.84615384615385
all_oos,H1,four_weeks,price_0.001,trend,down,927,-657.1265743797176,340.74188673139025,7.986459924487591,56.957928802588995
all_oos,H1,four_weeks,price_0.001,trend,up,817,-417.55032411260254,180.68434810281406,23.770168176254618,54.589963280293766
all_oos,H1,four_weeks,price_0.001,structure_regime,post_20240613,1472,-495.1745651834208,210.6351678668456,26.864955978260912,56.31793478260869
all_oos,H1,four_weeks,price_0.001,structure_regime,pre_20240613,272,-813.9631959558784,564.0877731617692,-46.77036562500015,53.30882352941176
all_oos,H1,four_weeks,price_0.001,fold,0,272,-813.9631959558784,564.0877731617692,-46.77036562500015,53.30882352941176
all_oos,H1,four_weeks,price_0.001,fold,1,243,538.9023189300549,-112.28104300410752,123.89880020576209,52.2633744855967
all_oos,H1,four_weeks,price_0.001,fold,2,302,-254.1098442053094,-26.346501490072164,72.27156440397303,58.609271523178805
all_oos,H1,four_weeks,price_0.001,fold,3,328,-1103.0674486280463,176.63128734755986,-12.03551265243893,57.012195121951216
all_oos,H1,four_weeks,price_0.001,fold,4,599,-703.3437852253693,479.7342934056711,-14.091081051752935,56.42737896494157
all_oos,H1,four_weeks,price_0.002,side,-1,844,768.8980369668247,439.5425363151682,105.33953518957334,50.4739336492891
all_oos,H1,four_weeks,price_0.002,side,1,900,-1609.3515235555512,270.37940222221584,-76.09708361111092,52.0
all_oos,H1,four_weeks,price_0.002,volatility,high,842,-116.50380884797391,649.7747532066492,45.165649228028805,51.543942992874115
all_oos,H1,four_weeks,price_0.002,volatility,low,902,-777.5723070399137,74.50667455653847,-19.523596674057874,50.99778270509978
all_oos,H1,four_weeks,price_0.002,session,10to19,1238,-158.54509014539505,88.46316397415043,35.837154483037075,51.615508885298865
all_oos,H1,four_weeks,price_0.002,session,after19,493,-1233.5631449290001,1000.9113900608475,-50.66774310344798,50.50709939148072
all_oos,H1,four_weeks,price_0.002,session,before10,13,381.4633884615432,872.9731038461666,79.38404230769304,46.15384615384615
all_oos,H1,four_weeks,price_0.002,trend,down,927,-434.491773354906,563.3766877562018,9.073627076591201,51.7799352750809
all_oos,H1,four_weeks,price_0.002,trend,up,817,-485.547801835983,112.68687037943351,14.697601162790718,50.673194614443084
all_oos,H1,four_weeks,price_0.002,structure_regime,post_20240613,1472,-371.5479530570629,334.26177999320333,25.16662849864136,51.63043478260869
all_oos,H1,four_weeks,price_0.002,structure_regime,pre_20240613,272,-928.4847099264676,449.56625919117977,-61.12531139705887,49.26470588235294
all_oos,H1,four_weeks,price_0.002,fold,0,272,-928.4847099264676,449.56625919117977,-61.12531139705887,49.26470588235294
all_oos,H1,four_weeks,price_0.002,fold,1,243,387.1597183127577,-264.0236436214047,104.32991460905365,48.148148148148145
all_oos,H1,four_weeks,price_0.002,fold,2,302,274.0823554635649,501.84569817880225,96.72211870860873,52.317880794701985
all_oos,H1,four_weeks,price_0.002,fold,3,328,-945.8197937499964,333.8789422256096,-12.110510670731633,52.13414634146341
all_oos,H1,four_weeks,price_0.002,fold,4,599,-690.3879423205256,492.6901363105149,-22.612227796326934,52.42070116861436
all_oos,H1,four_weeks,price_0.005,side,-1,844,643.1458455568695,313.79034490521303,110.75872191943108,41.58767772511848
all_oos,H1,four_weeks,price_0.005,side,1,900,-1209.2279545555539,670.5029712222133,-96.12794266666656,41.22222222222222
all_oos,H1,four_weeks,price_0.005,volatility,high,842,-149.63449798099518,616.6440640736278,31.30040154394319,42.99287410926366
all_oos,H1,four_weeks,price_0.005,volatility,low,902,-465.07518641907154,387.0037951773804,-21.496369401330654,39.91130820399113
all_oos,H1,four_weeks,price_0.005,session,10to19,1238,-96.91520993538056,150.0930441841651,30.686707390953046,42.407108239095315
all_oos,H1,four_weeks,price_0.005,session,after19,493,-858.2194172413789,1376.2551177484681,-63.65504999999995,38.94523326572008
all_oos,H1,four_weeks,price_0.005,session,before10,13,-185.14329615381072,306.366419230813,27.46221538461797,38.46153846153847
all_oos,H1,four_weeks,price_0.005,trend,down,927,-403.25740997842667,594.6110511326813,-9.378183926645221,42.61057173678533
all_oos,H1,four_weeks,price_0.005,trend,up,817,-210.12294541003553,388.11172680538095,19.16620489596089,40.024479804161565
all_oos,H1,four_weeks,price_0.005,structure_regime,post_20240613,1472,-239.6562489809785,466.1534840692879,15.287499422554328,41.71195652173913
all_oos,H1,four_weeks,price_0.005,structure_regime,pre_20240613,272,-708.5149520220594,669.5360170955881,-57.12494944852955,39.705882352941174
all_oos,H1,four_weeks,price_0.005,fold,0,272,-708.5149520220594,669.5360170955881,-57.12494944852955,39.705882352941174
all_oos,H1,four_weeks,price_0.005,fold,1,243,-109.2801483539069,-760.4635102880693,56.446701028806935,41.56378600823045
all_oos,H1,four_weeks,price_0.005,fold,2,302,377.9969692052957,605.7603119205329,118.8590908940395,43.04635761589404
all_oos,H1,four_weeks,price_0.005,fold,3,328,-523.8994178353705,755.7993181402354,-22.535376829268657,39.329268292682926
all_oos,H1,four_weeks,price_0.005,fold,4,599,-448.3055060100146,734.7725726210257,-32.91684649415679,42.40400667779633
all_oos,H1,four_weeks,q_0.5,side,-1,844,805.9829671800953,476.6274665284385,123.40511629146907,47.74881516587678
all_oos,H1,four_weeks,q_0.5,side,1,900,-1552.1065789444413,327.6243468333258,-92.71665344444433,49.888888888888886
all_oos,H1,four_weeks,q_0.5,volatility,high,842,-131.21137986935457,635.0671821852684,43.24685017814743,47.86223277909738
all_oos,H1,four_weeks,q_0.5,volatility,low,902,-672.024739356985,180.05424223946707,-17.41121707317089,49.77827050997783
all_oos,H1,four_weeks,q_0.5,session,10to19,1238,-83.67672483844875,163.33152928109686,40.167711672051595,49.11147011308562
all_oos,H1,four_weeks,q_0.5,session,after19,493,-1231.3883854969529,1003.0861494928946,-60.356227991886215,48.073022312373226
all_oos,H1,four_weeks,q_0.5,session,before10,13,-460.00287307690326,31.506842307719825,56.68641538461647,53.84615384615385
all_oos,H1,four_weeks,q_0.5,trend,down,927,-284.33473942826487,713.5337216828428,15.170525889967488,48.327939590075516
all_oos,H1,four_weeks,q_0.5,trend,up,817,-554.5507873928951,43.68388482252136,8.13445844553261,49.44920440636475
all_oos,H1,four_weeks,q_0.5,structure_regime,post_20240613,1472,-335.13323372961844,370.676499320648,25.92922476222826,49.04891304347826
all_oos,H1,four_weeks,q_0.5,structure_regime,pre_20240613,272,-821.0668261029363,556.9841430147113,-64.18709117647062,47.794117647058826
all_oos,H1,four_weeks,q_0.5,fold,0,272,-821.0668261029363,556.9841430147113,-64.18709117647062,47.794117647058826
all_oos,H1,four_weeks,q_0.5,fold,1,243,-7.534464609048373,-658.7178265432107,80.17774917695522,47.325102880658434
all_oos,H1,four_weeks,q_0.5,fold,2,302,366.5322120860856,594.295554801323,110.9657649006618,47.35099337748344
all_oos,H1,four_weeks,q_0.5,fold,3,328,-806.3760754573229,473.322660518283,-4.776982621951613,50.91463414634146
all_oos,H1,four_weeks,q_0.5,fold,4,599,-563.7506184474048,619.3274601836357,-22.13720350584283,49.58263772954925
all_oos,H1,four_weeks,q_0.75,side,-1,844,-16.35034016587765,-345.70584081753424,121.0408522511846,23.933649289099527
all_oos,H1,four_weeks,q_0.75,side,1,900,-1101.0364839444446,778.6944418333229,-355.2549007777778,22.444444444444443
all_oos,H1,four_weeks,q_0.75,volatility,high,842,-469.07189495249384,297.2066671021293,-108.85139423990496,21.971496437054633
all_oos,H1,four_weeks,q_0.75,volatility,low,902,-676.0243759423514,176.05460565410058,-139.5987333148561,24.27937915742794
all_oos,H1,four_weeks,q_0.75,session,10to19,1238,-487.3123924878844,-240.30413836833884,-94.18992172859475,24.394184168012924
all_oos,H1,four_weeks,q_0.75,session,after19,493,-831.0836153144013,1403.390919675446,-208.48960618661246,20.28397565922921
all_oos,H1,four_weeks,q_0.75,session,before10,13,637.2647384615375,1128.774453846161,140.1205807692312,15.384615384615385
all_oos,H1,four_weeks,q_0.75,trend,down,927,-567.4029468176926,430.46551429341514,-122.94261024811244,22.653721682847898
all_oos,H1,four_weeks,q_0.75,trend,up,817,-585.9853010403913,12.249371175025134,-126.80921872705017,23.745410036719704
all_oos,H1,four_weeks,q_0.75,structure_regime,post_20240613,1472,-586.1148390625006,119.694893987766,-128.90053773777186,23.709239130434785
all_oos,H1,four_weeks,q_0.75,structure_regime,pre_20240613,272,-521.9539689338235,856.0970001838238,-102.31374944852958,20.22058823529412
all_oos,H1,four_weeks,q_0.75,fold,0,272,-521.9539689338235,856.0970001838238,-102.31374944852958,20.22058823529412
all_oos,H1,four_weeks,q_0.75,fold,1,243,-918.8518473251017,-1570.0352092592643,-283.6084382716046,24.279835390946502
all_oos,H1,four_weeks,q_0.75,fold,2,302,-186.85673592715418,40.90660678808322,-30.833209437086737,17.549668874172188
all_oos,H1,four_weeks,q_0.75,fold,3,328,-689.3686544207326,590.3300815548732,-118.25052149390268,23.47560975609756
all_oos,H1,four_weeks,q_0.75,fold,4,599,-595.8871307178633,587.1909479131771,-121.41392445742902,26.71118530884808
all_oos,H1,four_weeks,q_0.9,side,-1,844,-426.7259543838868,-756.0814550355434,-92.13024579383914,12.796208530805686
all_oos,H1,four_weeks,q_0.9,side,1,900,-781.2898616111113,1098.4410641666561,-595.5850687777778,8.88888888888889
all_oos,H1,four_weeks,q_0.9,volatility,high,842,-612.6042660332541,153.67429602136892,-394.3821910926366,10.807600950118765
all_oos,H1,four_weeks,q_0.9,volatility,low,902,-606.9897881929054,245.08919340354677,-312.3222665742796,10.753880266075388
all_oos,H1,four_weeks,q_0.9,session,10to19,1238,-564.6708479402265,-317.662593820681,-302.06174660743153,10.98546042003231
all_oos,H1,four_weeks,q_0.9,session,after19,493,-740.8392940162273,1493.63524097362,-487.29165081135903,10.344827586206897
all_oos,H1,four_weeks,q_0.9,session,before10,13,75.2846730769228,566.7943884615459,30.979753846153983,7.6923076923076925
all_oos,H1,four_weeks,q_0.9,trend,down,927,-528.2927409385119,469.5757201725961,-308.3354097626756,9.492988133764833
all_oos,H1,four_weeks,q_0.9,trend,up,817,-702.0688006119952,-103.83412839657858,-401.4168476132191,12.239902080783354
all_oos,H1,four_weeks,q_0.9,structure_regime,post_20240613,1472,-692.084974626359,13.72475842390739,-402.794969089674,12.160326086956522
all_oos,H1,four_weeks,q_0.9,structure_regime,pre_20240613,272,-163.85477316176505,1214.1961959558826,-76.7290251838238,3.308823529411765
all_oos,H1,four_weeks,q_0.9,fold,0,272,-163.85477316176505,1214.1961959558826,-76.7290251838238,3.308823529411765
all_oos,H1,four_weeks,q_0.9,fold,1,243,-832.2213181069951,-1483.4046800411575,-586.1455732510283,9.465020576131687
all_oos,H1,four_weeks,q_0.9,fold,2,302,-368.13666903973586,-140.3733263244986,-314.1663894039742,6.622516556291391
all_oos,H1,four_weeks,q_0.9,fold,3,328,-609.8511274390256,669.8476085365805,-197.5477480182932,12.195121951219512
all_oos,H1,four_weeks,q_0.9,fold,4,599,-843.5907487479134,339.4873298831271,-485.48732762938215,16.026711185308848
all_oos,H1,four_weeks,selected_atrD,side,-1,844,676.9373707938398,347.5818701421832,121.32915248815164,46.208530805687204
all_oos,H1,four_weeks,selected_atrD,side,1,900,-1338.1078880000002,541.6230377777671,-91.51945855555549,47.11111111111111
all_oos,H1,four_weeks,selected_atrD,volatility,high,842,25.333062648457716,791.6116247030808,49.95732220902629,44.29928741092636
all_oos,H1,four_weeks,selected_atrD,volatility,low,902,-725.3795975609765,126.69938403547559,-24.423251995565515,48.891352549889135
all_oos,H1,four_weeks,selected_atrD,session,10to19,1238,-114.52002281906468,132.4882313004809,37.718410581583065,47.576736672051695
all_oos,H1,four_weeks,selected_atrD,session,after19,493,-996.5268846855932,1237.9476503042542,-54.845660040567566,44.42190669371197
all_oos,H1,four_weeks,selected_atrD,session,before10,13,7.8141653846332,499.32388076925685,29.062315384616507,46.15384615384615
all_oos,H1,four_weeks,selected_atrD,trend,down,927,-261.29481860841844,736.5736425026894,9.69756218985957,45.63106796116505
all_oos,H1,four_weeks,selected_atrD,trend,up,817,-478.26396744185473,119.97070477356161,13.518545716034552,47.858017135862916
all_oos,H1,four_weeks,selected_atrD,structure_regime,post_20240613,1472,-245.46533406929322,460.34439898097315,26.87378485054352,46.33152173913043
all_oos,H1,four_weeks,selected_atrD,structure_regime,pre_20240613,272,-998.6653915441163,379.3855775735313,-71.77911507352945,48.529411764705884
all_oos,H1,four_weeks,selected_atrD,fold,0,272,-998.6653915441163,379.3855775735313,-71.77911507352945,48.529411764705884
all_oos,H1,four_weeks,selected_atrD,fold,1,243,279.92496851852275,-371.25839341563983,91.38595802469183,45.67901234567901
all_oos,H1,four_weeks,selected_atrD,fold,2,302,580.4954182119164,808.2587609271536,132.39704089403943,43.377483443708606
all_oos,H1,four_weeks,selected_atrD,fold,3,328,-760.1208631097574,519.5778728658486,-15.794732469512265,48.47560975609756
all_oos,H1,four_weeks,selected_atrD,fold,4,599,-593.2165480801319,589.8615305509085,-29.134909181969867,46.91151919866444
all_oos,H1,four_weeks,selected_atrH,side,-1,844,648.0770091232215,318.721508471565,117.28882499999986,46.682464454976305
all_oos,H1,four_weeks,selected_atrH,side,1,900,-1461.5196916111083,418.21123416665904,-97.05825311111096,47.77777777777778
all_oos,H1,four_weeks,selected_atrH,volatility,high,842,-147.26770783848045,619.0108542161427,41.51606609263655,46.19952494061758
all_oos,H1,four_weeks,selected_atrH,volatility,low,902,-714.4027901884676,137.67619140798428,-25.850540077605327,48.22616407982262
all_oos,H1,four_weeks,selected_atrH,session,10to19,1238,-135.63069002423217,111.37756409531342,35.831216801292356,47.576736672051695
all_oos,H1,four_weeks,selected_atrH,session,after19,493,-1197.320460243406,1037.1540747464414,-67.4137740365111,46.24746450304259
all_oos,H1,four_weeks,selected_atrH,session,before10,13,-784.6881230769044,-293.17840769228127,39.6372846153858,53.84615384615385
all_oos,H1,four_weeks,selected_atrH,trend,down,927,-365.7039804207141,632.1644806903936,4.473619147788388,46.92556634304207
all_oos,H1,four_weeks,selected_atrH,trend,up,817,-525.5607550795548,72.67391713586169,9.17049638922904,47.61321909424724
all_oos,H1,four_weeks,selected_atrH,structure_regime,post_20240613,1472,-361.29623736413,344.5134956861365,20.383610190217382,47.14673913043478
all_oos,H1,four_weeks,selected_atrH,structure_regime,pre_20240613,272,-869.7156814338205,508.33528768382723,-67.51960919117651,47.794117647058826
all_oos,H1,four_weeks,selected_atrH,fold,0,272,-869.7156814338205,508.33528768382723,-67.51960919117651,47.794117647058826
all_oos,H1,four_weeks,selected_atrH,fold,1,243,-37.765516666657895,-688.9488786008204,74.10126337448627,45.267489711934154
all_oos,H1,four_weeks,selected_atrH,fold,2,302,310.5740197019808,538.3373624172182,112.55157682119163,45.6953642384106
all_oos,H1,four_weeks,selected_atrH,fold,3,328,-775.4517998475626,504.24693612804344,-12.84798551829285,48.170731707317074
all_oos,H1,four_weeks,selected_atrH,fold,4,599,-604.501176043404,578.5769025876363,-29.680083055091817,48.080133555926544
all_oos,H1,four_weeks,selected_combo,side,-1,843,660.0056648873062,318.51806992882655,117.81278113878989,46.619217081850536
all_oos,H1,four_weeks,selected_combo,side,1,899,-1452.8429375417102,418.9822399888683,-96.88003581757494,47.71968854282536
all_oos,H1,four_weeks,selected_combo,volatility,high,842,-147.26770783848045,619.0108542161427,41.51606609263655,46.19952494061758
all_oos,H1,four_weeks,selected_combo,volatility,low,900,-695.2462392777753,137.74291938889021,-25.261672611111116,48.11111111111111
all_oos,H1,four_weeks,selected_combo,session,10to19,1237,-128.13501572352408,111.07130489086333,36.12243540824571,47.53435731608731
all_oos,H1,four_weeks,selected_combo,session,after19,493,-1197.320460243406,1037.1540747464414,-67.4137740365111,46.24746450304259
all_oos,H1,four_weeks,selected_combo,session,before10,12,-78.25199999998661,-294.6996916666833,64.38002500000108,50.0
all_oos,H1,four_weeks,selected_combo,trend,down,927,-365.7039804207141,632.1644806903936,4.473619147788388,46.92556634304207
all_oos,H1,four_weeks,selected_combo,trend,up,815,-503.94286564416717,72.5880896932496,9.906720674846783,47.484662576687114
all_oos,H1,four_weeks,selected_combo,structure_regime,post_20240613,1470,-349.0873197278906,344.8357608503349,20.807044897959166,47.074829931972786
all_oos,H1,four_weeks,selected_combo,structure_regime,pre_20240613,272,-869.7156814338205,508.33528768382723,-67.51960919117651,47.794117647058826
all_oos,H1,four_weeks,selected_combo,fold,0,272,-869.7156814338205,508.33528768382723,-67.51960919117651,47.794117647058826
all_oos,H1,four_weeks,selected_combo,fold,1,243,-37.765516666657895,-688.9488786008204,74.10126337448627,45.267489711934154
all_oos,H1,four_weeks,selected_combo,fold,2,302,310.5740197019808,538.3373624172182,112.55157682119163,45.6953642384106
all_oos,H1,four_weeks,selected_combo,fold,3,328,-775.4517998475626,504.24693612804344,-12.84798551829285,48.170731707317074
all_oos,H1,four_weeks,selected_combo,fold,4,597,-575.2537739530972,580.1545518425352,-28.805172445561137,47.90619765494137
all_oos,H1,four_weeks,selected_fixed,side,-1,844,641.0375889810406,311.6820883293839,112.30527328199031,39.57345971563981
all_oos,H1,four_weeks,selected_fixed,side,1,900,-1133.9276606111093,745.8032651666578,-98.9890594444443,39.111111111111114
all_oos,H1,four_weeks,selected_fixed,volatility,high,842,-147.43513859857248,618.8434234560506,28.35379115201919,41.09263657957244
all_oos,H1,four_weeks,selected_fixed,volatility,low,902,-393.9676083702906,458.1113732261615,-20.15343126385834,37.6940133037694
all_oos,H1,four_weeks,selected_fixed,session,10to19,1238,-59.922661672052975,187.08559244749264,31.70711324717272,40.306946688206786
all_oos,H1,four_weeks,selected_fixed,session,after19,493,-840.8411539553725,1393.6333810344752,-70.30271876267727,37.11967545638945
all_oos,H1,four_weeks,selected_fixed,session,before10,13,709.2134307692298,1200.7231461538533,84.71779230769229,30.76923076923077
all_oos,H1,four_weeks,selected_fixed,trend,down,927,-384.0525564185562,613.8159046925518,-12.546579719525507,40.23732470334412
all_oos,H1,four_weeks,selected_fixed,trend,up,817,-151.14130924112445,447.09336297429206,21.207070440636567,38.3108935128519
all_oos,H1,four_weeks,selected_fixed,structure_regime,post_20240613,1472,-202.46498597146768,503.3447470787988,14.640537262228225,39.47010869565217
all_oos,H1,four_weeks,selected_fixed,structure_regime,pre_20240613,272,-667.1717283088228,710.8792408088248,-58.29181507352948,38.60294117647059
all_oos,H1,four_weeks,selected_fixed,fold,0,272,-667.1717283088228,710.8792408088248,-58.29181507352948,38.60294117647059
all_oos,H1,four_weeks,selected_fixed,fold,1,243,-201.95682880658032,-853.1401907407429,42.796321604938775,41.1522633744856
all_oos,H1,four_weeks,selected_fixed,fold,2,302,468.38702036423564,696.1503630794726,126.10081754966855,41.05960264900662
all_oos,H1,four_weeks,selected_fixed,fold,3,328,-496.8248916158582,782.8738443597477,-26.733557774390626,36.890243902439025
all_oos,H1,four_weeks,selected_fixed,fold,4,599,-379.7116287979948,803.3664498330455,-30.321327629382232,39.39899833055092
all_oos,H1,four_weeks,selected_price,side,-1,844,643.1458455568695,313.79034490521303,110.75872191943108,41.58767772511848
all_oos,H1,four_weeks,selected_price,side,1,900,-1209.2279545555539,670.5029712222133,-96.12794266666656,41.22222222222222
all_oos,H1,four_weeks,selected_price,volatility,high,842,-149.63449798099518,616.6440640736278,31.30040154394319,42.99287410926366
all_oos,H1,four_weeks,selected_price,volatility,low,902,-465.07518641907154,387.0037951773804,-21.496369401330654,39.91130820399113
all_oos,H1,four_weeks,selected_price,session,10to19,1238,-96.91520993538056,150.0930441841651,30.686707390953046,42.407108239095315
all_oos,H1,four_weeks,selected_price,session,after19,493,-858.2194172413789,1376.2551177484681,-63.65504999999995,38.94523326572008
all_oos,H1,four_weeks,selected_price,session,before10,13,-185.14329615381072,306.366419230813,27.46221538461797,38.46153846153847
all_oos,H1,four_weeks,selected_price,trend,down,927,-403.25740997842667,594.6110511326813,-9.378183926645221,42.61057173678533
all_oos,H1,four_weeks,selected_price,trend,up,817,-210.12294541003553,388.11172680538095,19.16620489596089,40.024479804161565
all_oos,H1,four_weeks,selected_price,structure_regime,post_20240613,1472,-239.6562489809785,466.1534840692879,15.287499422554328,41.71195652173913
all_oos,H1,four_weeks,selected_price,structure_regime,pre_20240613,272,-708.5149520220594,669.5360170955881,-57.12494944852955,39.705882352941174
all_oos,H1,four_weeks,selected_price,fold,0,272,-708.5149520220594,669.5360170955881,-57.12494944852955,39.705882352941174
all_oos,H1,four_weeks,selected_price,fold,1,243,-109.2801483539069,-760.4635102880693,56.446701028806935,41.56378600823045
all_oos,H1,four_weeks,selected_price,fold,2,302,377.9969692052957,605.7603119205329,118.8590908940395,43.04635761589404
all_oos,H1,four_weeks,selected_price,fold,3,328,-523.8994178353705,755.7993181402354,-22.535376829268657,39.329268292682926
all_oos,H1,four_weeks,selected_price,fold,4,599,-448.3055060100146,734.7725726210257,-32.91684649415679,42.40400667779633
all_oos,H1,four_weeks,selected_q,side,-1,844,-426.7259543838868,-756.0814550355434,-92.13024579383914,12.796208530805686
all_oos,H1,four_weeks,selected_q,side,1,900,-781.2898616111113,1098.4410641666561,-595.5850687777778,8.88888888888889
all_oos,H1,four_weeks,selected_q,volatility,high,842,-612.6042660332541,153.67429602136892,-394.3821910926366,10.807600950118765
all_oos,H1,four_weeks,selected_q,volatility,low,902,-606.9897881929054,245.08919340354677,-312.3222665742796,10.753880266075388
all_oos,H1,four_weeks,selected_q,session,10to19,1238,-564.6708479402265,-317.662593820681,-302.06174660743153,10.98546042003231
all_oos,H1,four_weeks,selected_q,session,after19,493,-740.8392940162273,1493.63524097362,-487.29165081135903,10.344827586206897
all_oos,H1,four_weeks,selected_q,session,before10,13,75.2846730769228,566.7943884615459,30.979753846153983,7.6923076923076925
all_oos,H1,four_weeks,selected_q,trend,down,927,-528.2927409385119,469.5757201725961,-308.3354097626756,9.492988133764833
all_oos,H1,four_weeks,selected_q,trend,up,817,-702.0688006119952,-103.83412839657858,-401.4168476132191,12.239902080783354
all_oos,H1,four_weeks,selected_q,structure_regime,post_20240613,1472,-692.084974626359,13.72475842390739,-402.794969089674,12.160326086956522
all_oos,H1,four_weeks,selected_q,structure_regime,pre_20240613,272,-163.85477316176505,1214.1961959558826,-76.7290251838238,3.308823529411765
all_oos,H1,four_weeks,selected_q,fold,0,272,-163.85477316176505,1214.1961959558826,-76.7290251838238,3.308823529411765
all_oos,H1,four_weeks,selected_q,fold,1,243,-832.2213181069951,-1483.4046800411575,-586.1455732510283,9.465020576131687
all_oos,H1,four_weeks,selected_q,fold,2,302,-368.13666903973586,-140.3733263244986,-314.1663894039742,6.622516556291391
all_oos,H1,four_weeks,selected_q,fold,3,328,-609.8511274390256,669.8476085365805,-197.5477480182932,12.195121951219512
all_oos,H1,four_weeks,selected_q,fold,4,599,-843.5907487479134,339.4873298831271,-485.48732762938215,16.026711185308848
all_oos,H1,intraday,atrD_0.025,side,-1,78,-1893.944601923073,-247.99875512818622,-57.990277564102925,41.02564102564102
all_oos,H1,intraday,atrD_0.025,side,1,98,-1467.4436403061466,129.6899112244688,-49.49320051020457,36.734693877551024
all_oos,H1,intraday,atrD_0.025,volatility,high,64,-3547.3555500000134,13.473936718727801,-159.0214468750001,43.75
all_oos,H1,intraday,atrD_0.025,volatility,low,112,-575.9500044642962,-66.93413883927825,7.1767616071422236,35.714285714285715
all_oos,H1,intraday,atrD_0.025,session,10to19,159,-1587.3531628930866,-65.85423616352237,-54.31817830188708,36.477987421383645
all_oos,H1,intraday,atrD_0.025,session,before10,17,-2302.8236941177192,225.678349999969,-43.352055882354605,58.82352941176471
all_oos,H1,intraday,atrD_0.025,trend,down,72,-1947.0596958333497,-31.97889444446225,-63.459759027777864,40.27777777777778
all_oos,H1,intraday,atrD_0.025,trend,up,104,-1455.277476923085,-41.65203076922407,-46.19685240384683,37.5
all_oos,H1,intraday,atrD_0.025,structure_regime,post_20240613,143,-2147.9771353146884,-92.74471993007087,-75.24534510489532,41.25874125874126
all_oos,H1,intraday,atrD_0.025,structure_regime,pre_20240613,33,473.4416560605585,200.85464696968347,42.015425757574384,27.27272727272727
all_oos,H1,intraday,atrD_0.025,fold,0,33,473.4416560605585,200.85464696968347,42.015425757574384,27.27272727272727
all_oos,H1,intraday,atrD_0.025,fold,1,15,-1792.5707733333252,21.18550333334932,-103.21539666666577,26.666666666666668
all_oos,H1,intraday,atrD_0.025,fold,2,25,-2060.2544979999893,-382.9335699999714,-91.0241379999994,40.0
all_oos,H1,intraday,atrD_0.025,fold,3,24,-1681.4403312499699,58.868154166676156,-50.78848333333331,25.0
all_oos,H1,intraday,atrD_0.025,fold,4,79,-2384.9523841772348,-68.60473354432051,-72.37121962025391,49.36708860759494
all_oos,H1,intraday,atrD_0.05,side,-1,78,-1416.5527339743728,229.39311282051392,-51.133351282052,37.17948717948718
all_oos,H1,intraday,atrD_0.05,side,1,98,-1584.9567642857237,12.176787244891425,-59.99493877551056,36.734693877551024
all_oos,H1,intraday,atrD_0.05,volatility,high,64,-3267.293507031275,293.53597968746595,-163.5757484375006,42.1875
all_oos,H1,intraday,atrD_0.05,volatility,low,112,-506.3401044642891,2.6757611607287606,5.365558035713832,33.92857142857143
all_oos,H1,intraday,atrD_0.05,session,10to19,159,-1400.905735849064,120.59319088050047,-55.77248742138406,34.59119496855346
all_oos,H1,intraday,atrD_0.05,session,before10,17,-2533.697891176519,-5.195847058831051,-58.82822941176614,58.82352941176471
all_oos,H1,intraday,atrD_0.05,trend,down,72,-1922.0971972222283,-7.016395833340727,-71.89335763888884,38.88888888888889
all_oos,H1,intraday,atrD_0.05,trend,up,104,-1225.2488264423225,188.37661971153827,-45.11138125000092,35.57692307692308
all_oos,H1,intraday,atrD_0.05,structure_regime,post_20240613,143,-1921.0099541958184,134.22246118879946,-77.31314160839212,39.16083916083916
all_oos,H1,intraday,atrD_0.05,structure_regime,pre_20240613,33,269.31961515151534,-3.2673939393598253,35.996177272726676,27.27272727272727
all_oos,H1,intraday,atrD_0.05,fold,0,33,269.31961515151534,-3.2673939393598253,35.996177272726676,27.27272727272727
all_oos,H1,intraday,atrD_0.05,fold,1,15,-1820.3766833333457,-6.620406666671048,-110.82329666666638,26.666666666666668
all_oos,H1,intraday,atrD_0.05,fold,2,25,-1727.2948400000087,-49.97391199999031,-97.17139399999984,36.0
all_oos,H1,intraday,atrD_0.05,fold,3,24,-1755.9218229166681,-15.613337500022189,-56.36922916666665,25.0
all_oos,H1,intraday,atrD_0.05,fold,4,79,-2051.573144936729,264.7745056961858,-71.02890443038078,46.835443037974684
all_oos,H1,intraday,atrD_0.1,side,-1,78,-1433.0609980769343,212.88484871795234,-60.89545320512904,33.33333333333333
all_oos,H1,intraday,atrD_0.1,side,1,98,-1314.0043229591913,283.12922857142354,-61.02268928571439,31.63265306122449
all_oos,H1,intraday,atrD_0.1,volatility,high,64,-3046.6392976562547,514.1901890624862,-171.29606953125025,35.9375
all_oos,H1,intraday,atrD_0.1,volatility,low,112,-406.841664732155,102.17420089286318,2.0792816964280263,30.357142857142854
all_oos,H1,intraday,atrD_0.1,session,10to19,159,-1313.3232591194985,208.17566761006617,-61.21024685534615,30.18867924528302
all_oos,H1,intraday,atrD_0.1,session,before10,17,-1866.63431176479,661.8677323528982,-58.684685294119916,52.94117647058824
all_oos,H1,intraday,atrD_0.1,trend,down,72,-1563.0438250000016,352.036976388886,-69.08415624999992,31.944444444444443
all_oos,H1,intraday,atrD_0.1,trend,up,104,-1230.8848663461688,182.7405798076923,-55.346246634616186,32.69230769230769
all_oos,H1,intraday,atrD_0.1,structure_regime,post_20240613,143,-1672.2747762237893,382.9576391608282,-80.61516363636413,33.56643356643357
all_oos,H1,intraday,atrD_0.1,structure_regime,pre_20240613,33,-42.905712121205,-315.4927212120801,24.17877272727254,27.27272727272727
all_oos,H1,intraday,atrD_0.1,fold,0,33,-42.905712121205,-315.4927212120801,24.17877272727254,27.27272727272727
all_oos,H1,intraday,atrD_0.1,fold,1,15,-1492.5655466666872,321.1907299999873,-112.37176666666677,20.0
all_oos,H1,intraday,atrD_0.1,fold,2,25,-1413.332666000008,263.9882620000104,-92.47943400000025,28.000000000000004
all_oos,H1,intraday,atrD_0.1,fold,3,24,-1540.9443812500042,199.3641041666417,-63.165987500000064,20.833333333333336
all_oos,H1,intraday,atrD_0.1,fold,4,79,-1828.23832911394,488.1093215189741,-76.13192848101345,41.77215189873418
all_oos,H1,intraday,atrD_0.25,side,-1,78,-990.6012910256371,655.3445557692496,-61.62844615384612,19.230769230769234
all_oos,H1,intraday,atrD_0.25,side,1,98,-880.366640306121,716.7669112244942,-60.47605612244879,22.448979591836736
all_oos,H1,intraday,atrD_0.25,volatility,high,64,-1839.7512437499918,1721.0782429687492,-142.64463593749932,18.75
all_oos,H1,intraday,atrD_0.25,volatility,low,112,-408.91742723214355,100.0984383928744,-14.325139285714473,22.321428571428573
all_oos,H1,intraday,atrD_0.25,session,10to19,159,-860.1355981132067,661.363328616358,-59.349531446540865,19.49685534591195
all_oos,H1,intraday,atrD_0.25,session,before10,17,-1575.36890294116,953.1331411765277,-76.29981176470464,35.294117647058826
all_oos,H1,intraday,atrD_0.25,trend,down,72,-874.9548451388791,1040.1259562500086,-49.01410902777705,19.444444444444446
all_oos,H1,intraday,atrD_0.25,trend,up,104,-966.7892557692333,446.8361903846277,-69.27554278846182,22.115384615384613
all_oos,H1,intraday,atrD_0.25,structure_regime,post_20240613,143,-1103.2574157342615,951.9749996503563,-76.86410419580395,21.678321678321677
all_oos,H1,intraday,atrD_0.25,structure_regime,pre_20240613,33,-175.06124242424784,-447.64825151512304,7.814987878787503,18.181818181818183
all_oos,H1,intraday,atrD_0.25,fold,0,33,-175.06124242424784,-447.64825151512304,7.814987878787503,18.181818181818183
all_oos,H1,intraday,atrD_0.25,fold,1,15,-1560.3159699999878,253.44030666668715,-145.08407999999883,20.0
all_oos,H1,intraday,atrD_0.25,fold,2,25,-18.191970000002854,1659.1289580000155,-10.528563999999797,12.0
all_oos,H1,intraday,atrD_0.25,fold,3,24,-393.67006666666674,1346.638418749979,-35.19922916666666,8.333333333333332
all_oos,H1,intraday,atrD_0.25,fold,4,79,-1575.4201272151836,740.9275234177312,-97.56088734177199,29.11392405063291
all_oos,H1,intraday,atrH_0.1,side,-1,78,-1877.8829794871922,-231.9371326923046,-56.176598717949254,41.02564102564102
all_oos,H1,intraday,atrH_0.1,side,1,98,-1491.0046530612394,106.12889846937601,-48.267980612245196,36.734693877551024
all_oos,H1,intraday,atrH_0.1,volatility,high,64,-3542.398346093759,18.431140624982262,-156.81712656250005,43.75
all_oos,H1,intraday,atrH_0.1,volatility,low,112,-588.2128058035875,-79.19694017856945,8.252315178570829,35.714285714285715
all_oos,H1,intraday,atrH_0.1,session,10to19,159,-1596.4874066037787,-74.98847987421394,-52.98774748427698,36.477987421383645
all_oos,H1,intraday,atrH_0.1,session,before10,17,-2279.519455882447,248.98258823524156,-40.410879411766544,58.82352941176471
all_oos,H1,intraday,atrH_0.1,trend,down,72,-1965.5739006944511,-50.49309930556425,-61.93196180555544,40.27777777777778
all_oos,H1,intraday,atrH_0.1,trend,up,104,-1452.615457211556,-38.990011057695064,-44.739764903846904,37.5
all_oos,H1,intraday,atrH_0.1,structure_regime,post_20240613,143,-2151.4364562937144,-96.20404090909669,-73.5594954545457,41.25874125874126
all_oos,H1,intraday,atrH_0.1,structure_regime,pre_20240613,33,456.42681363632704,183.83980454545184,42.63548636363531,27.27272727272727
all_oos,H1,intraday,atrH_0.1,fold,0,33,456.42681363632704,183.83980454545184,42.63548636363531,27.27272727272727
all_oos,H1,intraday,atrH_0.1,fold,1,15,-1805.4788766666647,8.27740000000957,-103.73334999999946,26.666666666666668
all_oos,H1,intraday,atrH_0.1,fold,2,25,-2114.6433660000002,-437.32243799998236,-88.62413799999987,40.0
all_oos,H1,intraday,atrH_0.1,fold,3,24,-1662.8219666666603,77.48651874998563,-50.371816666666426,25.0
all_oos,H1,intraday,atrH_0.1,fold,4,79,-2377.2078322784973,-60.860181645583104,-70.10734873417788,49.36708860759494
all_oos,H1,intraday,atrH_0.25,side,-1,78,-1400.645657692327,245.30018910255953,-47.6531506410264,35.8974358974359
all_oos,H1,intraday,atrH_0.25,side,1,98,-1608.1036132653137,-10.970061734698549,-57.034052040816526,34.69387755102041
all_oos,H1,intraday,atrH_0.25,volatility,high,64,-3062.1909164062536,498.6385703124877,-150.930940625,37.5
all_oos,H1,intraday,atrH_0.25,volatility,low,112,-632.7169352678751,-123.70106964285739,3.154440624999292,33.92857142857143
all_oos,H1,intraday,atrH_0.25,session,10to19,159,-1394.8227726415212,126.67615408804352,-52.30298899371116,32.70440251572327
all_oos,H1,intraday,atrH_0.25,session,before10,17,-2651.040855882379,-122.53881176469044,-58.24162352941207,58.82352941176471
all_oos,H1,intraday,atrH_0.25,trend,down,72,-1786.1772298611077,128.9035715277798,-61.49960208333309,34.72222222222222
all_oos,H1,intraday,atrH_0.25,trend,up,104,-1329.2284120192548,84.39703413460613,-46.90684134615479,35.57692307692308
all_oos,H1,intraday,atrH_0.25,structure_regime,post_20240613,143,-1901.1117874126005,154.12062797201756,-72.96613076923116,37.06293706293706
all_oos,H1,intraday,atrH_0.25,structure_regime,pre_20240613,33,151.95364242422886,-120.63336666664641,34.17799545454479,27.27272727272727
all_oos,H1,intraday,atrH_0.25,fold,0,33,151.95364242422886,-120.63336666664641,34.17799545454479,27.27272727272727
all_oos,H1,intraday,atrH_0.25,fold,1,15,-1927.7865433333197,-114.03026666664442,-116.5455599999993,26.666666666666668
all_oos,H1,intraday,atrH_0.25,fold,2,25,-1350.1581740000163,327.1627540000021,-68.39056800000047,28.000000000000004
all_oos,H1,intraday,atrH_0.25,fold,3,24,-1793.4123312500353,-53.10384583338915,-58.91764583333401,25.0
all_oos,H1,intraday,atrH_0.25,fold,4,79,-2103.1181917721624,213.22945886075274,-70.40741265822834,45.56962025316456
all_oos,H1,intraday,atrH_0.5,side,-1,78,-1273.0459064102693,372.8999403846175,-58.60940769230845,30.76923076923077
all_oos,H1,intraday,atrH_0.5,side,1,98,-1236.5819030612272,360.5516484693877,-56.14703214285707,30.612244897959183
all_oos,H1,intraday,atrH_0.5,volatility,high,64,-2662.4383179687557,898.3911687499852,-158.6692609375002,32.8125
all_oos,H1,intraday,atrH_0.5,volatility,low,112,-447.2013825892937,61.81448303572422,0.722229910713939,29.464285714285715
all_oos,H1,intraday,atrH_0.5,session,10to19,159,-1167.5831059748496,353.9158207547149,-57.38752610062926,28.30188679245283
all_oos,H1,intraday,atrH_0.5,session,before10,17,-2049.229020588247,479.2730235294412,-55.8427235294117,52.94117647058824
all_oos,H1,intraday,atrH_0.5,trend,down,72,-1306.059427083329,609.0213743055584,-59.52720833333309,29.166666666666668
all_oos,H1,intraday,atrH_0.5,trend,up,104,-1215.8300812500152,197.79536490384572,-55.65369182692375,31.73076923076923
all_oos,H1,intraday,atrH_0.5,structure_regime,post_20240613,143,-1584.237090559448,470.99532482517014,-77.26673531468549,32.16783216783217
all_oos,H1,intraday,atrH_0.5,structure_regime,pre_20240613,33,183.7362651515071,-88.85074393936812,29.551521212120377,24.242424242424242
all_oos,H1,intraday,atrH_0.5,fold,0,33,183.7362651515071,-88.85074393936812,29.551521212120377,24.242424242424242
all_oos,H1,intraday,atrH_0.5,fold,1,15,-1626.8711533333435,186.8851233333314,-123.03799999999988,20.0
all_oos,H1,intraday,atrH_0.5,fold,2,25,-1523.4605500000107,153.86037800000736,-95.27943400000056,28.000000000000004
all_oos,H1,intraday,atrH_0.5,fold,3,24,-818.1200312500105,922.1884541666356,-33.91753541666661,16.666666666666664
all_oos,H1,intraday,atrH_0.5,fold,4,79,-1828.1195208860806,488.22812974683444,-76.04514493670905,40.50632911392405
all_oos,H1,intraday,atrH_1,side,-1,78,-1255.9222211538445,390.0236256410422,-68.90172243589765,24.358974358974358
all_oos,H1,intraday,atrH_1,side,1,98,-1357.1518321428564,239.9817193877586,-82.8421030612243,25.510204081632654
all_oos,H1,intraday,atrH_1,volatility,high,64,-2383.435209375,1177.394277343741,-173.35204609374972,23.4375
all_oos,H1,intraday,atrH_1,volatility,low,112,-700.204994642855,-191.18912901783733,-21.413656250000127,25.892857142857146
all_oos,H1,intraday,atrH_1,session,10to19,159,-1214.9830361635195,306.51589056604485,-76.17856352201252,23.270440251572328
all_oos,H1,intraday,atrH_1,session,before10,17,-2222.382944117659,306.11910000002956,-81.20405000000031,41.17647058823529
all_oos,H1,intraday,atrH_1,trend,down,72,-1346.2550395833257,568.8257618055616,-78.60657986111053,23.61111111111111
all_oos,H1,intraday,atrH_1,trend,up,104,-1288.7735572115414,124.85188894231939,-75.31910288461576,25.961538461538463
all_oos,H1,intraday,atrH_1,structure_regime,post_20240613,143,-1541.1025437062913,514.1298716783264,-95.44724300699284,25.174825174825177
all_oos,H1,intraday,atrH_1,structure_regime,pre_20240613,33,-320.7620924242466,-593.3491015151218,4.730160606059964,24.242424242424242
all_oos,H1,intraday,atrH_1,fold,0,33,-320.7620924242466,-593.3491015151218,4.730160606059964,24.242424242424242
all_oos,H1,intraday,atrH_1,fold,1,15,-1761.6022833333116,52.15399333336298,-154.7865199999982,20.0
all_oos,H1,intraday,atrH_1,fold,2,25,-1290.5524619999956,386.7684660000225,-99.74871399999938,20.0
all_oos,H1,intraday,atrH_1,fold,3,24,-432.37587083332465,1307.9326145833213,-31.81622708333281,8.333333333333332
all_oos,H1,intraday,atrH_1,fold,4,79,-1915.3518613924086,400.9957892405057,-102.15000822784849,32.91139240506329
all_oos,H1,intraday,combo_0.25_1,side,-1,78,-1400.645657692327,245.30018910255953,-47.6531506410264,35.8974358974359
all_oos,H1,intraday,combo_0.25_1,side,1,96,-1681.723457291672,-10.305858854174176,-64.0719916666668,34.375
all_oos,H1,intraday,combo_0.25_1,volatility,high,64,-3062.1909164062536,498.6385703124877,-150.930940625,37.5
all_oos,H1,intraday,combo_0.25_1,volatility,low,110,-679.232677727289,-125.17105636363902,-1.893425000000663,33.63636363636363
all_oos,H1,intraday,combo_0.25_1,session,10to19,159,-1394.8227726415212,126.67615408804352,-52.30298899371116,32.70440251572327
all_oos,H1,intraday,combo_0.25_1,session,before10,15,-3261.266156666679,-133.16374666666673,-103.4454466666666,60.0
all_oos,H1,intraday,combo_0.25_1,trend,down,71,-1993.362824647883,130.71911478873446,-72.47846971830957,35.2112676056338
all_oos,H1,intraday,combo_0.25_1,trend,up,103,-1254.0490548543914,86.04849660192987,-45.843549514564025,34.95145631067961
all_oos,H1,intraday,combo_0.25_1,structure_regime,post_20240613,141,-1955.392080851075,156.91456312055496,-77.98390638297909,36.87943262411347
all_oos,H1,intraday,combo_0.25_1,structure_regime,pre_20240613,33,151.95364242422886,-120.63336666664641,34.17799545454479,27.27272727272727
all_oos,H1,intraday,combo_0.25_1,fold,0,33,151.95364242422886,-120.63336666664641,34.17799545454479,27.27272727272727
all_oos,H1,intraday,combo_0.25_1,fold,1,15,-1927.7865433333197,-114.03026666664442,-116.5455599999993,26.666666666666668
all_oos,H1,intraday,combo_0.25_1,fold,2,25,-1350.1581740000163,327.1627540000021,-68.39056800000047,28.000000000000004
all_oos,H1,intraday,combo_0.25_1,fold,3,24,-1793.4123312500353,-53.10384583338915,-58.91764583333401,25.0
all_oos,H1,intraday,combo_0.25_1,fold,4,77,-2207.7614928571497,219.88092012985982,-79.52934675324718,45.45454545454545
all_oos,H1,intraday,combo_0.5_2,side,-1,78,-1273.0459064102693,372.8999403846175,-58.60940769230845,30.76923076923077
all_oos,H1,intraday,combo_0.5_2,side,1,96,-1295.954985416667,375.46261302083076,-62.85399218749985,30.208333333333332
all_oos,H1,intraday,combo_0.5_2,volatility,high,64,-2664.868336718756,895.9611499999852,-158.6692609375002,32.8125
all_oos,H1,intraday,combo_0.5_2,volatility,low,110,-483.25168863636924,70.80993272728068,-4.097130454545739,29.09090909090909
all_oos,H1,intraday,combo_0.5_2,session,10to19,159,-1168.5612267295664,352.93769999999796,-57.38752610062926,28.30188679245283
all_oos,H1,intraday,combo_0.5_2,session,before10,15,-2527.201616666661,600.9007933333509,-98.72669333333279,53.333333333333336
all_oos,H1,intraday,combo_0.5_2,trend,down,71,-1496.3701232394315,627.711816197186,-70.4782957746476,29.577464788732392
all_oos,H1,intraday,combo_0.5_2,trend,up,103,-1140.4561218446734,199.64142961164777,-54.3840587378647,31.06796116504854
all_oos,H1,intraday,combo_0.5_2,structure_regime,post_20240613,141,-1629.5925960992959,482.71404787233394,-82.13274645390084,31.914893617021278
all_oos,H1,intraday,combo_0.5_2,structure_regime,pre_20240613,33,183.7362651515071,-88.85074393936812,29.551521212120377,24.242424242424242
all_oos,H1,intraday,combo_0.5_2,fold,0,33,183.7362651515071,-88.85074393936812,29.551521212120377,24.242424242424242
all_oos,H1,intraday,combo_0.5_2,fold,1,15,-1626.8711533333435,186.8851233333314,-123.03799999999988,20.0
all_oos,H1,intraday,combo_0.5_2,fold,2,25,-1523.4605500000107,153.86037800000736,-95.27943400000056,28.000000000000004
all_oos,H1,intraday,combo_0.5_2,fold,3,24,-818.1200312500105,922.1884541666356,-33.91753541666661,16.666666666666664
all_oos,H1,intraday,combo_0.5_2,fold,4,77,-1917.5077175324682,510.13469545454126,-84.92390324675335,40.25974025974026
all_oos,H1,intraday,combo_1_2,side,-1,78,-1255.9222211538445,390.0236256410422,-68.90172243589765,24.358974358974358
all_oos,H1,intraday,combo_1_2,side,1,96,-1401.1349786458331,270.28261979166456,-89.3671927083331,25.0
all_oos,H1,intraday,combo_1_2,volatility,high,64,-2383.435209375,1177.394277343741,-173.35204609374972,23.4375
all_oos,H1,intraday,combo_1_2,volatility,low,110,-726.6457981818163,-172.58417681816658,-25.991399090909216,25.454545454545453
all_oos,H1,intraday,combo_1_2,session,10to19,159,-1214.9830361635195,306.51589056604485,-76.17856352201252,23.270440251572328
all_oos,H1,intraday,combo_1_2,session,before10,15,-2619.2392300000156,508.86317999999693,-122.74621666666698,40.0
all_oos,H1,intraday,combo_1_2,trend,down,71,-1516.9065190140764,607.175420422541,-89.8263908450698,23.943661971830984
all_oos,H1,intraday,combo_1_2,trend,up,103,-1211.364352912625,128.73319854369592,-73.55253495145669,25.24271844660194
all_oos,H1,intraday,combo_1_2,structure_regime,post_20240613,141,-1573.6577457446788,538.648898226951,-100.06865354609911,24.822695035460992
all_oos,H1,intraday,combo_1_2,structure_regime,pre_20240613,33,-320.7620924242466,-593.3491015151218,4.730160606059964,24.242424242424242
all_oos,H1,intraday,combo_1_2,fold,0,33,-320.7620924242466,-593.3491015151218,4.730160606059964,24.242424242424242
all_oos,H1,intraday,combo_1_2,fold,1,15,-1761.6022833333116,52.15399333336298,-154.7865199999982,20.0
all_oos,H1,intraday,combo_1_2,fold,2,25,-1290.5524619999956,386.7684660000225,-99.74871399999938,20.0
all_oos,H1,intraday,combo_1_2,fold,3,24,-432.37587083332465,1307.9326145833213,-31.81622708333281,8.333333333333332
all_oos,H1,intraday,combo_1_2,fold,4,77,-1984.686694155849,442.9557188311609,-110.78668896103936,32.467532467532465
all_oos,H1,intraday,fixed_0,side,-1,78,-1944.2556493589316,-298.3098025640447,-49.423137179487156,42.30769230769231
all_oos,H1,intraday,fixed_0,side,1,98,-1799.2912928571436,-202.15774132652854,-49.88928979591814,39.795918367346935
all_oos,H1,intraday,fixed_0,volatility,high,64,-3893.2692203125025,-332.43973359376156,-147.53539140624946,46.875
all_oos,H1,intraday,fixed_0,volatility,low,112,-703.6897968749693,-194.67393124995124,6.233124553571339,37.5
all_oos,H1,intraday,fixed_0,session,10to19,159,-1843.4971770439975,-321.99825031443294,-52.261903773584585,38.9937106918239
all_oos,H1,intraday,fixed_0,session,before10,17,-2050.9668352941853,477.53520882350284,-25.55955294117802,58.82352941176471
all_oos,H1,intraday,fixed_0,trend,down,72,-2077.8128145833234,-162.7320131944359,-58.402593055554775,41.66666666666667
all_oos,H1,intraday,fixed_0,trend,up,104,-1715.191968269206,-301.5665221153452,-43.6458500000003,40.38461538461539
all_oos,H1,intraday,fixed_0,structure_regime,post_20240613,143,-2322.4360353146726,-267.20361993005497,-67.70725804195793,43.35664335664335
all_oos,H1,intraday,fixed_0,structure_regime,pre_20240613,33,125.0262333333774,-147.56077575749762,28.42372121212147,30.303030303030305
all_oos,H1,intraday,fixed_0,fold,0,33,125.0262333333774,-147.56077575749762,28.42372121212147,30.303030303030305
all_oos,H1,intraday,fixed_0,fold,1,15,-1619.69607666672,194.0601999999543,-94.57585666666704,26.666666666666668
all_oos,H1,intraday,fixed_0,fold,2,25,-1903.195033999978,-225.87410599995945,-71.82242399999866,40.0
all_oos,H1,intraday,fixed_0,fold,3,24,-2449.89049374993,-709.5820083332841,-59.601770833333035,29.166666666666668
all_oos,H1,intraday,fixed_0,fold,4,79,-2549.81853417721,-233.4708835442959,-63.76578417721544,51.89873417721519
all_oos,H1,intraday,fixed_0.01,side,-1,78,-1736.488598076917,-90.54275128203048,-48.51882243589787,41.02564102564102
all_oos,H1,intraday,fixed_0.01,side,1,98,-1382.0187530612357,215.1147984693798,-41.08336428571435,37.755102040816325
all_oos,H1,intraday,fixed_0.01,volatility,high,64,-3539.23330703129,21.596179687450494,-145.90659140625047,45.3125
all_oos,H1,intraday,fixed_0.01,volatility,low,112,-396.18764999998245,112.8282156250358,13.637357142857043,35.714285714285715
all_oos,H1,intraday,fixed_0.01,session,10to19,159,-1476.5329654088139,44.96596132075079,-45.80123364779913,37.10691823899371
all_oos,H1,intraday,fixed_0.01,session,before10,17,-2124.423938235249,404.0781058824391,-31.073041176469285,58.82352941176471
all_oos,H1,intraday,fixed_0.01,trend,down,72,-1807.0226847222095,108.05811666667793,-52.82313819444379,40.27777777777778
all_oos,H1,intraday,fixed_0.01,trend,up,104,-1353.6376456730918,59.98780048076948,-38.53242211538546,38.46153846153847
all_oos,H1,intraday,fixed_0.01,structure_regime,post_20240613,143,-2050.394121328682,4.838294055935271,-65.36156188811219,41.95804195804196
all_oos,H1,intraday,fixed_0.01,structure_regime,pre_20240613,33,676.4366939394232,403.84968484854824,46.547439393939484,27.27272727272727
all_oos,H1,intraday,fixed_0.01,fold,0,33,676.4366939394232,403.84968484854824,46.547439393939484,27.27272727272727
all_oos,H1,intraday,fixed_0.01,fold,1,15,-1648.3019733332992,165.4543033333754,-97.24477333333222,26.666666666666668
all_oos,H1,intraday,fixed_0.01,fold,2,25,-1912.1069280000129,-234.78599999999486,-75.80575600000016,40.0
all_oos,H1,intraday,fixed_0.01,fold,3,24,-1591.925664583343,148.38282083330284,-45.901866666667026,25.0
all_oos,H1,intraday,fixed_0.01,fold,4,79,-2309.7840582278673,6.563592405047045,-61.91446898734238,50.63291139240506
all_oos,H1,intraday,fixed_0.03,side,-1,78,-1862.4849769230507,-216.53913012816403,-56.72366730769219,41.02564102564102
all_oos,H1,intraday,fixed_0.03,side,1,98,-1559.2468790816529,37.88667244896221,-48.566147959183986,37.755102040816325
all_oos,H1,intraday,fixed_0.03,volatility,high,64,-3605.10498515626,-44.27549843751912,-154.96446640624976,45.3125
all_oos,H1,intraday,fixed_0.03,volatility,low,112,-601.3687794642792,-92.35291383926139,6.551761607142536,35.714285714285715
all_oos,H1,intraday,fixed_0.03,session,10to19,159,-1623.2502179245187,-101.75129119495443,-53.18832452830178,37.10691823899371
all_oos,H1,intraday,fixed_0.03,session,before10,17,-2351.955158823614,176.54688529407417,-42.76382058823751,58.82352941176471
all_oos,H1,intraday,fixed_0.03,trend,down,72,-1928.2308923611172,-13.150090972229654,-60.80904861111084,40.27777777777778
all_oos,H1,intraday,fixed_0.03,trend,up,104,-1531.2249817307643,-117.59953557690349,-46.208433173077324,38.46153846153847
all_oos,H1,intraday,fixed_0.03,structure_regime,post_20240613,143,-2190.5380573426605,-135.30564195804294,-73.70935384615396,41.95804195804196
all_oos,H1,intraday,fixed_0.03,structure_regime,pre_20240613,33,459.60363181819764,187.01662272732256,41.10633484848474,27.27272727272727
all_oos,H1,intraday,fixed_0.03,fold,0,33,459.60363181819764,187.01662272732256,41.10633484848474,27.27272727272727
all_oos,H1,intraday,fixed_0.03,fold,1,15,-1789.2029133333199,24.553363333354945,-102.57810666666543,26.666666666666668
all_oos,H1,intraday,fixed_0.03,fold,2,25,-1951.8032179999898,-274.48228999997156,-83.79014799999914,40.0
all_oos,H1,intraday,fixed_0.03,fold,3,24,-1692.7615291666386,47.54695625000758,-50.78848333333331,25.0
all_oos,H1,intraday,fixed_0.03,fold,4,79,-2493.51318164559,-177.16553101267544,-72.00112278481086,50.63291139240506
all_oos,H1,intraday,fixed_0.05,side,-1,78,-1645.9458467948866,0.0,-56.1798032051291,38.46153846153847
all_oos,H1,intraday,fixed_0.05,side,1,98,-1597.1335515306155,0.0,-55.152299489795915,36.734693877551024
all_oos,H1,intraday,fixed_0.05,volatility,high,64,-3560.8294867187415,0.0,-162.62939140624977,43.75
all_oos,H1,intraday,fixed_0.05,volatility,low,112,-509.0158656250179,0.0,5.547598660713549,33.92857142857143
all_oos,H1,intraday,fixed_0.05,session,10to19,159,-1521.4989267295643,0.0,-55.77141540880538,35.22012578616352
all_oos,H1,intraday,fixed_0.05,session,before10,17,-2528.502044117688,0.0,-54.076173529412465,58.82352941176471
all_oos,H1,intraday,fixed_0.05,trend,down,72,-1915.0808013888875,0.0,-65.04742013888884,38.88888888888889
all_oos,H1,intraday,fixed_0.05,trend,up,104,-1413.6254461538606,0.0,-49.072459134616075,36.53846153846153
all_oos,H1,intraday,fixed_0.05,structure_regime,post_20240613,143,-2055.232415384618,0.0,-76.67709895104916,39.86013986013986
all_oos,H1,intraday,fixed_0.05,structure_regime,pre_20240613,33,272.5870090908754,0.0,35.69318636363518,27.27272727272727
all_oos,H1,intraday,fixed_0.05,fold,0,33,272.5870090908754,0.0,35.69318636363518,27.27272727272727
all_oos,H1,intraday,fixed_0.05,fold,1,15,-1813.7562766666745,0.0,-107.67204333333297,26.666666666666668
all_oos,H1,intraday,fixed_0.05,fold,2,25,-1677.3209280000183,0.0,-81.05509400000054,36.0
all_oos,H1,intraday,fixed_0.05,fold,3,24,-1740.3084854166461,0.0,-55.535895833332894,25.0
all_oos,H1,intraday,fixed_0.05,fold,4,79,-2316.347650632915,0.0,-75.82918544303838,48.10126582278481
all_oos,H1,intraday,fixed_0.1,side,-1,78,-1276.589521794882,369.3563250000046,-58.001566666667145,33.33333333333333
all_oos,H1,intraday,fixed_0.1,side,1,98,-1388.9354494898025,208.19810204081273,-57.91542908163261,32.6530612244898
all_oos,H1,intraday,fixed_0.1,volatility,high,64,-3126.892442968752,433.93704374998873,-165.3543523437499,39.0625
all_oos,H1,intraday,fixed_0.1,volatility,low,112,-317.57625357144025,191.43961205357797,3.4182526785710627,29.464285714285715
all_oos,H1,intraday,fixed_0.1,session,10to19,159,-1275.6228688679346,245.8760578616299,-58.50172106918268,30.81761006289308
all_oos,H1,intraday,fixed_0.1,session,before10,17,-1933.2717999999907,595.2302441176971,-52.82709411764633,52.94117647058824
all_oos,H1,intraday,fixed_0.1,trend,down,72,-1702.24579930555,212.8350020833376,-70.28515486111068,34.72222222222222
all_oos,H1,intraday,fixed_0.1,trend,up,104,-1087.7688384615562,325.85660769230486,-49.41637596153908,31.73076923076923
all_oos,H1,intraday,fixed_0.1,structure_regime,post_20240613,143,-1722.5149171328744,332.7174982517436,-78.57926188811196,34.96503496503497
all_oos,H1,intraday,fixed_0.1,structure_regime,pre_20240613,33,322.1204969696837,49.53348787880828,31.424248484847713,24.242424242424242
all_oos,H1,intraday,fixed_0.1,fold,0,33,322.1204969696837,49.53348787880828,31.424248484847713,24.242424242424242
all_oos,H1,intraday,fixed_0.1,fold,1,15,-1553.3682366666433,260.388040000031,-109.70509999999874,20.0
all_oos,H1,intraday,fixed_0.1,fold,2,25,-1737.7494120000074,-60.428483999988565,-98.73944000000009,36.0
all_oos,H1,intraday,fixed_0.1,fold,3,24,-1577.0593145833736,163.2491708332723,-62.33233333333414,20.833333333333336
all_oos,H1,intraday,fixed_0.1,fold,4,79,-1793.9993765822812,522.3482740506336,-71.22526518987348,41.77215189873418
all_oos,H1,intraday,fixed_0.2,side,-1,78,-1446.322482692313,199.62336410257404,-79.02140064102612,28.205128205128204
all_oos,H1,intraday,fixed_0.2,side,1,98,-1234.9273515306172,362.20619999999803,-68.1741244897959,26.53061224489796
all_oos,H1,intraday,fixed_0.2,volatility,high,64,-2634.0281171874976,926.8013695312436,-171.51112656249967,31.25
all_oos,H1,intraday,fixed_0.2,volatility,low,112,-582.6628089285807,-73.64694330356272,-16.678762053571962,25.0
all_oos,H1,intraday,fixed_0.2,session,10to19,159,-1253.1724361635224,268.3264905660417,-71.69321446540887,25.157232704402517
all_oos,H1,intraday,fixed_0.2,session,before10,17,-2034.2127500000454,494.28929411764256,-85.03013823529572,47.05882352941176
all_oos,H1,intraday,fixed_0.2,trend,down,72,-1407.7336270833268,507.34717430556043,-73.82370763888827,26.38888888888889
all_oos,H1,intraday,fixed_0.2,trend,up,104,-1273.838586057705,139.78686009615578,-72.39833173077002,27.884615384615387
all_oos,H1,intraday,fixed_0.2,structure_regime,post_20240613,143,-1581.7708720279777,473.4615433566401,-91.48398356643379,27.972027972027973
all_oos,H1,intraday,fixed_0.2,structure_regime,pre_20240613,33,-231.59998181818452,-504.1869909090598,7.196248484848228,24.242424242424242
all_oos,H1,intraday,fixed_0.2,fold,0,33,-231.59998181818452,-504.1869909090598,7.196248484848228,24.242424242424242
all_oos,H1,intraday,fixed_0.2,fold,1,15,-1633.6653366666694,180.0909400000049,-129.5890733333328,20.0
all_oos,H1,intraday,fixed_0.2,fold,2,25,-1436.309493999992,241.01143400002647,-96.07943399999924,28.000000000000004
all_oos,H1,intraday,fixed_0.2,fold,3,24,-792.4002312500102,947.9082541666359,-42.68382291666694,12.5
all_oos,H1,intraday,fixed_0.2,fold,4,79,-1857.7583765822876,458.5892740506272,-97.61994873417787,34.177215189873415
all_oos,H1,intraday,fixed_0.5,side,-1,78,-580.3041519230792,1065.6416948718079,-52.93368205128247,5.128205128205128
all_oos,H1,intraday,fixed_0.5,side,1,98,-313.24848877550835,1283.8850627551067,-31.138350510203832,6.122448979591836
all_oos,H1,intraday,fixed_0.5,volatility,high,64,-1559.3907062499984,2001.4387804687428,-147.84955234374982,12.5
all_oos,H1,intraday,fixed_0.5,volatility,low,112,212.84758437499931,721.8634500000172,20.374873214285525,1.7857142857142856
all_oos,H1,intraday,fixed_0.5,session,10to19,159,-480.4280971698107,1041.0708295597537,-45.23283647798745,5.660377358490567
all_oos,H1,intraday,fixed_0.5,session,before10,17,25.05833529411265,2553.5603794118006,0.6844382352938229,5.88235294117647
all_oos,H1,intraday,fixed_0.5,trend,down,72,-375.894516666662,1539.1862847222255,-28.83284722222167,6.944444444444445
all_oos,H1,intraday,fixed_0.5,trend,up,104,-470.16990913461825,943.4555370192425,-49.080966826923564,4.807692307692308
all_oos,H1,intraday,fixed_0.5,structure_regime,post_20240613,143,-623.5232227272728,1431.709192657345,-60.623141958042,6.293706293706294
all_oos,H1,intraday,fixed_0.5,structure_regime,pre_20240613,33,400.0528818181828,127.46587272730757,45.112840909090814,3.0303030303030303
all_oos,H1,intraday,fixed_0.5,fold,0,33,400.0528818181828,127.46587272730757,45.112840909090814,3.0303030303030303
all_oos,H1,intraday,fixed_0.5,fold,1,15,-1507.7967166666597,305.9595600000145,-169.89535333333274,13.333333333333334
all_oos,H1,intraday,fixed_0.5,fold,2,25,-240.4154360000006,1436.9054920000176,-13.662011999999727,12.0
all_oos,H1,intraday,fixed_0.5,fold,3,24,-473.2710083333334,1267.0374770833128,-48.89854166666658,4.166666666666666
all_oos,H1,intraday,fixed_0.5,fold,4,79,-622.5060759493684,1693.8415746835462,-58.29827468354459,3.79746835443038
all_oos,H1,intraday,price_0.0005,side,-1,78,-1635.6057724359355,10.340074358951123,-55.163953846155124,38.46153846153847
all_oos,H1,intraday,price_0.0005,side,1,98,-1567.667597448984,29.465954081631228,-53.83386938775499,36.734693877551024
all_oos,H1,intraday,price_0.0005,volatility,high,64,-3548.2801812500093,12.549305468731598,-160.46622890625,43.75
all_oos,H1,intraday,price_0.0005,volatility,low,112,-483.20306428573895,25.8128013392788,6.172598660713488,33.92857142857143
all_oos,H1,intraday,price_0.0005,session,10to19,159,-1502.8182855346101,18.6806411949543,-54.70955345912002,35.22012578616352
all_oos,H1,intraday,price_0.0005,session,before10,17,-2485.915729411787,42.58631470590083,-51.74638823529444,58.82352941176471
all_oos,H1,intraday,price_0.0005,trend,down,72,-1891.3099319444586,23.770869444429266,-63.52520069444461,38.88888888888889
all_oos,H1,intraday,price_0.0005,trend,up,104,-1394.5611509615612,19.064295192299433,-48.12204951923153,36.53846153846153
all_oos,H1,intraday,price_0.0005,structure_regime,post_20240613,143,-2029.3989237762403,25.833491608377958,-75.21945979021014,39.86013986013986
all_oos,H1,intraday,price_0.0005,structure_regime,pre_20240613,33,272.5870090908754,0.0,35.69318636363518,27.27272727272727
all_oos,H1,intraday,price_0.0005,fold,0,33,272.5870090908754,0.0,35.69318636363518,27.27272727272727
all_oos,H1,intraday,price_0.0005,fold,1,15,-1813.7562766666745,0.0,-107.67204333333297,26.666666666666668
all_oos,H1,intraday,price_0.0005,fold,2,25,-1674.6019840000108,2.718944000007359,-80.65509400000033,36.0
all_oos,H1,intraday,price_0.0005,fold,3,24,-1743.2928812500338,-2.9843958333875853,-53.86922916666716,25.0
all_oos,H1,intraday,price_0.0005,fold,4,79,-2269.5395341772296,46.80811645568565,-73.82358544303843,48.10126582278481
all_oos,H1,intraday,price_0.001,side,-1,78,-1224.2744923076955,421.6713544871918,-54.20232500000051,33.33333333333333
all_oos,H1,intraday,price_0.001,side,1,98,-1347.1895295918441,249.94402193877102,-54.18861887755105,32.6530612244898
all_oos,H1,intraday,price_0.001,volatility,high,64,-3120.4842203124967,440.3452664062445,-160.28563124999968,39.0625
all_oos,H1,intraday,price_0.001,volatility,low,112,-248.2767339285817,260.7391316964363,6.428699999999411,29.464285714285715
all_oos,H1,intraday,price_0.001,session,10to19,159,-1242.2222066037739,279.2767201257904,-55.15636415094355,30.81761006289308
all_oos,H1,intraday,price_0.001,session,before10,17,-1764.9796147059333,763.5224294117551,-45.200241176471785,52.94117647058824
all_oos,H1,intraday,price_0.001,trend,down,72,-1672.2499631944404,242.83083819444684,-66.19561944444405,34.72222222222222
all_oos,H1,intraday,price_0.001,trend,up,104,-1029.9614129807808,383.66403317308016,-45.88635961538533,31.73076923076923
all_oos,H1,intraday,price_0.001,structure_regime,post_20240613,143,-1663.565264335671,391.66715104894683,-74.165915734266,34.96503496503497
all_oos,H1,intraday,price_0.001,structure_regime,pre_20240613,33,314.2984393939395,41.711430303064056,32.34727121212091,24.242424242424242
all_oos,H1,intraday,price_0.001,fold,0,33,314.2984393939395,41.711430303064056,32.34727121212091,24.242424242424242
all_oos,H1,intraday,price_0.001,fold,1,15,-1537.1456099999991,276.6106666666754,-108.37176666666568,20.0
all_oos,H1,intraday,price_0.001,fold,2,25,-1754.7598780000126,-77.43894999999435,-95.52355600000017,36.0
all_oos,H1,intraday,price_0.001,fold,3,24,-1533.9585875000014,206.34989791664466,-58.735379166666746,20.833333333333336
all_oos,H1,intraday,price_0.001,fold,4,79,-1698.0841215189948,618.2635291139196,-65.60014493670943,41.77215189873418
all_oos,H1,intraday,price_0.002,side,-1,78,-1443.352166666667,202.59368012822,-73.0106903846157,29.48717948717949
all_oos,H1,intraday,price_0.002,side,1,98,-1357.6497729591777,239.48377857143743,-69.1953943877546,27.55102040816326
all_oos,H1,intraday,price_0.002,volatility,high,64,-2936.8113968749904,624.0180898437509,-174.78025859374935,32.8125
all_oos,H1,intraday,price_0.002,volatility,low,112,-514.9572977678575,-5.941432142839582,-11.518267410714458,25.892857142857146
all_oos,H1,intraday,price_0.002,session,10to19,159,-1351.2264389937052,170.27248773585907,-71.06953742138349,26.41509433962264
all_oos,H1,intraday,price_0.002,session,before10,17,-1810.9495852941345,717.5524588235538,-69.17212058823546,47.05882352941176
all_oos,H1,intraday,price_0.002,trend,down,72,-1632.211536111102,282.8692652777855,-78.01515347222156,27.77777777777778
all_oos,H1,intraday,price_0.002,trend,up,104,-1231.8453475961544,181.78009855770645,-65.95087932692333,28.846153846153843
all_oos,H1,intraday,price_0.002,structure_regime,post_20240613,143,-1678.2575248251685,376.9748905594493,-89.67453636363605,29.37062937062937
all_oos,H1,intraday,price_0.002,structure_regime,pre_20240613,33,-170.91880909091978,-443.505818181795,10.52958181818111,24.242424242424242
all_oos,H1,intraday,price_0.002,fold,0,33,-170.91880909091978,-443.505818181795,10.52958181818111,24.242424242424242
all_oos,H1,intraday,price_0.002,fold,1,15,-1650.809763333313,162.94651333336193,-126.39841333333206,20.0
all_oos,H1,intraday,price_0.002,fold,2,25,-1472.5041399999996,204.81678800001828,-90.0794339999996,28.000000000000004
all_oos,H1,intraday,price_0.002,fold,3,24,-1537.798570833332,202.50991458331418,-71.01572708333329,16.666666666666664
all_oos,H1,intraday,price_0.002,fold,4,79,-1791.2520303797398,525.095620253175,-88.24201518987323,35.44303797468354
all_oos,H1,intraday,price_0.005,side,-1,78,-618.599384615388,1027.3464621794985,-51.118769230769644,7.6923076923076925
all_oos,H1,intraday,price_0.005,side,1,98,-618.1745999999985,978.9589515306167,-56.15857755102021,13.26530612244898
all_oos,H1,intraday,price_0.005,volatility,high,64,-1993.8096312499958,1567.019855468745,-174.59136953124948,17.1875
all_oos,H1,intraday,price_0.005,volatility,low,112,167.60672857142507,676.6225941964432,15.027170089285331,7.142857142857142
all_oos,H1,intraday,price_0.005,session,10to19,159,-688.6187896226422,832.8801371069221,-60.198698427673044,11.320754716981133
all_oos,H1,intraday,price_0.005,session,before10,17,38.73674999999976,2567.238794117688,4.752261764706024,5.88235294117647
all_oos,H1,intraday,price_0.005,trend,down,72,-652.9870354166658,1262.093765972222,-51.77566944444416,12.5
all_oos,H1,intraday,price_0.005,trend,up,104,-594.3922716346171,819.2331745192437,-55.41304230769261,9.615384615384617
all_oos,H1,intraday,price_0.005,structure_regime,post_20240613,143,-863.3298853146854,1191.902530069932,-77.08516748251748,12.587412587412588
all_oos,H1,intraday,price_0.005,structure_regime,pre_20240613,33,443.1609333333303,170.57392424245512,46.435586363636034,3.0303030303030303
all_oos,H1,intraday,price_0.005,fold,0,33,443.1609333333303,170.57392424245512,46.435586363636034,3.0303030303030303
all_oos,H1,intraday,price_0.005,fold,1,15,-1549.2724466666477,264.48383000002696,-163.8957033333316,13.333333333333334
all_oos,H1,intraday,price_0.005,fold,2,25,-827.5374640000005,849.7834640000176,-79.30399999999975,16.0
all_oos,H1,intraday,price_0.005,fold,3,24,-510.8749791666659,1229.4335062499802,-48.89859583333325,8.333333333333332
all_oos,H1,intraday,price_0.005,fold,4,79,-851.4892506329153,1464.858399999999,-68.46300126582322,12.658227848101266
all_oos,H1,intraday,q_0.5,side,-1,78,-1944.2556493589316,-298.3098025640447,-49.423137179487156,42.30769230769231
all_oos,H1,intraday,q_0.5,side,1,98,-1799.2912928571436,-202.15774132652854,-49.88928979591814,39.795918367346935
all_oos,H1,intraday,q_0.5,volatility,high,64,-3893.2692203125025,-332.43973359376156,-147.53539140624946,46.875
all_oos,H1,intraday,q_0.5,volatility,low,112,-703.6897968749693,-194.67393124995124,6.233124553571339,37.5
all_oos,H1,intraday,q_0.5,session,10to19,159,-1843.4971770439975,-321.99825031443294,-52.261903773584585,38.9937106918239
all_oos,H1,intraday,q_0.5,session,before10,17,-2050.9668352941853,477.53520882350284,-25.55955294117802,58.82352941176471
all_oos,H1,intraday,q_0.5,trend,down,72,-2077.8128145833234,-162.7320131944359,-58.402593055554775,41.66666666666667
all_oos,H1,intraday,q_0.5,trend,up,104,-1715.191968269206,-301.5665221153452,-43.6458500000003,40.38461538461539
all_oos,H1,intraday,q_0.5,structure_regime,post_20240613,143,-2322.4360353146726,-267.20361993005497,-67.70725804195793,43.35664335664335
all_oos,H1,intraday,q_0.5,structure_regime,pre_20240613,33,125.0262333333774,-147.56077575749762,28.42372121212147,30.303030303030305
all_oos,H1,intraday,q_0.5,fold,0,33,125.0262333333774,-147.56077575749762,28.42372121212147,30.303030303030305
all_oos,H1,intraday,q_0.5,fold,1,15,-1619.69607666672,194.0601999999543,-94.57585666666704,26.666666666666668
all_oos,H1,intraday,q_0.5,fold,2,25,-1903.195033999978,-225.87410599995945,-71.82242399999866,40.0
all_oos,H1,intraday,q_0.5,fold,3,24,-2449.89049374993,-709.5820083332841,-59.601770833333035,29.166666666666668
all_oos,H1,intraday,q_0.5,fold,4,79,-2549.81853417721,-233.4708835442959,-63.76578417721544,51.89873417721519
all_oos,H1,intraday,q_0.75,side,-1,78,-1248.2869500000063,397.65889679488055,-59.17220128205194,30.76923076923077
all_oos,H1,intraday,q_0.75,side,1,98,-1247.6107112244913,349.52284030612356,-55.52840051020399,30.612244897959183
all_oos,H1,intraday,q_0.75,volatility,high,64,-2678.6724445312457,882.1570421874957,-157.92088515624982,32.8125
all_oos,H1,intraday,q_0.75,volatility,low,112,-430.33210133929424,78.68376428572375,0.44394374999951935,29.464285714285715
all_oos,H1,intraday,q_0.75,session,10to19,159,-1166.941086163522,354.55784056604244,-57.7805971698115,28.30188679245283
all_oos,H1,intraday,q_0.75,session,before10,17,-2005.2117117647445,523.2903323529436,-51.18235294117734,52.94117647058824
all_oos,H1,intraday,q_0.75,trend,down,72,-1317.8525416666598,597.2282597222278,-60.65513263888843,29.166666666666668
all_oos,H1,intraday,q_0.75,trend,up,104,-1199.488930769242,214.1365153846191,-54.71197500000073,31.73076923076923
all_oos,H1,intraday,q_0.75,structure_regime,post_20240613,143,-1549.7206332167877,505.51178216782984,-75.81821083916105,32.16783216783217
all_oos,H1,intraday,q_0.75,structure_regime,pre_20240613,33,59.933901515151405,-212.6531075757238,23.781490909090564,24.242424242424242
all_oos,H1,intraday,q_0.75,fold,0,33,59.933901515151405,-212.6531075757238,23.781490909090564,24.242424242424242
all_oos,H1,intraday,q_0.75,fold,1,15,-1666.4022633333327,147.35401333334192,-128.43280999999976,20.0
all_oos,H1,intraday,q_0.75,fold,2,25,-1478.551892000001,198.76903600001674,-94.0794339999999,28.000000000000004
all_oos,H1,intraday,q_0.75,fold,3,24,-851.886333333354,888.422152083292,-36.000868750000414,16.666666666666664
all_oos,H1,intraday,q_0.75,fold,4,79,-1762.087940506331,554.2597101265836,-72.14563670886109,40.50632911392405
all_oos,H1,intraday,q_0.9,side,-1,78,-959.952484615387,685.9933621794995,-59.2291711538464,14.102564102564102
all_oos,H1,intraday,q_0.9,side,1,98,-283.4939989795935,1313.6395525510216,-17.59885765306115,13.26530612244898
all_oos,H1,intraday,q_0.9,volatility,high,64,-1416.3071539062475,2144.5223328124935,-113.14753124999962,10.9375
all_oos,H1,intraday,q_0.9,volatility,low,112,-107.27721294643325,401.7386526785848,8.007844642856828,15.178571428571427
all_oos,H1,intraday,q_0.9,session,10to19,159,-608.1892754716995,913.3096512578651,-39.357576100629004,12.578616352201259
all_oos,H1,intraday,q_0.9,session,before10,17,-350.388876470597,2178.113167647091,-5.10051764705879,23.52941176470588
all_oos,H1,intraday,q_0.9,trend,down,72,-294.31972152776666,1620.761079861121,-5.611536805554595,11.11111111111111
all_oos,H1,intraday,q_0.9,trend,up,104,-783.3431322115496,630.2823139423112,-57.120507211539234,15.384615384615385
all_oos,H1,intraday,q_0.9,structure_regime,post_20240613,143,-714.2359594405589,1340.9964559440589,-51.31952832167817,13.986013986013987
all_oos,H1,intraday,q_0.9,structure_regime,pre_20240613,33,-15.847378787891971,-288.43438787876715,30.125125757574803,12.121212121212121
all_oos,H1,intraday,q_0.9,fold,0,33,-15.847378787891971,-288.43438787876715,30.125125757574803,12.121212121212121
all_oos,H1,intraday,q_0.9,fold,1,15,-1181.2705266666596,632.4857500000147,-149.10821999999928,6.666666666666667
all_oos,H1,intraday,q_0.9,fold,2,25,451.33543600000246,2128.656364000021,51.887182000000855,4.0
all_oos,H1,intraday,q_0.9,fold,3,24,-547.5974395833289,1192.7110458333173,-39.332387499999754,8.333333333333332
all_oos,H1,intraday,q_0.9,fold,4,79,-1045.034577848104,1271.3130727848109,-69.05406962025337,20.253164556962027
all_oos,H1,intraday,selected_atrD,side,-1,78,-1531.504981410244,114.44086538464298,-79.37895576923064,26.923076923076923
all_oos,H1,intraday,selected_atrD,side,1,98,-1006.3349811224515,590.7985704081633,-60.474212755101846,24.489795918367346
all_oos,H1,intraday,selected_atrD,volatility,high,64,-2278.394415624991,1282.4350710937501,-153.27725546874942,26.5625
all_oos,H1,intraday,selected_atrD,volatility,low,112,-645.1872687499988,-136.17140312498094,-20.60970580357152,25.0
all_oos,H1,intraday,selected_atrD,session,10to19,159,-1203.1254424528277,318.37348427673703,-68.05619245283015,24.528301886792452
all_oos,H1,intraday,selected_atrD,session,before10,17,-1575.36890294116,953.1331411765277,-76.29981176470464,35.294117647058826
all_oos,H1,intraday,selected_atrD,trend,down,72,-1578.4555993055446,336.62520208334286,-74.32579166666585,29.166666666666668
all_oos,H1,intraday,selected_atrD,trend,up,104,-1004.128976442308,409.49646971155255,-65.06321538461567,23.076923076923077
all_oos,H1,intraday,selected_atrD,structure_regime,post_20240613,143,-1484.6237461538399,570.6086692307778,-86.54493706293678,27.27272727272727
all_oos,H1,intraday,selected_atrD,structure_regime,pre_20240613,33,-175.06124242424784,-447.64825151512304,7.814987878787503,18.181818181818183
all_oos,H1,intraday,selected_atrD,fold,0,33,-175.06124242424784,-447.64825151512304,7.814987878787503,18.181818181818183
all_oos,H1,intraday,selected_atrD,fold,1,15,-1792.5707733333252,21.18550333334932,-103.21539666666577,26.666666666666668
all_oos,H1,intraday,selected_atrD,fold,2,25,-2060.2544979999893,-382.9335699999714,-91.0241379999994,40.0
all_oos,H1,intraday,selected_atrD,fold,3,24,-393.67006666666674,1346.638418749979,-35.19922916666666,8.333333333333332
all_oos,H1,intraday,selected_atrD,fold,4,79,-1575.4201272151836,740.9275234177312,-97.56088734177199,29.11392405063291
all_oos,H1,intraday,selected_atrH,side,-1,78,-1528.483314743597,117.4625320512897,-76.41700512820587,29.48717948717949
all_oos,H1,intraday,selected_atrH,side,1,98,-1300.8145428571468,296.31900867346843,-68.42077448979587,26.53061224489796
all_oos,H1,intraday,selected_atrH,volatility,high,64,-2457.5611164062593,1103.2683703124817,-161.30625078125047,26.5625
all_oos,H1,intraday,selected_atrH,volatility,low,112,-798.37153839286,-289.35567276784207,-20.9121629464288,28.57142857142857
all_oos,H1,intraday,selected_atrH,session,10to19,159,-1313.9686396226462,207.53028710691825,-70.97668836478019,26.41509433962264
all_oos,H1,intraday,selected_atrH,session,before10,17,-2222.382944117659,306.11910000002956,-81.20405000000031,41.17647058823529
all_oos,H1,intraday,selected_atrH,trend,down,72,-1416.7707548611124,498.3100465277751,-71.78364374999988,27.77777777777778
all_oos,H1,intraday,selected_atrH,trend,up,104,-1391.2887442307774,22.33670192308362,-72.08980721153908,27.884615384615387
all_oos,H1,intraday,selected_atrH,structure_regime,post_20240613,143,-1651.163459440565,404.0689559440526,-89.66333986014008,28.671328671328673
all_oos,H1,intraday,selected_atrH,structure_regime,pre_20240613,33,-320.7620924242466,-593.3491015151218,4.730160606059964,24.242424242424242
all_oos,H1,intraday,selected_atrH,fold,0,33,-320.7620924242466,-593.3491015151218,4.730160606059964,24.242424242424242
all_oos,H1,intraday,selected_atrH,fold,1,15,-1805.4788766666647,8.27740000000957,-103.73334999999946,26.666666666666668
all_oos,H1,intraday,selected_atrH,fold,2,25,-1523.4605500000107,153.86037800000736,-95.27943400000056,28.000000000000004
all_oos,H1,intraday,selected_atrH,fold,3,24,-818.1200312500105,922.1884541666356,-33.91753541666661,16.666666666666664
all_oos,H1,intraday,selected_atrH,fold,4,79,-1915.3518613924086,400.9957892405057,-102.15000822784849,32.91139240506329
all_oos,H1,intraday,selected_combo,side,-1,78,-1452.2630782051394,193.68276858974724,-77.13855448718026,28.205128205128204
all_oos,H1,intraday,selected_combo,side,1,96,-1377.645481250003,293.77211718749464,-77.0755125,26.041666666666668
all_oos,H1,intraday,selected_combo,volatility,high,64,-2458.8777992187606,1101.9516874999806,-165.7803914062505,26.5625
all_oos,H1,intraday,selected_combo,volatility,low,110,-801.4755195454586,-247.41389818180892,-25.510103636363915,27.27272727272727
all_oos,H1,intraday,selected_combo,session,10to19,159,-1297.1188544025217,224.38007232704297,-72.79788176100664,25.78616352201258
all_oos,H1,intraday,selected_combo,session,before10,15,-2619.2392300000156,508.86317999999693,-122.74621666666698,40.0
all_oos,H1,intraday,selected_combo,trend,down,71,-1593.9979753521109,530.0839640845066,-84.41994859154913,28.169014084507044
all_oos,H1,intraday,selected_combo,trend,up,103,-1285.0158257281676,55.08172572815346,-72.06058349514633,26.21359223300971
all_oos,H1,intraday,selected_combo,structure_regime,post_20240613,141,-1666.2789875886597,446.0276563829702,-96.25639539007122,27.659574468085108
all_oos,H1,intraday,selected_combo,structure_regime,pre_20240613,33,-320.7620924242466,-593.3491015151218,4.730160606059964,24.242424242424242
all_oos,H1,intraday,selected_combo,fold,0,33,-320.7620924242466,-593.3491015151218,4.730160606059964,24.242424242424242
all_oos,H1,intraday,selected_combo,fold,1,15,-1626.8711533333435,186.8851233333314,-123.03799999999988,20.0
all_oos,H1,intraday,selected_combo,fold,2,25,-1523.4605500000107,153.86037800000736,-95.27943400000056,28.000000000000004
all_oos,H1,intraday,selected_combo,fold,3,24,-818.1200312500105,922.1884541666356,-33.91753541666661,16.666666666666664
all_oos,H1,intraday,selected_combo,fold,4,77,-1984.686694155849,442.9557188311609,-110.78668896103936,32.467532467532465
all_oos,H1,intraday,selected_fixed,side,-1,78,-580.3041519230792,1065.6416948718079,-52.93368205128247,5.128205128205128
all_oos,H1,intraday,selected_fixed,side,1,98,-313.24848877550835,1283.8850627551067,-31.138350510203832,6.122448979591836
all_oos,H1,intraday,selected_fixed,volatility,high,64,-1559.3907062499984,2001.4387804687428,-147.84955234374982,12.5
all_oos,H1,intraday,selected_fixed,volatility,low,112,212.84758437499931,721.8634500000172,20.374873214285525,1.7857142857142856
all_oos,H1,intraday,selected_fixed,session,10to19,159,-480.4280971698107,1041.0708295597537,-45.23283647798745,5.660377358490567
all_oos,H1,intraday,selected_fixed,session,before10,17,25.05833529411265,2553.5603794118006,0.6844382352938229,5.88235294117647
all_oos,H1,intraday,selected_fixed,trend,down,72,-375.894516666662,1539.1862847222255,-28.83284722222167,6.944444444444445
all_oos,H1,intraday,selected_fixed,trend,up,104,-470.16990913461825,943.4555370192425,-49.080966826923564,4.807692307692308
all_oos,H1,intraday,selected_fixed,structure_regime,post_20240613,143,-623.5232227272728,1431.709192657345,-60.623141958042,6.293706293706294
all_oos,H1,intraday,selected_fixed,structure_regime,pre_20240613,33,400.0528818181828,127.46587272730757,45.112840909090814,3.0303030303030303
all_oos,H1,intraday,selected_fixed,fold,0,33,400.0528818181828,127.46587272730757,45.112840909090814,3.0303030303030303
all_oos,H1,intraday,selected_fixed,fold,1,15,-1507.7967166666597,305.9595600000145,-169.89535333333274,13.333333333333334
all_oos,H1,intraday,selected_fixed,fold,2,25,-240.4154360000006,1436.9054920000176,-13.662011999999727,12.0
all_oos,H1,intraday,selected_fixed,fold,3,24,-473.2710083333334,1267.0374770833128,-48.89854166666658,4.166666666666666
all_oos,H1,intraday,selected_fixed,fold,4,79,-622.5060759493684,1693.8415746835462,-58.29827468354459,3.79746835443038
all_oos,H1,intraday,selected_price,side,-1,78,-618.599384615388,1027.3464621794985,-51.118769230769644,7.6923076923076925
all_oos,H1,intraday,selected_price,side,1,98,-618.1745999999985,978.9589515306167,-56.15857755102021,13.26530612244898
all_oos,H1,intraday,selected_price,volatility,high,64,-1993.8096312499958,1567.019855468745,-174.59136953124948,17.1875
all_oos,H1,intraday,selected_price,volatility,low,112,167.60672857142507,676.6225941964432,15.027170089285331,7.142857142857142
all_oos,H1,intraday,selected_price,session,10to19,159,-688.6187896226422,832.8801371069221,-60.198698427673044,11.320754716981133
all_oos,H1,intraday,selected_price,session,before10,17,38.73674999999976,2567.238794117688,4.752261764706024,5.88235294117647
all_oos,H1,intraday,selected_price,trend,down,72,-652.9870354166658,1262.093765972222,-51.77566944444416,12.5
all_oos,H1,intraday,selected_price,trend,up,104,-594.3922716346171,819.2331745192437,-55.41304230769261,9.615384615384617
all_oos,H1,intraday,selected_price,structure_regime,post_20240613,143,-863.3298853146854,1191.902530069932,-77.08516748251748,12.587412587412588
all_oos,H1,intraday,selected_price,structure_regime,pre_20240613,33,443.1609333333303,170.57392424245512,46.435586363636034,3.0303030303030303
all_oos,H1,intraday,selected_price,fold,0,33,443.1609333333303,170.57392424245512,46.435586363636034,3.0303030303030303
all_oos,H1,intraday,selected_price,fold,1,15,-1549.2724466666477,264.48383000002696,-163.8957033333316,13.333333333333334
all_oos,H1,intraday,selected_price,fold,2,25,-827.5374640000005,849.7834640000176,-79.30399999999975,16.0
all_oos,H1,intraday,selected_price,fold,3,24,-510.8749791666659,1229.4335062499802,-48.89859583333325,8.333333333333332
all_oos,H1,intraday,selected_price,fold,4,79,-851.4892506329153,1464.858399999999,-68.46300126582322,12.658227848101266
all_oos,H1,intraday,selected_q,side,-1,78,-959.952484615387,685.9933621794995,-59.2291711538464,14.102564102564102
all_oos,H1,intraday,selected_q,side,1,98,-283.4939989795935,1313.6395525510216,-17.59885765306115,13.26530612244898
all_oos,H1,intraday,selected_q,volatility,high,64,-1416.3071539062475,2144.5223328124935,-113.14753124999962,10.9375
all_oos,H1,intraday,selected_q,volatility,low,112,-107.27721294643325,401.7386526785848,8.007844642856828,15.178571428571427
all_oos,H1,intraday,selected_q,session,10to19,159,-608.1892754716995,913.3096512578651,-39.357576100629004,12.578616352201259
all_oos,H1,intraday,selected_q,session,before10,17,-350.388876470597,2178.113167647091,-5.10051764705879,23.52941176470588
all_oos,H1,intraday,selected_q,trend,down,72,-294.31972152776666,1620.761079861121,-5.611536805554595,11.11111111111111
all_oos,H1,intraday,selected_q,trend,up,104,-783.3431322115496,630.2823139423112,-57.120507211539234,15.384615384615385
all_oos,H1,intraday,selected_q,structure_regime,post_20240613,143,-714.2359594405589,1340.9964559440589,-51.31952832167817,13.986013986013987
all_oos,H1,intraday,selected_q,structure_regime,pre_20240613,33,-15.847378787891971,-288.43438787876715,30.125125757574803,12.121212121212121
all_oos,H1,intraday,selected_q,fold,0,33,-15.847378787891971,-288.43438787876715,30.125125757574803,12.121212121212121
all_oos,H1,intraday,selected_q,fold,1,15,-1181.2705266666596,632.4857500000147,-149.10821999999928,6.666666666666667
all_oos,H1,intraday,selected_q,fold,2,25,451.33543600000246,2128.656364000021,51.887182000000855,4.0
all_oos,H1,intraday,selected_q,fold,3,24,-547.5974395833289,1192.7110458333173,-39.332387499999754,8.333333333333332
all_oos,H1,intraday,selected_q,fold,4,79,-1045.034577848104,1271.3130727848109,-69.05406962025337,20.253164556962027
all_oos,H1,two_weeks,atrD_0.025,side,-1,911,382.1182301866092,104.48912804610708,85.39983918770565,59.82436882546652
all_oos,H1,two_weeks,atrD_0.025,side,1,969,-1885.3249497935992,99.12799953559764,-54.93843875128987,61.09391124871001
all_oos,H1,two_weeks,atrD_0.025,volatility,high,887,-649.2182117249116,90.50275828635357,28.991063246899763,60.31567080045096
all_oos,H1,two_weeks,atrD_0.025,volatility,low,993,-909.2785648036256,111.75093716012289,-1.1592817220545175,60.62437059415912
all_oos,H1,two_weeks,atrD_0.025,session,10to19,1327,-136.27377603616986,150.03757027129004,45.3256852675207,59.080633006782215
all_oos,H1,two_weeks,atrD_0.025,session,after19,539,-2423.845292486082,-24.042084693884668,-68.61237124304265,64.0074211502783
all_oos,H1,two_weeks,atrD_0.025,session,before10,14,608.4103428570785,364.53250714282956,99.91357857142734,57.14285714285714
all_oos,H1,two_weeks,atrD_0.025,trend,down,1001,-891.2005038961017,107.8916385614382,8.455737212787254,61.038961038961034
all_oos,H1,two_weeks,atrD_0.025,trend,up,879,-667.4385258816827,94.70431968145394,18.315942434584667,59.84072810011376
all_oos,H1,two_weeks,atrD_0.025,structure_regime,post_20240613,1588,-681.8369480163702,110.21245610831126,24.83083290302269,60.26448362720404
all_oos,H1,two_weeks,atrD_0.025,structure_regime,pre_20240613,292,-1356.2092301369898,55.572763356162305,-50.915946232876955,61.64383561643836
all_oos,H1,two_weeks,atrD_0.025,fold,0,298,-1221.0153033557058,62.818150671139804,-35.89433875838941,61.07382550335571
all_oos,H1,two_weeks,atrD_0.025,fold,1,263,687.8449657794708,220.26551730037684,113.33101216730059,55.13307984790875
all_oos,H1,two_weeks,atrD_0.025,fold,2,324,-458.54048842592647,-16.78042746913163,54.08619074074066,60.802469135802475
all_oos,H1,two_weeks,atrD_0.025,fold,3,354,-1058.2256443502724,161.89200310735325,-1.296207768361463,61.29943502824858
all_oos,H1,two_weeks,atrD_0.025,fold,4,641,-1205.3538812792524,97.85035358813494,-18.11342457098293,61.77847113884556
all_oos,H1,two_weeks,atrD_0.05,side,-1,911,472.0670197585075,194.4379176180055,86.04831619099875,57.738748627881456
all_oos,H1,two_weeks,atrD_0.05,side,1,969,-1844.4561546439618,139.9967946852353,-64.24387610939101,59.133126934984524
all_oos,H1,two_weeks,atrD_0.05,volatility,high,887,-458.55820822998464,281.1627617812806,27.117941713641702,57.49718151071026
all_oos,H1,two_weeks,atrD_0.05,volatility,low,993,-957.1841169687838,63.84538499496489,-7.9717162134946875,59.315206445115805
all_oos,H1,two_weeks,atrD_0.05,session,10to19,1327,-250.34390418236882,35.967442125091125,36.24835919366981,57.87490580256217
all_oos,H1,two_weeks,atrD_0.05,session,after19,539,-1908.1586217068539,491.6445860853438,-61.48342801484207,59.92578849721707
all_oos,H1,two_weeks,atrD_0.05,session,before10,14,248.4927928570882,4.614957142838908,83.97822499999847,57.14285714285714
all_oos,H1,two_weeks,atrD_0.05,trend,down,1001,-787.4176075424579,211.67453491508192,5.127797752247705,58.74125874125874
all_oos,H1,two_weeks,atrD_0.05,trend,up,879,-647.3491850966989,114.79366046643803,12.519652502844146,58.134243458475545
all_oos,H1,two_weeks,atrD_0.05,structure_regime,post_20240613,1588,-611.381687122166,180.66771700251545,20.605652644836272,58.249370277078086
all_oos,H1,two_weeks,atrD_0.05,structure_regime,pre_20240613,292,-1323.1193140410921,88.66267945206008,-56.79478184931527,59.589041095890416
all_oos,H1,two_weeks,atrD_0.05,fold,0,298,-1197.9525130872432,85.88094093960243,-41.78903674496657,59.06040268456376
all_oos,H1,two_weeks,atrD_0.05,fold,1,263,569.6851494296707,102.1057009505764,103.01804923954445,53.99239543726235
all_oos,H1,two_weeks,atrD_0.05,fold,2,324,-247.78454490741174,193.97551604938295,54.5447203703703,58.0246913580247
all_oos,H1,two_weeks,atrD_0.05,fold,3,354,-1159.3438991525416,60.77374830508436,-9.39140593220349,60.16949152542372
all_oos,H1,two_weeks,atrD_0.05,fold,4,641,-1028.662045865838,274.54218900154916,-20.048121060842643,59.2823712948518
all_oos,H1,two_weeks,atrD_0.1,side,-1,911,705.632153512624,428.00305137212206,102.49797700329287,53.45773874862788
all_oos,H1,two_weeks,atrD_0.1,side,1,969,-1652.8663192982451,331.58663003095177,-70.30108482972138,55.00515995872033
all_oos,H1,two_weeks,atrD_0.1,volatility,high,887,-161.0257076099211,578.695262401344,42.506994644870275,52.649379932356254
all_oos,H1,two_weeks,atrD_0.1,volatility,low,993,-821.7188005035235,199.31070146022466,-12.537561329305294,55.68982880161128
all_oos,H1,two_weeks,atrD_0.1,session,10to19,1327,-116.45392614920863,169.8574201582513,42.45039476262231,54.18236623963828
all_oos,H1,two_weeks,atrD_0.1,session,after19,539,-1514.7547626159521,885.0484451762457,-59.991625881261555,54.54545454545454
all_oos,H1,two_weeks,atrD_0.1,session,before10,14,870.7575357142123,626.8796999999633,89.83702499999833,50.0
all_oos,H1,two_weeks,atrD_0.1,trend,down,1001,-439.52198086913336,559.5701615884063,16.979516683316493,53.74625374625375
all_oos,H1,two_weeks,atrD_0.1,trend,up,879,-590.2560508532385,171.88679470989823,9.394095164960179,54.83503981797497
all_oos,H1,two_weeks,atrD_0.1,structure_regime,post_20240613,1588,-385.94258866498785,406.10681545969356,26.490528683878964,53.904282115869016
all_oos,H1,two_weeks,atrD_0.1,structure_regime,pre_20240613,292,-1184.656646404104,227.1253470890478,-57.578951027397274,56.16438356164384
all_oos,H1,two_weeks,atrD_0.1,fold,0,298,-1073.5400733221406,210.2933807047047,-42.672016778523435,55.70469798657718
all_oos,H1,two_weeks,atrD_0.1,fold,1,263,315.6804701520961,-151.89897832699805,90.0705492395441,51.71102661596958
all_oos,H1,two_weeks,atrD_0.1,fold,2,324,-55.23567777778711,386.5243831790074,65.94913225308588,53.70370370370371
all_oos,H1,two_weeks,atrD_0.1,fold,3,354,-1096.0724111581912,124.04523629943475,-12.476706355932372,56.779661016949156
all_oos,H1,two_weeks,atrD_0.1,fold,4,641,-492.97909547581867,810.2251393915686,-4.164044305772365,53.51014040561623
all_oos,H1,two_weeks,atrD_0.25,side,-1,911,635.8384130076847,358.2093108671827,114.74595104281009,45.88364434687157
all_oos,H1,two_weeks,atrD_0.25,side,1,969,-1359.3791635706912,625.0737857585059,-89.7689845201237,46.95562435500516
all_oos,H1,two_weeks,atrD_0.25,volatility,high,887,45.56254673055402,785.2835167418192,50.27847085682087,43.63021420518602
all_oos,H1,two_weeks,atrD_0.25,volatility,low,993,-783.8908300100707,237.13867195367774,-27.240270140986922,48.94259818731118
all_oos,H1,two_weeks,atrD_0.25,session,10to19,1327,-138.5205159382079,147.7908303692521,37.2134533157497,47.24943481537302
all_oos,H1,two_weeks,atrD_0.25,session,after19,539,-1037.6351858070445,1362.1680219851532,-60.16792588126117,44.526901669758814
all_oos,H1,two_weeks,atrD_0.25,session,before10,14,365.1767535714302,121.29891785718142,42.54820714285753,42.857142857142854
all_oos,H1,two_weeks,atrD_0.25,trend,down,1001,-262.39551233766565,736.696630119874,17.197238611388446,45.25474525474525
all_oos,H1,two_weeks,atrD_0.25,trend,up,879,-540.7641722411779,221.37867332195867,0.37881632537005083,47.781569965870304
all_oos,H1,two_weeks,atrD_0.25,structure_regime,post_20240613,1588,-298.15450585642327,493.89489826825826,21.47674590680105,46.095717884130984
all_oos,H1,two_weeks,atrD_0.25,structure_regime,pre_20240613,292,-905.8913011986263,505.8906922945258,-56.704305136986214,48.28767123287671
all_oos,H1,two_weeks,atrD_0.25,fold,0,298,-827.885860906035,455.9475931208105,-42.68746442953001,47.98657718120805
all_oos,H1,two_weeks,atrD_0.25,fold,1,263,240.38128498099314,-227.1981634981011,76.7125711026621,44.866920152091254
all_oos,H1,two_weeks,atrD_0.25,fold,2,324,286.2596591049351,728.0197200617296,96.96197160493803,43.82716049382716
all_oos,H1,two_weeks,atrD_0.25,fold,3,354,-731.4871810734495,488.63046638417654,-15.615531638418268,48.0225988700565
all_oos,H1,two_weeks,atrD_0.25,fold,4,641,-605.7746865834627,697.4295482839249,-24.64104056162237,46.80187207488299
all_oos,H1,two_weeks,atrH_0.1,side,-1,911,398.69211997804484,121.06301783754277,85.93353677277693,59.82436882546652
all_oos,H1,two_weeks,atrH_0.1,side,1,969,-1920.997348658403,63.45560067079399,-56.184082868936855,61.30030959752322
all_oos,H1,two_weeks,atrH_0.1,volatility,high,887,-648.278183483645,91.44278652762051,28.510939064261752,60.54114994363021
all_oos,H1,two_weeks,atrH_0.1,volatility,low,993,-929.7232233635458,91.30627860020287,-1.4563215005037156,60.62437059415912
all_oos,H1,two_weeks,atrH_0.1,session,10to19,1327,-205.5809322908824,80.73041401657761,43.52231363978888,59.38206480783723
all_oos,H1,two_weeks,atrH_0.1,session,after19,539,-2290.0666590908936,109.73654870130443,-65.60264304267127,63.63636363636363
all_oos,H1,two_weeks,atrH_0.1,session,before10,14,636.7083464284807,392.83051071423193,103.4850071428557,57.14285714285714
all_oos,H1,two_weeks,atrH_0.1,trend,down,1001,-890.8734351148806,108.21870734265907,8.853917682317713,61.13886113886113
all_oos,H1,two_weeks,atrH_0.1,trend,up,879,-689.9585904436839,72.18425511945286,17.042439249146714,59.954493742889646
all_oos,H1,two_weeks,atrH_0.1,structure_regime,post_20240613,1588,-702.7814403337486,89.26796379093274,24.323924086901794,60.45340050377834
all_oos,H1,two_weeks,atrH_0.1,structure_regime,pre_20240613,292,-1308.9759667808248,102.80602671232748,-50.62779366438379,61.3013698630137
all_oos,H1,two_weeks,atrH_0.1,fold,0,298,-1179.8713402684568,103.9621137583889,-35.76014446308739,60.738255033557046
all_oos,H1,two_weeks,atrH_0.1,fold,1,263,651.7598102661681,184.18036178707393,112.06416463878367,55.13307984790875
all_oos,H1,two_weeks,atrH_0.1,fold,2,324,-632.0693069444447,-190.30924598764992,48.178857716049336,61.72839506172839
all_oos,H1,two_weeks,atrH_0.1,fold,3,354,-991.2067618643975,228.91088559322833,1.8158659604519722,61.016949152542374
all_oos,H1,two_weeks,atrH_0.1,fold,4,641,-1189.3470063962545,113.85722847113298,-17.5133276131046,61.93447737909516
all_oos,H1,two_weeks,atrH_0.25,side,-1,911,408.9211631174497,131.29206097694757,86.7242689901204,57.29967069154775
all_oos,H1,two_weeks,atrH_0.25,side,1,969,-1771.304539267282,213.14841006191494,-62.66610386996894,58.10113519091848
all_oos,H1,two_weeks,atrH_0.25,volatility,high,887,-402.58719391205693,337.1337760992083,33.73293990980843,56.708004509582864
all_oos,H1,two_weeks,atrH_0.25,volatility,low,993,-993.7281751762389,27.301326787509545,-11.720808962739472,58.610271903323266
all_oos,H1,two_weeks,atrH_0.25,session,10to19,1327,-235.7532149585552,50.55813134890482,38.74430810097945,57.04596834966089
all_oos,H1,two_weeks,atrH_0.25,session,after19,539,-1916.3622039888621,483.4410038033355,-63.68647476808898,59.36920222634509
all_oos,H1,two_weeks,atrH_0.25,session,before10,14,135.48751785712844,-108.39031785712048,85.40481785714307,57.14285714285714
all_oos,H1,two_weeks,atrH_0.25,trend,down,1001,-798.4194128871131,200.67272957042664,5.085543056942921,58.14185814185814
all_oos,H1,two_weeks,atrH_0.25,trend,up,879,-619.6235343003407,142.5193112627961,15.007651649601716,57.22411831626849
all_oos,H1,two_weeks,atrH_0.25,structure_regime,post_20240613,1588,-600.4325935453401,191.61681057934112,22.3948301322417,57.49370277078085
all_oos,H1,two_weeks,atrH_0.25,structure_regime,pre_20240613,292,-1336.9176726027376,74.86432089041452,-59.18025976027409,58.9041095890411
all_oos,H1,two_weeks,atrH_0.25,fold,0,298,-1228.9851461409364,54.848307885909506,-44.81155419463093,58.38926174496645
all_oos,H1,two_weeks,atrH_0.25,fold,1,263,421.4003418251025,-46.17910665399157,95.72336121673044,53.2319391634981
all_oos,H1,two_weeks,atrH_0.25,fold,2,324,-278.9086989197633,162.85136203703124,56.738748919752595,57.407407407407405
all_oos,H1,two_weeks,atrH_0.25,fold,3,354,-1165.943018644077,54.17462881354869,-8.900131355932613,59.6045197740113
all_oos,H1,two_weeks,atrH_0.25,fold,4,641,-913.1784528081063,390.025782059281,-13.684484555382216,58.34633385335414
all_oos,H1,two_weeks,atrH_0.5,side,-1,911,699.9652463227225,422.33614418222066,109.20763671789227,52.14050493962679
all_oos,H1,two_weeks,atrH_0.5,side,1,969,-1593.4992922084593,390.95365712073743,-75.30531429308554,53.56037151702786
all_oos,H1,two_weeks,atrH_0.5,volatility,high,887,-112.8740875986426,626.8468824126226,47.59103184892909,51.521984216459984
all_oos,H1,two_weeks,atrH_0.5,volatility,low,993,-811.9971390231632,209.03236294058544,-15.806583836858193,54.0785498489426
all_oos,H1,two_weeks,atrH_0.5,session,10to19,1327,-188.0418452147704,98.26950109268957,37.7919637151468,53.20271288620949
all_oos,H1,two_weeks,atrH_0.5,session,after19,539,-1236.1096808905313,1163.6935269016662,-46.32403571428549,52.13358070500927
all_oos,H1,two_weeks,atrH_0.5,session,before10,14,668.7265607142717,424.84872500002217,95.43049285714312,50.0
all_oos,H1,two_weeks,atrH_0.5,trend,down,1001,-370.7867347152812,628.3054077422587,22.62775939060938,52.44755244755245
all_oos,H1,two_weeks,atrH_0.5,trend,up,879,-608.9589912400459,153.18385432309074,4.399226791808793,53.35608646188851
all_oos,H1,two_weeks,atrH_0.5,structure_regime,post_20240613,1588,-416.1080771095719,375.94132701510955,25.09536429471028,52.896725440806044
all_oos,H1,two_weeks,atrH_0.5,structure_regime,pre_20240613,292,-841.2768777397147,570.5051157534374,-45.66483219178084,52.73972602739726
all_oos,H1,two_weeks,atrH_0.5,fold,0,298,-764.826167617437,519.0072864094085,-32.709188926174406,52.348993288590606
all_oos,H1,two_weeks,atrH_0.5,fold,1,263,188.3896528517118,-279.18979562738224,78.76071863117895,50.19011406844106
all_oos,H1,two_weeks,atrH_0.5,fold,2,324,-35.31861373457273,406.4414472222219,79.6115689814812,52.46913580246913
all_oos,H1,two_weeks,atrH_0.5,fold,3,354,-943.6128926553739,276.50475480225185,-9.522062570621712,54.80225988700565
all_oos,H1,two_weeks,atrH_0.5,fold,4,641,-596.8464284711339,706.3578063962535,-10.72193666146643,53.35413416536662
all_oos,H1,two_weeks,atrH_1,side,-1,911,580.7732193743122,303.1441172338102,110.02898435784832,46.43249176728869
all_oos,H1,two_weeks,atrH_1,side,1,969,-1491.5064494840015,492.94649984519543,-96.92628111455093,47.781217750258
all_oos,H1,two_weeks,atrH_1,volatility,high,887,-108.85197908681026,630.868990924455,41.622781792559124,45.43404735062006
all_oos,H1,two_weeks,atrH_1,volatility,low,993,-825.4115219033216,195.61798006042685,-30.82031127895266,48.6404833836858
all_oos,H1,two_weeks,atrH_1,session,10to19,1327,-172.5199900904289,113.79135621703122,34.0399964581763,47.32479276563677
all_oos,H1,two_weeks,atrH_1,session,after19,539,-1267.4407952690165,1132.362412523181,-73.449696567718,46.567717996289424
all_oos,H1,two_weeks,atrH_1,session,before10,14,-292.9093714285723,-536.7872071428216,52.36782142857188,50.0
all_oos,H1,two_weeks,atrH_1,trend,down,1001,-367.39478171828307,631.6973607392567,11.243101298701166,46.45354645354645
all_oos,H1,two_weeks,atrH_1,trend,up,879,-623.9171447098951,138.22570085324176,-5.6194608077359725,47.89533560864619
all_oos,H1,two_weeks,atrH_1,structure_regime,post_20240613,1588,-428.4690529911841,363.58035113349723,13.899721316120855,47.040302267002524
all_oos,H1,two_weeks,atrH_1,structure_regime,pre_20240613,292,-807.4537347602691,604.3282587328832,-53.96547636986292,47.6027397260274
all_oos,H1,two_weeks,atrH_1,fold,0,298,-714.8277100671087,569.0057439597372,-37.40734899328845,46.97986577181208
all_oos,H1,two_weeks,atrH_1,fold,1,263,-45.065332699611346,-512.6447811787053,56.7561853612174,44.866920152091254
all_oos,H1,two_weeks,atrH_1,fold,2,324,-13.082053858029223,428.67800709876536,76.25762854938233,46.2962962962963
all_oos,H1,two_weeks,atrH_1,fold,3,354,-736.8306007062171,483.28704675140864,-14.191987994350516,47.740112994350284
all_oos,H1,two_weeks,atrH_1,fold,4,641,-664.9577043681757,638.2465304992118,-26.75219391575675,48.205928237129484
all_oos,H1,two_weeks,combo_0.25_1,side,-1,910,420.2474501098867,131.43633796703213,87.04154840659307,57.25274725274725
all_oos,H1,two_weeks,combo_0.25_1,side,1,968,-1763.761773088839,213.45714147726787,-62.569244576446174,58.057851239669425
all_oos,H1,two_weeks,combo_0.25_1,volatility,high,887,-402.58719391205693,337.1337760992083,33.73293990980843,56.708004509582864
all_oos,H1,two_weeks,combo_0.25_1,volatility,low,991,-976.590691977805,27.442907265385177,-11.382782441978094,58.52674066599395
all_oos,H1,two_weeks,combo_0.25_1,session,10to19,1326,-228.46645267722656,50.59625965308951,38.92586489441911,57.01357466063348
all_oos,H1,two_weeks,combo_0.25_1,session,after19,539,-1916.3622039888621,483.4410038033355,-63.68647476808898,59.36920222634509
all_oos,H1,two_weeks,combo_0.25_1,session,before10,13,843.8098038461535,-110.13544999999613,104.00718076923128,53.84615384615385
all_oos,H1,two_weeks,combo_0.25_1,trend,down,1001,-798.4194128871131,200.67272957042664,5.085543056942921,58.14185814185814
all_oos,H1,two_weeks,combo_0.25_1,trend,up,877,-599.405227423032,142.94205039908493,15.45057206385395,57.12656784492588
all_oos,H1,two_weeks,combo_0.25_1,structure_regime,post_20240613,1586,-589.2284087957123,191.91248348044988,22.64906440731389,57.44010088272383
all_oos,H1,two_weeks,combo_0.25_1,structure_regime,pre_20240613,292,-1336.9176726027376,74.86432089041452,-59.18025976027409,58.9041095890411
all_oos,H1,two_weeks,combo_0.25_1,fold,0,298,-1228.9851461409364,54.848307885909506,-44.81155419463093,58.38926174496645
all_oos,H1,two_weeks,combo_0.25_1,fold,1,263,421.4003418251025,-46.17910665399157,95.72336121673044,53.2319391634981
all_oos,H1,two_weeks,combo_0.25_1,fold,2,324,-278.9086989197633,162.85136203703124,56.738748919752595,57.407407407407405
all_oos,H1,two_weeks,combo_0.25_1,fold,3,354,-1165.943018644077,54.17462881354869,-8.900131355932613,59.6045197740113
all_oos,H1,two_weeks,combo_0.25_1,fold,4,639,-886.3484914710418,391.38064147104683,-13.16639859154929,58.21596244131455
all_oos,H1,two_weeks,combo_0.5_2,side,-1,910,710.7635203296705,421.95240818681634,109.58480104395588,52.087912087912095
all_oos,H1,two_weeks,combo_0.5_2,side,1,968,-1585.8692833161124,391.34963124999416,-75.19052029958667,53.51239669421488
all_oos,H1,two_weeks,combo_0.5_2,volatility,high,887,-113.04942153325374,626.6715484780116,47.59103184892909,51.521984216459984
all_oos,H1,two_weeks,combo_0.5_2,volatility,low,991,-795.2087041876898,208.82489505550046,-15.414228002018348,53.98587285570131
all_oos,H1,two_weeks,combo_0.5_2,session,10to19,1326,-181.41823959276036,97.64447273755572,37.99694400452474,53.16742081447964
all_oos,H1,two_weeks,combo_0.5_2,session,after19,539,-1236.1096808905313,1163.6935269016662,-46.32403571428549,52.13358070500927
all_oos,H1,two_weeks,combo_0.5_2,session,before10,13,1422.849303846156,468.9040500000056,117.11175384615446,46.15384615384615
all_oos,H1,two_weeks,combo_0.5_2,trend,down,1001,-370.7867347152812,628.3054077422587,22.62775939060938,52.44755244755245
all_oos,H1,two_weeks,combo_0.5_2,trend,up,877,-589.7025556442417,152.644722177875,4.8886637970352735,53.24971493728621
all_oos,H1,two_weeks,combo_0.5_2,structure_regime,post_20240613,1586,-405.2167808638083,375.9241114123541,25.39210359394699,52.83732660781841
all_oos,H1,two_weeks,combo_0.5_2,structure_regime,pre_20240613,292,-841.2768777397147,570.5051157534374,-45.66483219178084,52.73972602739726
all_oos,H1,two_weeks,combo_0.5_2,fold,0,298,-764.826167617437,519.0072864094085,-32.709188926174406,52.348993288590606
all_oos,H1,two_weeks,combo_0.5_2,fold,1,263,188.3896528517118,-279.18979562738224,78.76071863117895,50.19011406844106
all_oos,H1,two_weeks,combo_0.5_2,fold,2,324,-35.31861373457273,406.4414472222219,79.6115689814812,52.46913580246913
all_oos,H1,two_weeks,combo_0.5_2,fold,3,354,-943.6128926553739,276.50475480225185,-9.522062570621712,54.80225988700565
all_oos,H1,two_weeks,combo_0.5_2,fold,4,639,-570.3798883411528,707.3492446009358,-10.097533020344242,53.20813771517997
all_oos,H1,two_weeks,combo_1_2,side,-1,910,591.7496512637347,302.93853912088025,110.50638565934045,46.37362637362637
all_oos,H1,two_weeks,combo_1_2,side,1,968,-1483.4791611053693,493.73975346073746,-96.76063099173537,47.72727272727273
all_oos,H1,two_weeks,combo_1_2,volatility,high,887,-108.85197908681026,630.868990924455,41.622781792559124,45.43404735062006
all_oos,H1,two_weeks,combo_1_2,volatility,low,991,-808.2380825933383,195.79551664985195,-30.29554722502521,48.53683148335015
all_oos,H1,two_weeks,combo_1_2,session,10to19,1326,-165.55523910256335,113.50747322775291,34.31031787330313,47.28506787330316
all_oos,H1,two_weeks,combo_1_2,session,after19,539,-1267.4407952690165,1132.362412523181,-73.449696567718,46.567717996289424
all_oos,H1,two_weeks,combo_1_2,session,before10,13,397.0146461538389,-556.9306076923111,76.18654615384646,46.15384615384615
all_oos,H1,two_weeks,combo_1_2,trend,down,1001,-367.39478171828307,631.6973607392567,11.243101298701166,46.45354645354645
all_oos,H1,two_weeks,combo_1_2,trend,up,877,-604.0518458380816,138.29543198403522,-4.969012827822032,47.776510832383124
all_oos,H1,two_weeks,combo_1_2,structure_regime,post_20240613,1586,-417.23780249054255,363.9030897856198,14.284009615384562,46.973518284993695
all_oos,H1,two_weeks,combo_1_2,structure_regime,pre_20240613,292,-807.4537347602691,604.3282587328832,-53.96547636986292,47.6027397260274
all_oos,H1,two_weeks,combo_1_2,fold,0,298,-714.8277100671087,569.0057439597372,-37.40734899328845,46.97986577181208
all_oos,H1,two_weeks,combo_1_2,fold,1,263,-45.065332699611346,-512.6447811787053,56.7561853612174,44.866920152091254
all_oos,H1,two_weeks,combo_1_2,fold,2,324,-13.082053858029223,428.67800709876536,76.25762854938233,46.2962962962963
all_oos,H1,two_weeks,combo_1_2,fold,3,354,-736.8306007062171,483.28704675140864,-14.191987994350516,47.740112994350284
all_oos,H1,two_weeks,combo_1_2,fold,4,639,-637.8218890453842,639.9072438967042,-25.925625195618256,48.04381846635368
all_oos,H1,two_weeks,fixed_0,side,-1,911,123.27641421515085,-154.3526879253513,74.9008732711304,63.11745334796927
all_oos,H1,two_weeks,fixed_0,side,1,969,-2068.8711965944244,-84.41824726522718,-46.6910479360164,64.60268317853458
all_oos,H1,two_weeks,fixed_0,volatility,high,887,-958.4627360202879,-218.74176600902254,22.43820152198433,64.37429537767756
all_oos,H1,two_weeks,fixed_0,volatility,low,993,-1049.622285297079,-28.592783333330527,3.1101564451156034,63.44410876132931
all_oos,H1,two_weeks,fixed_0,session,10to19,1327,-301.2595555011275,-14.948209193667433,44.147527392614805,62.24566691785983
all_oos,H1,two_weeks,fixed_0,session,after19,539,-2798.586980148419,-398.7837723562213,-69.09825862708709,68.08905380333951
all_oos,H1,two_weeks,fixed_0,session,before10,14,1127.031164285662,883.1533285714132,117.94733214285625,57.14285714285714
all_oos,H1,two_weeks,fixed_0,trend,down,1001,-1357.6026205294747,-358.5104780719349,-1.3197883616385142,65.53446553446554
all_oos,H1,two_weeks,fixed_0,trend,up,879,-606.9068862343463,155.23595932879033,27.658905858930666,62.00227531285552
all_oos,H1,two_weeks,fixed_0,structure_regime,post_20240613,1588,-916.4727264168749,-124.42332229219345,23.45405761964732,63.85390428211587
all_oos,H1,two_weeks,fixed_0,structure_regime,pre_20240613,292,-1496.8242691780736,-85.04227568492121,-48.814977397260456,64.04109589041096
all_oos,H1,two_weeks,fixed_0,fold,0,298,-1346.3396620805256,-62.50620805367982,-33.63432902684571,63.42281879194631
all_oos,H1,two_weeks,fixed_0,fold,1,263,698.1892612167283,230.60981273763417,116.0844636882133,57.414448669201526
all_oos,H1,two_weeks,fixed_0,fold,2,324,-1289.9176381172922,-848.1575771604975,22.941436728394713,67.28395061728395
all_oos,H1,two_weeks,fixed_0,fold,3,354,-1433.9725185028176,-213.85487104519174,0.3589138418078401,65.81920903954803
all_oos,H1,two_weeks,fixed_0,fold,4,641,-1168.933457488296,134.2707773790915,-7.919180655226268,63.962558502340094
all_oos,H1,two_weeks,fixed_0.01,side,-1,911,261.96109094402476,-15.66801119647728,79.13908424807893,61.80021953896817
all_oos,H1,two_weeks,fixed_0.01,side,1,969,-1975.607776883385,8.845172445811745,-45.45771011351906,63.46749226006192
all_oos,H1,two_weeks,fixed_0.01,volatility,high,887,-844.1901883314473,-104.469218320182,26.44133190529893,63.246899661781285
all_oos,H1,two_weeks,fixed_0.01,volatility,low,993,-933.4548689828802,87.57463298086824,4.626105991943396,62.134944612286006
all_oos,H1,two_weeks,fixed_0.01,session,10to19,1327,-141.05490493594561,145.2564413715143,49.54504095704587,60.81386586284852
all_oos,H1,two_weeks,fixed_0.01,session,after19,539,-2784.340106771789,-384.53689897959134,-72.86942124304254,67.3469387755102
all_oos,H1,two_weeks,fixed_0.01,session,before10,14,872.985317857181,629.1074821429316,112.68095357142987,57.14285714285714
all_oos,H1,two_weeks,fixed_0.01,trend,down,1001,-1182.9422146853124,-183.8500722277726,4.6657659340659485,64.13586413586414
all_oos,H1,two_weeks,fixed_0.01,trend,up,879,-559.2630546643867,202.87979089874986,26.59471325369731,60.978384527872585
all_oos,H1,two_weeks,fixed_0.01,structure_regime,post_20240613,1588,-820.1991892632224,-28.149785138540942,25.491985579345055,62.72040302267003
all_oos,H1,two_weeks,fixed_0.01,structure_regime,pre_20240613,292,-1278.2228404109471,133.55915308220497,-42.582494691780845,62.328767123287676
all_oos,H1,two_weeks,fixed_0.01,fold,0,298,-1137.434823322134,146.39863070471165,-27.594446644295264,61.74496644295302
all_oos,H1,two_weeks,fixed_0.01,fold,1,263,845.8382547528612,378.25880627376705,120.3575243346012,56.27376425855514
all_oos,H1,two_weeks,fixed_0.01,fold,2,324,-1246.1798993827342,-804.41983842594,28.417322993826804,66.66666666666666
all_oos,H1,two_weeks,fixed_0.01,fold,3,354,-1284.1603418079071,-64.04269435028122,2.063000706214695,64.12429378531074
all_oos,H1,two_weeks,fixed_0.01,fold,4,641,-1093.3887943837678,209.81544048361943,-8.301425975039097,62.870514820592824
all_oos,H1,two_weeks,fixed_0.03,side,-1,911,384.0207024698132,106.39160032931126,85.6677067508231,60.043907793633366
all_oos,H1,two_weeks,fixed_0.03,side,1,969,-1929.403225386995,55.04972394220188,-53.77734484004119,61.60990712074303
all_oos,H1,two_weeks,fixed_0.03,volatility,high,887,-755.7134404735019,-15.992470462236726,29.32127593010161,61.668545659526494
all_oos,H1,two_weeks,fixed_0.03,volatility,low,993,-855.4189765861048,165.6105253776437,-0.07546631419959426,60.12084592145015
all_oos,H1,two_weeks,fixed_0.03,session,10to19,1327,-143.39604577995587,142.91530052750414,46.801851281085085,59.38206480783723
all_oos,H1,two_weeks,fixed_0.03,session,after19,539,-2481.2705428571353,-81.46733506493754,-69.74362346938764,64.56400742115028
all_oos,H1,two_weeks,fixed_0.03,session,before10,14,567.3221357142158,323.44429999996686,101.34214999999847,57.14285714285714
all_oos,H1,two_weeks,fixed_0.03,trend,down,1001,-924.7865692307705,74.3055732267692,9.778107242757182,61.53846153846154
all_oos,H1,two_weeks,fixed_0.03,trend,up,879,-675.8105911831593,86.33225437997751,18.367631797497165,60.068259385665534
all_oos,H1,two_weeks,fixed_0.03,structure_regime,post_20240613,1588,-719.9436289672537,72.10577515742759,25.58912534634761,60.83123425692695
all_oos,H1,two_weeks,fixed_0.03,structure_regime,pre_20240613,292,-1289.3095296232855,122.47246386986693,-50.35101832191803,60.95890410958904
all_oos,H1,two_weeks,fixed_0.03,fold,0,298,-1155.4625766778477,128.37087734899805,-35.34078523489946,60.40268456375839
all_oos,H1,two_weeks,fixed_0.03,fold,1,263,746.1055787072266,278.5261302281326,117.09854049429683,55.13307984790875
all_oos,H1,two_weeks,fixed_0.03,fold,2,324,-820.5154725308656,-378.75541157407105,49.85539243827157,63.888888888888886
all_oos,H1,two_weeks,fixed_0.03,fold,3,354,-935.9052081920919,284.21243926553404,2.849142090395279,60.451977401129945
all_oos,H1,two_weeks,fixed_0.03,fold,4,641,-1208.2516817472692,94.95255312011835,-17.93146942277691,62.090483619344774
all_oos,H1,two_weeks,fixed_0.05,side,-1,911,277.62910214050197,0.0,78.89048408342457,59.16575192096597
all_oos,H1,two_weeks,fixed_0.05,side,1,969,-1984.4529493291973,0.0,-62.80981718266228,60.165118679050565
all_oos,H1,two_weeks,fixed_0.05,volatility,high,887,-739.7209700112652,0.0,23.088379932356474,60.09019165727171
all_oos,H1,two_weeks,fixed_0.05,volatility,low,993,-1021.0295019637484,0.0,-9.539652416918589,59.315206445115805
all_oos,H1,two_weeks,fixed_0.05,session,10to19,1327,-286.31134630746,0.0,37.396742200452074,58.402411454408444
all_oos,H1,two_weeks,fixed_0.05,session,after19,539,-2399.8032077921976,0.0,-73.9989589053801,62.89424860853432
all_oos,H1,two_weeks,fixed_0.05,session,before10,14,243.87783571424916,0.0,90.46286428571402,57.14285714285714
all_oos,H1,two_weeks,fixed_0.05,trend,down,1001,-999.09214245754,0.0,1.0081180319680139,60.33966033966034
all_oos,H1,two_weeks,fixed_0.05,trend,up,879,-762.1428455631369,0.0,11.37359726962463,58.93060295790671
all_oos,H1,two_weeks,fixed_0.05,structure_regime,post_20240613,1588,-792.0494041246814,0.0,17.850148740554214,59.69773299748111
all_oos,H1,two_weeks,fixed_0.05,structure_regime,pre_20240613,292,-1411.781993493152,0.0,-59.381911130137155,59.589041095890416
all_oos,H1,two_weeks,fixed_0.05,fold,0,298,-1283.8334540268456,0.0,-44.32407617449674,59.06040268456376
all_oos,H1,two_weeks,fixed_0.05,fold,1,263,467.5794484790941,0.0,105.49571007604604,55.13307984790875
all_oos,H1,two_weeks,fixed_0.05,fold,2,324,-441.7600609567947,0.0,51.52506265432077,60.49382716049383
all_oos,H1,two_weeks,fixed_0.05,fold,3,354,-1220.117647457626,0.0,-9.25433502824869,60.16949152542372
all_oos,H1,two_weeks,fixed_0.05,fold,4,641,-1303.2042348673874,0.0,-26.44050639625574,61.15444617784711
all_oos,H1,two_weeks,fixed_0.1,side,-1,911,509.1961980790339,231.56709593853174,83.09871844127318,54.99451152579583
all_oos,H1,two_weeks,fixed_0.1,side,1,969,-1582.2748282765745,402.17812105262266,-61.917495407636714,55.21155830753354
all_oos,H1,two_weeks,fixed_0.1,volatility,high,887,-430.1451850056364,309.5757850056288,27.44298196166855,55.91882750845547
all_oos,H1,two_weeks,fixed_0.1,volatility,low,993,-692.6563877643516,328.37311419939687,-8.69793106747243,54.38066465256798
all_oos,H1,two_weeks,fixed_0.1,session,10to19,1327,-189.3257310097988,96.98561529766124,35.14699762622445,55.011303692539556
all_oos,H1,two_weeks,fixed_0.1,session,after19,539,-1538.3895025973989,861.413705194799,-59.9683005565862,55.473098330241186
all_oos,H1,two_weeks,fixed_0.1,session,before10,14,791.472485714299,547.5946500000495,99.1234000000011,50.0
all_oos,H1,two_weeks,fixed_0.1,trend,down,1001,-606.0919303196828,393.00021213785703,6.976637862137714,55.64435564435565
all_oos,H1,two_weeks,fixed_0.1,trend,up,879,-526.3350965870288,235.8077489761081,9.921803128555203,54.49374288964732
all_oos,H1,two_weeks,fixed_0.1,structure_regime,post_20240613,1588,-502.37770941435974,289.6716947103217,19.081072921914263,55.352644836272034
all_oos,H1,two_weeks,fixed_0.1,structure_regime,pre_20240613,292,-930.0368821917721,481.74511130138006,-49.985836815068396,53.76712328767124
all_oos,H1,two_weeks,fixed_0.1,fold,0,298,-819.6230627516679,464.21039127517764,-35.29889815436228,53.355704697986575
all_oos,H1,two_weeks,fixed_0.1,fold,1,263,379.70365969582855,-87.87578878326556,92.30352661597018,52.47148288973384
all_oos,H1,two_weeks,fixed_0.1,fold,2,324,-383.03884691359235,58.7212140432023,43.862026388888424,57.71604938271605
all_oos,H1,two_weeks,fixed_0.1,fold,3,354,-955.973372316391,264.1442751412349,-10.07692062146925,55.6497175141243
all_oos,H1,two_weeks,fixed_0.1,fold,4,641,-721.4380682527304,581.7661666146569,-13.566213806552359,55.38221528861155
all_oos,H1,two_weeks,fixed_0.2,side,-1,911,678.8043462129501,401.175244072448,98.91565428100965,49.176728869374315
all_oos,H1,two_weeks,fixed_0.2,side,1,969,-1496.6306982972108,487.82225103198607,-79.40787941176455,50.15479876160991
all_oos,H1,two_weeks,fixed_0.2,volatility,high,887,-4.165337993233383,735.5556320180318,44.15761555806099,49.379932356257044
all_oos,H1,two_weeks,fixed_0.2,volatility,low,993,-833.9876459718042,187.04185599194403,-26.1851753272912,49.9496475327291
all_oos,H1,two_weeks,fixed_0.2,session,10to19,1327,-180.45322505651842,105.85812125094161,30.54589189902029,50.263752825923135
all_oos,H1,two_weeks,fixed_0.2,session,after19,539,-1110.7445025046368,1289.0587052875608,-52.70561428571421,48.42300556586271
all_oos,H1,two_weeks,fixed_0.2,session,before10,14,450.59494642852536,206.71711071427606,74.27524642856989,42.857142857142854
all_oos,H1,two_weeks,fixed_0.2,trend,down,1001,-335.08575499500625,664.0063874625336,13.525571428571352,49.45054945054945
all_oos,H1,two_weeks,fixed_0.2,trend,up,879,-564.7594385665512,197.38340699658548,-0.42454050056880704,49.943117178612056
all_oos,H1,two_weeks,fixed_0.2,structure_regime,post_20240613,1588,-370.42447641687727,421.62492770780426,17.26979785894202,49.93702770780856
all_oos,H1,two_weeks,fixed_0.2,structure_regime,pre_20240613,292,-834.2819133561602,577.5000801369919,-48.830524315068466,48.28767123287671
all_oos,H1,two_weeks,fixed_0.2,fold,0,298,-745.4759293624107,538.3575246644348,-34.83798791946299,47.98657718120805
all_oos,H1,two_weeks,fixed_0.2,fold,1,263,274.4369140684485,-193.14253441064574,79.58931007604616,48.28897338403042
all_oos,H1,two_weeks,fixed_0.2,fold,2,324,144.61001404320746,586.3700750000021,73.69687947530842,50.92592592592593
all_oos,H1,two_weeks,fixed_0.2,fold,3,354,-816.9397557909642,403.1778916666618,-13.981798870056714,49.717514124293785
all_oos,H1,two_weeks,fixed_0.2,fold,4,641,-685.6886734789413,617.5155613884461,-25.448634009360518,50.390015600624025
all_oos,H1,two_weeks,fixed_0.5,side,-1,911,649.8957607025218,372.26665856201976,110.93514923161332,38.748627881448954
all_oos,H1,two_weeks,fixed_0.5,side,1,969,-1175.5049832817317,808.9479660474656,-102.94166486068092,38.80288957688339
all_oos,H1,two_weeks,fixed_0.5,volatility,high,887,-118.58065439684091,621.1403156144243,29.627940078917874,40.36076662908681
all_oos,H1,two_weeks,fixed_0.5,volatility,low,993,-444.9428503021174,576.0866516616312,-25.144546978852187,37.36153071500504
all_oos,H1,two_weeks,fixed_0.5,session,10to19,1327,-84.18951224566847,202.1218340617915,29.241613036925234,39.7889977392615
all_oos,H1,two_weeks,fixed_0.5,session,after19,539,-830.3519292207759,1569.4512785714219,-72.00625027829287,36.54916512059369
all_oos,H1,two_weeks,fixed_0.5,session,before10,14,876.4201285714187,632.5422928571697,94.2282928571422,28.57142857142857
all_oos,H1,two_weeks,fixed_0.5,trend,down,1001,-377.36984670329787,621.7222957542419,-7.165653896104009,39.460539460539465
all_oos,H1,two_weeks,fixed_0.5,trend,up,879,-192.5620867463018,569.580758816835,9.65218117178617,37.997724687144476
all_oos,H1,two_weeks,fixed_0.5,structure_regime,post_20240613,1588,-236.4513766057939,555.5980275188876,8.807058847607,38.97984886649874
all_oos,H1,two_weeks,fixed_0.5,structure_regime,pre_20240613,292,-587.4126874999987,824.3693059931533,-43.40466352739725,37.67123287671233
all_oos,H1,two_weeks,fixed_0.5,fold,0,298,-529.1417318791924,754.691722147653,-31.540503523489818,37.58389261744966
all_oos,H1,two_weeks,fixed_0.5,fold,1,263,-195.0133271863078,-662.5927756654019,31.977970152091782,40.68441064638783
all_oos,H1,two_weeks,fixed_0.5,fold,2,324,271.93433163579994,713.6943925925946,92.6046270061725,40.4320987654321
all_oos,H1,two_weeks,fixed_0.5,fold,3,354,-512.0801361581968,708.0375112994291,-30.596788700565362,36.440677966101696
all_oos,H1,two_weeks,fixed_0.5,fold,4,641,-382.0076519500774,921.19658291731,-26.32187886115444,39.0015600624025
all_oos,H1,two_weeks,price_0.0005,side,-1,911,302.6341104280979,25.00500828759594,79.9514043358944,59.27552140504939
all_oos,H1,two_weeks,price_0.0005,side,1,969,-1927.1434366356993,57.309512693497794,-59.70308152734761,60.06191950464397
all_oos,H1,two_weeks,price_0.0005,volatility,high,887,-698.4108520293049,41.31011798196028,25.60020281848943,60.09019165727171
all_oos,H1,two_weeks,price_0.0005,volatility,low,993,-979.0653471802638,41.964154783484894,-7.778385246727242,59.315206445115805
all_oos,H1,two_weeks,price_0.0005,session,10to19,1327,-245.84932844762457,40.46201785983544,39.35003428786734,58.402411454408444
all_oos,H1,two_weeks,price_0.0005,session,after19,539,-2356.323724860848,43.479482931349395,-71.50304007421148,62.89424860853432
all_oos,H1,two_weeks,price_0.0005,session,before10,14,328.4450749999864,84.56723928573736,93.29188928571448,57.14285714285714
all_oos,H1,two_weeks,price_0.0005,trend,down,1001,-975.9478779720276,23.144264485512288,2.9961136863135702,60.53946053946054
all_oos,H1,two_weeks,price_0.0005,trend,up,879,-699.406700398175,62.73614516496185,13.634054095563235,58.703071672354945
all_oos,H1,two_weeks,price_0.0005,structure_regime,post_20240613,1588,-742.7342401763192,49.31516394836226,20.354509697733008,59.69773299748111
all_oos,H1,two_weeks,price_0.0005,structure_regime,pre_20240613,292,-1411.781993493152,0.0,-59.381911130137155,59.589041095890416
all_oos,H1,two_weeks,price_0.0005,fold,0,298,-1283.8334540268456,0.0,-44.32407617449674,59.06040268456376
all_oos,H1,two_weeks,price_0.0005,fold,1,263,526.3653543726326,58.78590589353852,107.53681026616017,54.752851711026615
all_oos,H1,two_weeks,price_0.0005,fold,2,324,-464.6472858024708,-22.887224845676034,51.871910185185044,60.49382716049383
all_oos,H1,two_weeks,price_0.0005,fold,3,354,-1125.6823696327683,94.43527782485754,-6.314364548022735,60.16949152542372
all_oos,H1,two_weeks,price_0.0005,fold,4,641,-1245.735967160682,57.46826770670529,-22.872662870514873,61.31045241809673
all_oos,H1,two_weeks,price_0.001,side,-1,911,392.7921578485211,115.16305570801897,79.20457063666295,56.09220636663008
all_oos,H1,two_weeks,price_0.001,side,1,969,-1600.9299752837953,383.5229740454017,-59.57621842105252,55.93395252837977
all_oos,H1,two_weeks,price_0.001,volatility,high,887,-487.78324126267427,251.93772874859096,27.904639627959707,56.82074408117249
all_oos,H1,two_weeks,price_0.001,volatility,low,993,-766.1669237160149,254.86257824773355,-10.398194511581282,55.2870090634441
all_oos,H1,two_weeks,price_0.001,session,10to19,1327,-172.0177809344397,114.29356537302027,37.177820949510064,55.463451394122075
all_oos,H1,two_weeks,price_0.001,session,after19,539,-1818.3592250463687,581.4439827458289,-67.54343988868236,57.5139146567718
all_oos,H1,two_weeks,price_0.001,session,before10,14,1063.980524999954,820.1026892857045,106.92527857142758,50.0
all_oos,H1,two_weeks,price_0.001,trend,down,1001,-705.2521139360612,293.84002852147864,6.69729885114889,56.84315684315684
all_oos,H1,two_weeks,price_0.001,trend,up,879,-554.6190263936267,207.52381916951023,8.78499664391354,55.062571103526736
all_oos,H1,two_weeks,price_0.001,structure_regime,post_20240613,1588,-584.5692675377815,207.4801365869,18.0172583123426,56.42317380352645
all_oos,H1,two_weeks,price_0.001,structure_regime,pre_20240613,292,-908.1215527397192,503.66044075343285,-48.580130136986305,53.76712328767124
all_oos,H1,two_weeks,price_0.001,fold,0,298,-796.8117634228104,487.02169060403514,-33.85438020134222,53.355704697986575
all_oos,H1,two_weeks,price_0.001,fold,1,263,347.85903840305565,-119.7204100760385,90.09263212927841,52.851711026615966
all_oos,H1,two_weeks,price_0.001,fold,2,324,-486.79691743828073,-45.0368564814864,43.91997191357982,58.64197530864198
all_oos,H1,two_weeks,price_0.001,fold,3,354,-1074.4194326271188,145.69821483050694,-12.046682203389835,57.06214689265536
all_oos,H1,two_weeks,price_0.001,fold,4,641,-794.754807254287,508.4494276131004,-14.267229563182598,56.63026521060842
all_oos,H1,two_weeks,price_0.002,side,-1,911,685.3380043358941,407.7089021953921,99.29745334796908,50.49396267837542
all_oos,H1,two_weeks,price_0.002,side,1,969,-1664.2617266253826,320.1912227038142,-79.47041666666644,52.218782249742
all_oos,H1,two_weeks,price_0.002,volatility,high,887,-129.95934701239443,609.7616229988708,42.19608213077816,51.40924464487034
all_oos,H1,two_weeks,price_0.002,volatility,low,993,-879.2072007552897,141.822301208459,-24.143785095669866,51.3595166163142
all_oos,H1,two_weeks,price_0.002,session,10to19,1327,-213.14053594574145,73.17081036171855,33.06577645064048,51.62019593067069
all_oos,H1,two_weeks,price_0.002,session,after19,539,-1329.8076126159503,1069.9955951762472,-58.766227179962634,51.02040816326531
all_oos,H1,two_weeks,price_0.002,session,before10,14,805.5073749999856,561.6295392857365,89.27552500000003,42.857142857142854
all_oos,H1,two_weeks,price_0.002,trend,down,1001,-466.72866918081644,532.3634732767233,11.915891158841214,51.64835164835166
all_oos,H1,two_weeks,price_0.002,trend,up,879,-592.8683655290092,169.27448003412746,1.7353119453924815,51.080773606370876
all_oos,H1,two_weeks,price_0.002,structure_regime,post_20240613,1588,-471.398771662467,320.65063246221433,17.00579187657434,51.82619647355163
all_oos,H1,two_weeks,price_0.002,structure_regime,pre_20240613,292,-821.0460333904066,590.7359601027457,-46.41113441780819,48.97260273972603
all_oos,H1,two_weeks,price_0.002,fold,0,298,-732.4879979865718,551.3454560402739,-32.33308238255025,48.65771812080537
all_oos,H1,two_weeks,price_0.002,fold,1,263,271.3671144486702,-196.21233403042396,80.07193136882142,48.669201520912544
all_oos,H1,two_weeks,price_0.002,fold,2,324,20.011863734558304,461.771924691353,70.69157962962915,52.46913580246913
all_oos,H1,two_weeks,price_0.002,fold,3,354,-1016.4141642655345,203.7034831920912,-19.53801214689263,52.54237288135594
all_oos,H1,two_weeks,price_0.002,fold,4,641,-761.4478136505397,541.7564212168477,-21.775551716068414,52.574102964118566
all_oos,H1,two_weeks,price_0.005,side,-1,911,629.7460427003268,352.11694055982485,107.44160104280988,40.83424807903403
all_oos,H1,two_weeks,price_0.005,side,1,969,-1259.9455339009266,724.5074154282704,-100.61596233230115,41.073271413828685
all_oos,H1,two_weeks,price_0.005,volatility,high,887,-93.32785749717853,646.3931125140865,34.4924120067646,42.27733934611049
all_oos,H1,two_weeks,price_0.005,volatility,low,993,-568.3854661127923,452.64403585095613,-30.425315609265073,39.77844914400806
all_oos,H1,two_weeks,price_0.005,session,10to19,1327,-128.40734265260028,157.90400365485968,28.07773639788991,41.89902034664657
all_oos,H1,two_weeks,price_0.005,session,after19,539,-886.5881404452688,1513.2150673469291,-69.48348562152125,38.775510204081634
all_oos,H1,two_weeks,price_0.005,session,before10,14,77.06956785716537,-166.80826785708334,41.062400000001745,35.714285714285715
all_oos,H1,two_weeks,price_0.005,trend,down,1001,-403.26809575424636,595.8240467032934,-4.2070179820180424,41.95804195804196
all_oos,H1,two_weeks,price_0.005,trend,up,879,-277.03892332195613,485.1039222411806,5.226002332195735,39.81797497155859
all_oos,H1,two_weeks,price_0.005,structure_regime,post_20240613,1588,-282.34029171914364,509.70911240553784,8.82079049118389,41.30982367758186
all_oos,H1,two_weeks,price_0.005,structure_regime,pre_20240613,292,-680.9321719178087,730.8498215753434,-46.66090496575354,39.04109589041096
all_oos,H1,two_weeks,price_0.005,fold,0,298,-616.4600098993285,667.3734441275171,-34.39561258389265,38.92617449664429
all_oos,H1,two_weeks,price_0.005,fold,1,263,-119.80450019011046,-587.3839486692045,42.131249619772326,41.44486692015209
all_oos,H1,two_weeks,price_0.005,fold,2,324,142.0876561728382,583.8477171296329,82.26061496913563,42.592592592592595
all_oos,H1,two_weeks,price_0.005,fold,3,354,-522.4185790960486,697.6990683615771,-24.152143502825137,38.70056497175141
all_oos,H1,two_weeks,price_0.005,fold,4,641,-457.2154985179402,845.9887363494471,-28.940367394695752,42.12168486739469
all_oos,H1,two_weeks,q_0.5,side,-1,911,717.511404006589,439.8823018660869,110.55299050493963,48.40834248079034
all_oos,H1,two_weeks,q_0.5,side,1,969,-1553.2525914860655,431.2003578431314,-87.4069424664601,50.25799793601651
all_oos,H1,two_weeks,q_0.5,volatility,high,887,-140.02588348364947,599.6950865276158,40.08063483652779,48.02705749718152
all_oos,H1,two_weeks,q_0.5,volatility,low,993,-732.3725210976817,288.65698086606676,-19.67278549848941,50.55387713997986
all_oos,H1,two_weeks,q_0.5,session,10to19,1327,-118.6988107008256,167.61253560663442,37.18422652599859,49.510173323285606
all_oos,H1,two_weeks,q_0.5,session,after19,539,-1286.4924362708698,1113.3107715213282,-63.53318478664182,48.97959183673469
all_oos,H1,two_weeks,q_0.5,session,before10,14,-36.866225000044,-280.74406071429314,65.52607857142769,50.0
all_oos,H1,two_weeks,q_0.5,trend,down,1001,-310.18299580419654,688.9091466533432,15.68674395604388,48.75124875124875
all_oos,H1,two_weeks,q_0.5,trend,up,879,-615.4217216154657,146.72112394767117,0.3572427758819615,50.05688282138794
all_oos,H1,two_weeks,q_0.5,structure_regime,post_20240613,1588,-417.6601324622147,374.3892716624668,17.940796725440883,49.559193954659946
all_oos,H1,two_weeks,q_0.5,structure_regime,pre_20240613,292,-644.5362388698563,767.2457546232957,-42.71759623287653,48.28767123287671
all_oos,H1,two_weeks,q_0.5,fold,0,298,-581.7617875838853,702.0716664429602,-31.291554362415862,47.98657718120805
all_oos,H1,two_weeks,q_0.5,fold,1,263,12.025712167309518,-455.55373631178463,67.12782471482957,47.14828897338403
all_oos,H1,two_weeks,q_0.5,fold,2,324,-58.76339182099333,382.9966691358012,67.26326234567858,49.074074074074076
all_oos,H1,two_weeks,q_0.5,fold,3,354,-766.0793999999996,454.0382474576262,-6.459853389830569,51.12994350282486
all_oos,H1,two_weeks,q_0.5,fold,4,641,-610.0080735569388,693.1961613104486,-18.43962012480486,50.078003120124805
all_oos,H1,two_weeks,q_0.75,side,-1,911,248.6196713501636,-29.009430790338474,141.89319143798,23.71020856201976
all_oos,H1,two_weeks,q_0.75,side,1,969,-1111.5371336945298,872.9158156346671,-261.4050498452011,24.251805985552117
all_oos,H1,two_weeks,q_0.75,volatility,high,887,-445.90132294250236,293.81964706876283,-67.78126065388952,24.23900789177001
all_oos,H1,two_weeks,q_0.75,volatility,low,993,-458.2804516616323,562.7490503021162,-64.36537532729113,23.76636455186304
all_oos,H1,two_weeks,q_0.75,session,10to19,1327,-396.1880691032411,-109.87672279578118,-42.694970949510385,25.169555388093446
all_oos,H1,two_weeks,q_0.75,session,after19,539,-632.4628322820023,1767.3403755101956,-130.19096855287538,21.521335807050093
all_oos,H1,two_weeks,q_0.75,session,before10,14,1146.576596428559,902.6987607143097,199.45447142857057,7.142857142857142
all_oos,H1,two_weeks,q_0.75,trend,down,1001,-451.32912047952135,547.7630219780185,-61.18471528471548,23.876123876123874
all_oos,H1,two_weeks,q_0.75,trend,up,879,-453.7047922070531,308.4380533560836,-71.43446632536966,24.118316268486918
all_oos,H1,two_weeks,q_0.75,structure_regime,post_20240613,1588,-479.4655633501262,312.58384077455526,-72.79458579974819,24.748110831234257
all_oos,H1,two_weeks,q_0.75,structure_regime,pre_20240613,292,-305.4645457191782,1106.317447773974,-28.90066318493153,19.863013698630137
all_oos,H1,two_weeks,q_0.75,fold,0,298,-287.1463144295302,996.6871395973153,-24.069944630872424,19.798657718120804
all_oos,H1,two_weeks,q_0.75,fold,1,263,-703.763468250949,-1171.3429167300428,-162.3276277566536,23.574144486692013
all_oos,H1,two_weeks,q_0.75,fold,2,324,-44.59488425926054,397.1651766975339,32.86204104938226,19.444444444444446
all_oos,H1,two_weeks,q_0.75,fold,3,354,-642.7156796610183,577.4019677966076,-90.19601327683641,25.423728813559322
all_oos,H1,two_weeks,q_0.75,fold,4,641,-527.2347503900156,775.9694844773718,-82.51123073322934,27.613104524180965
all_oos,H1,two_weeks,q_0.9,side,-1,911,-82.59159187705858,-360.2206940175605,81.56833188803486,10.53787047200878
all_oos,H1,two_weeks,q_0.9,side,1,969,-858.7285312693499,1125.724418059847,-387.4122155830753,10.526315789473683
all_oos,H1,two_weeks,q_0.9,volatility,high,887,-372.4167001691093,367.3042698421559,-132.8273998872605,10.146561443066517
all_oos,H1,two_weeks,q_0.9,volatility,low,993,-581.0828539274931,439.94664803625545,-184.5677571500505,10.876132930513595
all_oos,H1,two_weeks,q_0.9,session,10to19,1327,-450.74479758854596,-164.43345128108587,-132.5699444988698,10.474755086661643
all_oos,H1,two_weeks,q_0.9,session,after19,539,-600.0988165120594,1799.7043912801385,-239.70846660482363,10.946196660482375
all_oos,H1,two_weeks,q_0.9,session,before10,14,1017.3372499999989,773.4594142857504,287.82095000000004,0.0
all_oos,H1,two_weeks,q_0.9,trend,down,1001,-451.58222287712357,547.5099195804162,-148.1389830169833,9.990009990009991
all_oos,H1,two_weeks,q_0.9,trend,up,879,-517.9921295790668,244.15071598406985,-173.84137036404994,11.149032992036405
all_oos,H1,two_weeks,q_0.9,structure_regime,post_20240613,1588,-521.8602441750633,270.1891599496182,-175.7175612720404,11.649874055415617
all_oos,H1,two_weeks,q_0.9,structure_regime,pre_20240613,292,-269.29732619863006,1142.484667294522,-75.52807962328777,4.4520547945205475
all_oos,H1,two_weeks,q_0.9,fold,0,298,-260.94331543624156,1022.8901385906041,-54.38039714765102,4.3624161073825505
all_oos,H1,two_weeks,q_0.9,fold,1,263,-557.8544663498097,-1025.4339148289039,-198.46244828897332,7.224334600760455
all_oos,H1,two_weeks,q_0.9,fold,2,324,-216.48261682098814,225.27744413580675,-84.6839274691362,7.098765432098765
all_oos,H1,two_weeks,q_0.9,fold,3,354,-630.927226977402,589.1904204802237,-164.67902697740132,13.841807909604519
all_oos,H1,two_weeks,q_0.9,fold,4,641,-607.4624776131047,695.7417572542828,-229.2647991419657,14.664586583463338
all_oos,H1,two_weeks,selected_atrD,side,-1,911,635.8384130076847,358.2093108671827,114.74595104281009,45.88364434687157
all_oos,H1,two_weeks,selected_atrD,side,1,969,-1359.3791635706912,625.0737857585059,-89.7689845201237,46.95562435500516
all_oos,H1,two_weeks,selected_atrD,volatility,high,887,45.56254673055402,785.2835167418192,50.27847085682087,43.63021420518602
all_oos,H1,two_weeks,selected_atrD,volatility,low,993,-783.8908300100707,237.13867195367774,-27.240270140986922,48.94259818731118
all_oos,H1,two_weeks,selected_atrD,session,10to19,1327,-138.5205159382079,147.7908303692521,37.2134533157497,47.24943481537302
all_oos,H1,two_weeks,selected_atrD,session,after19,539,-1037.6351858070445,1362.1680219851532,-60.16792588126117,44.526901669758814
all_oos,H1,two_weeks,selected_atrD,session,before10,14,365.1767535714302,121.29891785718142,42.54820714285753,42.857142857142854
all_oos,H1,two_weeks,selected_atrD,trend,down,1001,-262.39551233766565,736.696630119874,17.197238611388446,45.25474525474525
all_oos,H1,two_weeks,selected_atrD,trend,up,879,-540.7641722411779,221.37867332195867,0.37881632537005083,47.781569965870304
all_oos,H1,two_weeks,selected_atrD,structure_regime,post_20240613,1588,-298.15450585642327,493.89489826825826,21.47674590680105,46.095717884130984
all_oos,H1,two_weeks,selected_atrD,structure_regime,pre_20240613,292,-905.8913011986263,505.8906922945258,-56.704305136986214,48.28767123287671
all_oos,H1,two_weeks,selected_atrD,fold,0,298,-827.885860906035,455.9475931208105,-42.68746442953001,47.98657718120805
all_oos,H1,two_weeks,selected_atrD,fold,1,263,240.38128498099314,-227.1981634981011,76.7125711026621,44.866920152091254
all_oos,H1,two_weeks,selected_atrD,fold,2,324,286.2596591049351,728.0197200617296,96.96197160493803,43.82716049382716
all_oos,H1,two_weeks,selected_atrD,fold,3,354,-731.4871810734495,488.63046638417654,-15.615531638418268,48.0225988700565
all_oos,H1,two_weeks,selected_atrD,fold,4,641,-605.7746865834627,697.4295482839249,-24.64104056162237,46.80187207488299
all_oos,H1,two_weeks,selected_atrH,side,-1,911,580.7732193743122,303.1441172338102,110.02898435784832,46.43249176728869
all_oos,H1,two_weeks,selected_atrH,side,1,969,-1491.5064494840015,492.94649984519543,-96.92628111455093,47.781217750258
all_oos,H1,two_weeks,selected_atrH,volatility,high,887,-108.85197908681026,630.868990924455,41.622781792559124,45.43404735062006
all_oos,H1,two_weeks,selected_atrH,volatility,low,993,-825.4115219033216,195.61798006042685,-30.82031127895266,48.6404833836858
all_oos,H1,two_weeks,selected_atrH,session,10to19,1327,-172.5199900904289,113.79135621703122,34.0399964581763,47.32479276563677
all_oos,H1,two_weeks,selected_atrH,session,after19,539,-1267.4407952690165,1132.362412523181,-73.449696567718,46.567717996289424
all_oos,H1,two_weeks,selected_atrH,session,before10,14,-292.9093714285723,-536.7872071428216,52.36782142857188,50.0
all_oos,H1,two_weeks,selected_atrH,trend,down,1001,-367.39478171828307,631.6973607392567,11.243101298701166,46.45354645354645
all_oos,H1,two_weeks,selected_atrH,trend,up,879,-623.9171447098951,138.22570085324176,-5.6194608077359725,47.89533560864619
all_oos,H1,two_weeks,selected_atrH,structure_regime,post_20240613,1588,-428.4690529911841,363.58035113349723,13.899721316120855,47.040302267002524
all_oos,H1,two_weeks,selected_atrH,structure_regime,pre_20240613,292,-807.4537347602691,604.3282587328832,-53.96547636986292,47.6027397260274
all_oos,H1,two_weeks,selected_atrH,fold,0,298,-714.8277100671087,569.0057439597372,-37.40734899328845,46.97986577181208
all_oos,H1,two_weeks,selected_atrH,fold,1,263,-45.065332699611346,-512.6447811787053,56.7561853612174,44.866920152091254
all_oos,H1,two_weeks,selected_atrH,fold,2,324,-13.082053858029223,428.67800709876536,76.25762854938233,46.2962962962963
all_oos,H1,two_weeks,selected_atrH,fold,3,354,-736.8306007062171,483.28704675140864,-14.191987994350516,47.740112994350284
all_oos,H1,two_weeks,selected_atrH,fold,4,641,-664.9577043681757,638.2465304992118,-26.75219391575675,48.205928237129484
all_oos,H1,two_weeks,selected_combo,side,-1,910,591.7496512637347,302.93853912088025,110.50638565934045,46.37362637362637
all_oos,H1,two_weeks,selected_combo,side,1,968,-1483.4791611053693,493.73975346073746,-96.76063099173537,47.72727272727273
all_oos,H1,two_weeks,selected_combo,volatility,high,887,-108.85197908681026,630.868990924455,41.622781792559124,45.43404735062006
all_oos,H1,two_weeks,selected_combo,volatility,low,991,-808.2380825933383,195.79551664985195,-30.29554722502521,48.53683148335015
all_oos,H1,two_weeks,selected_combo,session,10to19,1326,-165.55523910256335,113.50747322775291,34.31031787330313,47.28506787330316
all_oos,H1,two_weeks,selected_combo,session,after19,539,-1267.4407952690165,1132.362412523181,-73.449696567718,46.567717996289424
all_oos,H1,two_weeks,selected_combo,session,before10,13,397.0146461538389,-556.9306076923111,76.18654615384646,46.15384615384615
all_oos,H1,two_weeks,selected_combo,trend,down,1001,-367.39478171828307,631.6973607392567,11.243101298701166,46.45354645354645
all_oos,H1,two_weeks,selected_combo,trend,up,877,-604.0518458380816,138.29543198403522,-4.969012827822032,47.776510832383124
all_oos,H1,two_weeks,selected_combo,structure_regime,post_20240613,1586,-417.23780249054255,363.9030897856198,14.284009615384562,46.973518284993695
all_oos,H1,two_weeks,selected_combo,structure_regime,pre_20240613,292,-807.4537347602691,604.3282587328832,-53.96547636986292,47.6027397260274
all_oos,H1,two_weeks,selected_combo,fold,0,298,-714.8277100671087,569.0057439597372,-37.40734899328845,46.97986577181208
all_oos,H1,two_weeks,selected_combo,fold,1,263,-45.065332699611346,-512.6447811787053,56.7561853612174,44.866920152091254
all_oos,H1,two_weeks,selected_combo,fold,2,324,-13.082053858029223,428.67800709876536,76.25762854938233,46.2962962962963
all_oos,H1,two_weeks,selected_combo,fold,3,354,-736.8306007062171,483.28704675140864,-14.191987994350516,47.740112994350284
all_oos,H1,two_weeks,selected_combo,fold,4,639,-637.8218890453842,639.9072438967042,-25.925625195618256,48.04381846635368
all_oos,H1,two_weeks,selected_fixed,side,-1,911,649.8957607025218,372.26665856201976,110.93514923161332,38.748627881448954
all_oos,H1,two_weeks,selected_fixed,side,1,969,-1175.5049832817317,808.9479660474656,-102.94166486068092,38.80288957688339
all_oos,H1,two_weeks,selected_fixed,volatility,high,887,-118.58065439684091,621.1403156144243,29.627940078917874,40.36076662908681
all_oos,H1,two_weeks,selected_fixed,volatility,low,993,-444.9428503021174,576.0866516616312,-25.144546978852187,37.36153071500504
all_oos,H1,two_weeks,selected_fixed,session,10to19,1327,-84.18951224566847,202.1218340617915,29.241613036925234,39.7889977392615
all_oos,H1,two_weeks,selected_fixed,session,after19,539,-830.3519292207759,1569.4512785714219,-72.00625027829287,36.54916512059369
all_oos,H1,two_weeks,selected_fixed,session,before10,14,876.4201285714187,632.5422928571697,94.2282928571422,28.57142857142857
all_oos,H1,two_weeks,selected_fixed,trend,down,1001,-377.36984670329787,621.7222957542419,-7.165653896104009,39.460539460539465
all_oos,H1,two_weeks,selected_fixed,trend,up,879,-192.5620867463018,569.580758816835,9.65218117178617,37.997724687144476
all_oos,H1,two_weeks,selected_fixed,structure_regime,post_20240613,1588,-236.4513766057939,555.5980275188876,8.807058847607,38.97984886649874
all_oos,H1,two_weeks,selected_fixed,structure_regime,pre_20240613,292,-587.4126874999987,824.3693059931533,-43.40466352739725,37.67123287671233
all_oos,H1,two_weeks,selected_fixed,fold,0,298,-529.1417318791924,754.691722147653,-31.540503523489818,37.58389261744966
all_oos,H1,two_weeks,selected_fixed,fold,1,263,-195.0133271863078,-662.5927756654019,31.977970152091782,40.68441064638783
all_oos,H1,two_weeks,selected_fixed,fold,2,324,271.93433163579994,713.6943925925946,92.6046270061725,40.4320987654321
all_oos,H1,two_weeks,selected_fixed,fold,3,354,-512.0801361581968,708.0375112994291,-30.596788700565362,36.440677966101696
all_oos,H1,two_weeks,selected_fixed,fold,4,641,-382.0076519500774,921.19658291731,-26.32187886115444,39.0015600624025
all_oos,H1,two_weeks,selected_price,side,-1,911,629.7460427003268,352.11694055982485,107.44160104280988,40.83424807903403
all_oos,H1,two_weeks,selected_price,side,1,969,-1259.9455339009266,724.5074154282704,-100.61596233230115,41.073271413828685
all_oos,H1,two_weeks,selected_price,volatility,high,887,-93.32785749717853,646.3931125140865,34.4924120067646,42.27733934611049
all_oos,H1,two_weeks,selected_price,volatility,low,993,-568.3854661127923,452.64403585095613,-30.425315609265073,39.77844914400806
all_oos,H1,two_weeks,selected_price,session,10to19,1327,-128.40734265260028,157.90400365485968,28.07773639788991,41.89902034664657
all_oos,H1,two_weeks,selected_price,session,after19,539,-886.5881404452688,1513.2150673469291,-69.48348562152125,38.775510204081634
all_oos,H1,two_weeks,selected_price,session,before10,14,77.06956785716537,-166.80826785708334,41.062400000001745,35.714285714285715
all_oos,H1,two_weeks,selected_price,trend,down,1001,-403.26809575424636,595.8240467032934,-4.2070179820180424,41.95804195804196
all_oos,H1,two_weeks,selected_price,trend,up,879,-277.03892332195613,485.1039222411806,5.226002332195735,39.81797497155859
all_oos,H1,two_weeks,selected_price,structure_regime,post_20240613,1588,-282.34029171914364,509.70911240553784,8.82079049118389,41.30982367758186
all_oos,H1,two_weeks,selected_price,structure_regime,pre_20240613,292,-680.9321719178087,730.8498215753434,-46.66090496575354,39.04109589041096
all_oos,H1,two_weeks,selected_price,fold,0,298,-616.4600098993285,667.3734441275171,-34.39561258389265,38.92617449664429
all_oos,H1,two_weeks,selected_price,fold,1,263,-119.80450019011046,-587.3839486692045,42.131249619772326,41.44486692015209
all_oos,H1,two_weeks,selected_price,fold,2,324,142.0876561728382,583.8477171296329,82.26061496913563,42.592592592592595
all_oos,H1,two_weeks,selected_price,fold,3,354,-522.4185790960486,697.6990683615771,-24.152143502825137,38.70056497175141
all_oos,H1,two_weeks,selected_price,fold,4,641,-457.2154985179402,845.9887363494471,-28.940367394695752,42.12168486739469
all_oos,H1,two_weeks,selected_q,side,-1,911,-82.59159187705858,-360.2206940175605,81.56833188803486,10.53787047200878
all_oos,H1,two_weeks,selected_q,side,1,969,-858.7285312693499,1125.724418059847,-387.4122155830753,10.526315789473683
all_oos,H1,two_weeks,selected_q,volatility,high,887,-372.4167001691093,367.3042698421559,-132.8273998872605,10.146561443066517
all_oos,H1,two_weeks,selected_q,volatility,low,993,-581.0828539274931,439.94664803625545,-184.5677571500505,10.876132930513595
all_oos,H1,two_weeks,selected_q,session,10to19,1327,-450.74479758854596,-164.43345128108587,-132.5699444988698,10.474755086661643
all_oos,H1,two_weeks,selected_q,session,after19,539,-600.0988165120594,1799.7043912801385,-239.70846660482363,10.946196660482375
all_oos,H1,two_weeks,selected_q,session,before10,14,1017.3372499999989,773.4594142857504,287.82095000000004,0.0
all_oos,H1,two_weeks,selected_q,trend,down,1001,-451.58222287712357,547.5099195804162,-148.1389830169833,9.990009990009991
all_oos,H1,two_weeks,selected_q,trend,up,879,-517.9921295790668,244.15071598406985,-173.84137036404994,11.149032992036405
all_oos,H1,two_weeks,selected_q,structure_regime,post_20240613,1588,-521.8602441750633,270.1891599496182,-175.7175612720404,11.649874055415617
all_oos,H1,two_weeks,selected_q,structure_regime,pre_20240613,292,-269.29732619863006,1142.484667294522,-75.52807962328777,4.4520547945205475
all_oos,H1,two_weeks,selected_q,fold,0,298,-260.94331543624156,1022.8901385906041,-54.38039714765102,4.3624161073825505
all_oos,H1,two_weeks,selected_q,fold,1,263,-557.8544663498097,-1025.4339148289039,-198.46244828897332,7.224334600760455
all_oos,H1,two_weeks,selected_q,fold,2,324,-216.48261682098814,225.27744413580675,-84.6839274691362,7.098765432098765
all_oos,H1,two_weeks,selected_q,fold,3,354,-630.927226977402,589.1904204802237,-164.67902697740132,13.841807909604519
all_oos,H1,two_weeks,selected_q,fold,4,641,-607.4624776131047,695.7417572542828,-229.2647991419657,14.664586583463338
all_oos,H1,week,atrD_0.025,side,-1,947,269.1993232840563,78.20839028511614,70.21149693769789,58.7117212249208
all_oos,H1,week,atrD_0.025,side,1,1008,-1971.5163249007924,100.6675185515807,-63.82042222222217,60.416666666666664
all_oos,H1,week,atrD_0.025,volatility,high,926,-867.16755696544,86.4432900647901,3.891548272138283,59.28725701943844
all_oos,H1,week,atrD_0.025,volatility,low,1029,-903.1676759961128,92.79855947522127,-1.4035682215744494,59.863945578231295
all_oos,H1,week,atrD_0.025,session,10to19,1373,-243.09973747268586,146.64183590677519,32.36364428259285,57.90240349599417
all_oos,H1,week,atrD_0.025,session,after19,567,-2464.5539555555533,-54.46316384480361,-76.37007566137571,63.66843033509701
all_oos,H1,week,atrD_0.025,session,before10,15,-78.57760000005705,338.505166666643,68.39008666666562,60.0
all_oos,H1,week,atrD_0.025,trend,down,1044,-1065.46806412835,79.97331484674363,-6.743185823754746,60.24904214559387
all_oos,H1,week,atrD_0.025,trend,up,911,-680.5796239297473,101.03629374313718,10.097901207464218,58.83644346871569
all_oos,H1,week,atrD_0.025,structure_regime,post_20240613,1663,-812.2508724894748,93.03348238123802,9.114425796752863,59.29043896572459
all_oos,H1,week,atrD_0.025,structure_regime,pre_20240613,292,-1306.7927924657567,71.30658595890236,-44.51365787671254,61.3013698630137
all_oos,H1,week,atrD_0.025,fold,0,309,-1206.698181229774,80.78091569579207,-37.623418446602116,60.517799352750814
all_oos,H1,week,atrD_0.025,fold,1,277,453.80693862815997,204.09661967508592,77.80448249097479,54.51263537906137
all_oos,H1,week,atrD_0.025,fold,2,342,-740.2289726608179,-9.6087035087684,21.667795760233926,59.94152046783626
all_oos,H1,week,atrD_0.025,fold,3,368,-1148.0403937499927,150.91250095109532,-9.129310326086976,60.597826086956516
all_oos,H1,week,atrD_0.025,fold,4,659,-1228.4587356600914,63.415043930190414,-17.932781942336902,60.54628224582701
all_oos,H1,week,atrD_0.05,side,-1,947,351.8857256071811,160.8947926082409,69.42473474128815,56.59978880675819
all_oos,H1,week,atrD_0.05,side,1,1008,-1941.2679184523797,130.9159249999932,-73.51999087301581,58.53174603174603
all_oos,H1,week,atrD_0.05,volatility,high,926,-710.7005059935176,242.91034103671257,-0.3549525377968567,56.587473002159825
all_oos,H1,week,atrD_0.05,volatility,low,1029,-938.2445200194376,57.72171545189647,-7.807814334305329,58.50340136054422
all_oos,H1,week,atrD_0.05,session,10to19,1373,-373.77549435542875,15.966079024032247,22.10031547705741,56.73707210487983
all_oos,H1,week,atrD_0.05,session,after19,567,-1947.1321957671853,462.9585959435645,-69.64623721340371,59.61199294532628
all_oos,H1,week,atrD_0.05,session,before10,15,-422.97139333337486,-5.888626666675191,52.18375666666563,60.0
all_oos,H1,week,atrD_0.05,trend,down,1044,-962.3905330459766,183.0508459291175,-11.19061106321842,57.95019157088122
all_oos,H1,week,atrD_0.05,trend,up,911,-679.2827257409431,102.33319193194141,3.644424753018606,57.189901207464324
all_oos,H1,week,atrD_0.05,structure_regime,post_20240613,1663,-749.8116437462413,155.47271112447132,3.917054539987955,57.30607336139507
all_oos,H1,week,atrD_0.05,structure_regime,pre_20240613,292,-1289.8134113013664,88.28596712329275,-50.94859143835636,59.24657534246576
all_oos,H1,week,atrD_0.05,fold,0,309,-1203.2588771844612,84.22021974110478,-44.57811294498401,58.57605177993528
all_oos,H1,week,atrD_0.05,fold,1,277,318.8038823104792,69.0935633574053,66.0496485559572,53.42960288808665
all_oos,H1,week,atrD_0.05,fold,2,342,-598.12417631579,132.4960928362595,17.805661842105323,57.30994152046783
all_oos,H1,week,atrD_0.05,fold,3,368,-1243.6779956521752,55.27489904891338,-17.486127173913257,59.5108695652174
all_oos,H1,week,atrD_0.05,fold,4,659,-1028.576618057666,263.2971615326157,-19.026835053110943,57.96661608497724
all_oos,H1,week,atrD_0.1,side,-1,947,556.8959680570225,365.90503505808215,83.4049237592395,52.48152059134108
all_oos,H1,week,atrD_0.1,side,1,1008,-1766.8854840277781,305.2983594245948,-82.60903129960322,54.46428571428571
all_oos,H1,week,atrD_0.1,volatility,high,926,-453.33549200864036,500.2753550215894,8.845159827213665,51.943844492440604
all_oos,H1,week,atrD_0.1,volatility,low,1029,-810.3512347424677,185.61500072886633,-12.124449708454934,54.90767735665695
all_oos,H1,week,atrD_0.1,session,10to19,1373,-256.56740214857984,133.17417123088106,25.09128190094667,53.09541150764748
all_oos,H1,week,atrD_0.1,session,after19,567,-1593.6614746031728,816.4293171075773,-69.7716937389771,54.4973544973545
all_oos,H1,week,atrD_0.1,session,before10,15,148.86753999993064,565.9503066666307,54.98530333333174,53.333333333333336
all_oos,H1,week,atrD_0.1,trend,down,1044,-638.4841348180104,506.9572441570835,-2.4608391283526956,53.06513409961686
all_oos,H1,week,atrD_0.1,trend,up,911,-644.415641492862,137.20027618002229,-1.8840007683864397,54.006586169045
all_oos,H1,week,atrD_0.1,structure_regime,post_20240613,1663,-551.5154307877341,353.76892408297863,6.488590108237967,53.09681298857486
all_oos,H1,week,atrD_0.1,structure_regime,pre_20240613,292,-1152.2942628424603,225.80511558219837,-51.630020890410975,55.821917808219176
all_oos,H1,week,atrD_0.1,fold,0,309,-1092.085452912615,195.39364401295128,-46.8456011326861,55.33980582524271
all_oos,H1,week,atrD_0.1,fold,1,277,127.25604259928112,-122.45427635379289,54.90141083032513,50.90252707581227
all_oos,H1,week,atrD_0.1,fold,2,342,-406.4040741228126,324.2161950292369,23.992235818713112,53.216374269005854
all_oos,H1,week,atrD_0.1,fold,3,368,-1262.1613471467401,36.791547554348355,-27.127169021739395,56.25
all_oos,H1,week,atrD_0.1,fold,4,659,-528.0273685887723,763.8464110015096,-4.917127845220196,52.35204855842185
all_oos,H1,week,atrD_0.25,side,-1,947,416.3577971488922,225.366864149952,83.50344002111932,44.98416050686378
all_oos,H1,week,atrD_0.25,side,1,1008,-1412.147064930556,660.0367785218174,-98.94080352182536,45.535714285714285
all_oos,H1,week,atrD_0.25,volatility,high,926,-195.11088552915697,758.4999615010729,13.805464524838033,42.54859611231102
all_oos,H1,week,atrD_0.25,volatility,low,1029,-824.5682483479105,171.39798712342346,-32.496047035957226,47.71622934888241
all_oos,H1,week,atrD_0.25,session,10to19,1373,-307.99806849963744,81.74350487982359,12.665601930079994,45.884923525127455
all_oos,H1,week,atrD_0.25,session,after19,567,-1060.725588800701,1349.3652029100492,-67.17313439153406,43.738977072310405
all_oos,H1,week,atrD_0.25,session,before10,15,-322.7100433333208,94.37272333337933,2.8482333333343073,46.666666666666664
all_oos,H1,week,atrD_0.25,trend,down,1044,-465.47849200191905,679.9628869731748,-6.424061302682194,44.44444444444444
all_oos,H1,week,atrD_0.25,trend,up,911,-596.2610997804566,185.35481789242792,-15.310485455543091,46.212952799121844
all_oos,H1,week,atrD_0.25,structure_regime,post_20240613,1663,-437.5097680697538,467.774586800959,-0.7964038184004781,44.858689116055324
all_oos,H1,week,atrD_0.25,structure_regime,pre_20240613,292,-1032.7899426369825,345.3094357876767,-66.19915308219169,47.6027397260274
all_oos,H1,week,atrD_0.25,fold,0,309,-955.2390202265324,332.2400766990339,-57.199339644012824,47.249190938511326
all_oos,H1,week,atrD_0.25,fold,1,277,128.89634747292692,-120.81397148014719,44.523197292419106,43.32129963898917
all_oos,H1,week,atrD_0.25,fold,2,342,-117.69875906432921,612.9215100877203,38.77100570175422,43.567251461988306
all_oos,H1,week,atrD_0.25,fold,3,368,-861.9848014945703,436.96809320651806,-33.01723138586991,47.28260869565217
all_oos,H1,week,atrD_0.25,fold,4,659,-625.5317996965086,666.3419798937732,-24.919946509863294,44.916540212443095
all_oos,H1,week,atrH_0.1,side,-1,947,289.1774620908121,98.18652909187202,70.85458484688472,58.7117212249208
all_oos,H1,week,atrH_0.1,side,1,1008,-1998.4030991567392,73.78074429563378,-64.47117053571415,60.61507936507936
all_oos,H1,week,atrH_0.1,volatility,high,926,-858.1696235961056,95.44122343412458,4.026761285097342,59.50323974082073
all_oos,H1,week,atrH_0.1,volatility,low,1029,-919.2169056365407,76.74932983479327,-1.570873663751366,59.863945578231295
all_oos,H1,week,atrH_0.1,session,10to19,1373,-306.3401651128923,83.40140826656868,30.73376074289864,58.19373634377276
all_oos,H1,week,atrH_0.1,session,after19,567,-2326.5462587301436,83.54453298060595,-72.59427310405616,63.31569664902999
all_oos,H1,week,atrH_0.1,session,before10,15,-52.16613000008159,364.91663666661856,71.72341999999875,60.0
all_oos,H1,week,atrH_0.1,trend,down,1044,-1061.7393947796893,83.7019841954045,-6.404243247126419,60.3448275862069
all_oos,H1,week,atrH_0.1,trend,up,911,-693.8346204171223,87.78129725576217,9.657938419319372,58.94621295279913
all_oos,H1,week,atrH_0.1,structure_regime,post_20240613,1663,-825.5308988875487,79.75345598316417,9.029584786530393,59.47083583884546
all_oos,H1,week,atrH_0.1,structure_regime,pre_20240613,292,-1259.1828167808249,118.91656164383431,-44.19125873287694,60.95890410958904
all_oos,H1,week,atrH_0.1,fold,0,309,-1165.573446763754,121.90565016181192,-38.06851844660213,60.19417475728155
all_oos,H1,week,atrH_0.1,fold,1,277,426.21075992780476,176.5004409747307,77.63614133574039,54.51263537906137
all_oos,H1,week,atrH_0.1,fold,2,342,-880.3545501461989,-149.73428099414906,17.663269005847983,60.81871345029239
all_oos,H1,week,atrH_0.1,fold,3,368,-1078.9209692934721,220.03192540761623,-6.026935054347956,60.32608695652174
all_oos,H1,week,atrH_0.1,fold,4,659,-1214.4359331562948,77.43784643398716,-17.378775265553887,60.69802731411229
all_oos,H1,week,atrH_0.25,side,-1,947,313.48120026398766,122.49026726504741,71.37803368532175,56.177402323125655
all_oos,H1,week,atrH_0.25,side,1,1008,-1897.2544162202348,174.92942723213827,-74.56776770833326,57.53968253968254
all_oos,H1,week,atrH_0.25,volatility,high,926,-662.6871255939476,290.9237214362825,4.392331155507589,55.83153347732181
all_oos,H1,week,atrH_0.25,volatility,low,1029,-973.6807352769728,22.285500194361205,-11.308659475218914,57.82312925170068
all_oos,H1,week,atrH_0.25,session,10to19,1373,-360.68571063365096,29.05586274581004,23.766507574653847,55.93590677348871
all_oos,H1,week,atrH_0.25,session,after19,567,-1961.9358544091667,448.1549373015831,-72.31649999999996,59.082892416225754
all_oos,H1,week,atrH_0.25,session,before10,15,-528.4429833333373,-111.36021666663729,53.51524333333393,60.0
all_oos,H1,week,atrH_0.25,trend,down,1044,-970.488537883142,174.9528410919518,-11.703324425287478,57.37547892720306
all_oos,H1,week,atrH_0.25,trend,up,911,-661.2247215697039,120.39119610318065,5.103138035126117,56.311745334796925
all_oos,H1,week,atrH_0.25,structure_regime,post_20240613,1663,-742.1953393265188,163.08901554419378,4.7950909801562265,56.58448586891161
all_oos,H1,week,atrH_0.25,structure_regime,pre_20240613,292,-1305.8044712328751,72.29490719178423,-53.23132962328779,58.56164383561644
all_oos,H1,week,atrH_0.25,fold,0,309,-1244.5076684465985,42.97142847896772,-49.369998381877096,57.92880258899677
all_oos,H1,week,atrH_0.25,fold,1,277,187.04861480144984,-62.66170415162418,59.69561859205809,52.707581227436826
all_oos,H1,week,atrH_0.25,fold,2,342,-565.0538369883126,165.5664321637373,24.217090497075652,56.72514619883041
all_oos,H1,week,atrH_0.25,fold,3,368,-1295.8694648097944,3.083429891293987,-21.173107472826626,58.96739130434783
all_oos,H1,week,atrH_0.25,fold,4,659,-929.7374451441516,362.1363344461302,-14.173308345978722,57.056145675265554
all_oos,H1,week,atrH_0.5,side,-1,947,511.63465174234415,320.6437187434037,84.57517829989423,51.319957761351645
all_oos,H1,week,atrH_0.5,side,1,1008,-1753.944802232141,318.2390412202321,-91.02971289682534,53.273809523809526
all_oos,H1,week,atrH_0.5,volatility,high,926,-431.59809265658413,522.0127543736457,9.587433693304583,50.9719222462203
all_oos,H1,week,atrH_0.5,volatility,low,1029,-858.8906818756086,137.07555359572535,-19.964256899902985,53.54713313896987
all_oos,H1,week,atrH_0.5,session,10to19,1373,-382.9500963583401,6.791477021120865,15.489224217042826,52.43991260014567
all_oos,H1,week,atrH_0.5,session,after19,567,-1335.2247664902948,1074.8660252204552,-59.67380899470887,52.02821869488537
all_oos,H1,week,atrH_0.5,session,before10,15,-39.694703333347206,377.3880633333522,60.20587333333354,53.333333333333336
all_oos,H1,week,atrH_0.5,trend,down,1044,-634.6543332375451,510.78704573754874,-4.08360383141763,52.01149425287356
all_oos,H1,week,atrH_0.5,trend,up,911,-681.5359182766206,100.07999939626394,-8.125109055982563,52.689352360043905
all_oos,H1,week,atrH_0.5,structure_regime,post_20240613,1663,-608.4529102525565,296.8314446181562,1.8813468129885,52.25496091401083
all_oos,H1,week,atrH_0.5,structure_regime,pre_20240613,292,-930.1409441780711,447.95843424658796,-50.66416609589042,52.73972602739726
all_oos,H1,week,atrH_0.5,fold,0,309,-921.7585726537094,365.7205242718566,-51.43412540453069,52.42718446601942
all_oos,H1,week,atrH_0.5,fold,1,277,-44.508464259928104,-294.21878321300215,40.31135108303269,49.81949458483754
all_oos,H1,week,atrH_0.5,fold,2,342,-450.40034926901023,280.21991988303927,31.34241374268984,52.33918128654971
all_oos,H1,week,atrH_0.5,fold,3,368,-1121.1914580163132,177.76143668477516,-28.127070788043866,54.347826086956516
all_oos,H1,week,atrH_0.5,fold,4,659,-636.8296295902841,655.0441499999978,-11.087556449165366,52.20030349013657
all_oos,H1,week,atrH_1,side,-1,947,375.7726250263981,184.78169202745792,78.71853511087629,45.19535374868005
all_oos,H1,week,atrH_1,side,1,1008,-1562.7420867063472,509.4417567460259,-107.78865446428566,46.726190476190474
all_oos,H1,week,atrH_1,volatility,high,926,-350.10601565874845,603.5048313714814,2.65060086393074,44.27645788336933
all_oos,H1,week,atrH_1,volatility,low,1029,-869.9603275024274,126.00590796890648,-35.528636880466436,47.521865889212826
all_oos,H1,week,atrH_1,session,10to19,1373,-333.4292600873992,56.31231329206186,8.52888638018931,45.884923525127455
all_oos,H1,week,atrH_1,session,after19,567,-1318.7552578483244,1091.3355338624256,-81.18951049382721,46.03174603174603
all_oos,H1,week,atrH_1,session,before10,15,-923.6494799999994,-506.56671333329956,14.652033333333838,53.333333333333336
all_oos,H1,week,atrH_1,trend,down,1044,-563.5088450191582,581.9325339559356,-13.586755316092118,45.30651340996169
all_oos,H1,week,atrH_1,trend,up,911,-692.7377753018636,88.87814237102076,-21.866013611415966,46.76180021953897
all_oos,H1,week,atrH_1,structure_regime,post_20240613,1663,-572.6766720384851,332.6076828322276,-9.699113830427022,45.88093806374023
all_oos,H1,week,atrH_1,structure_regime,pre_20240613,292,-914.4727462328709,463.6266321917881,-61.55782414383549,46.57534246575342
all_oos,H1,week,atrH_1,fold,0,309,-864.2544006472428,423.22469627832334,-56.25470210355977,45.9546925566343
all_oos,H1,week,atrH_1,fold,1,277,-89.31026823104106,-339.0205871841152,29.994792418772946,42.96028880866426
all_oos,H1,week,atrH_1,fold,2,342,-421.3017362573126,309.31853289473696,14.10318479532139,45.614035087719294
all_oos,H1,week,atrH_1,fold,3,368,-876.860519157612,422.0923755434764,-32.22823247282642,47.28260869565217
all_oos,H1,week,atrH_1,fold,4,659,-699.2775850531115,592.5961945371706,-27.304499468892338,46.737481031866466
all_oos,H1,week,combo_0.25_1,side,-1,946,324.275577854119,122.61974957716691,71.66701680761068,56.131078224101486
all_oos,H1,week,combo_0.25_1,side,1,1007,-1890.1288474180699,175.18824851042214,-74.48647859980132,57.49751737835154
all_oos,H1,week,combo_0.25_1,volatility,high,926,-662.6871255939476,290.9237214362825,4.392331155507589,55.83153347732181
all_oos,H1,week,combo_0.25_1,volatility,low,1027,-957.1049409931884,22.412349853941006,-10.981679357351757,57.74099318403116
all_oos,H1,week,combo_0.25_1,session,10to19,1372,-353.7343153790106,29.07704048833615,23.93106042274033,55.903790087463555
all_oos,H1,week,combo_0.25_1,session,after19,567,-1961.9358544091667,448.1549373015831,-72.31649999999996,59.082892416225754
all_oos,H1,week,combo_0.25_1,session,before10,14,81.86124642858132,-113.19283214284444,68.51103928571517,57.14285714285714
all_oos,H1,week,combo_0.25_1,trend,down,1044,-970.488537883142,174.9528410919518,-11.703324425287478,57.37547892720306
all_oos,H1,week,combo_0.25_1,trend,up,909,-641.8097020352033,120.75036661165818,5.508673982398132,56.215621562156215
all_oos,H1,week,combo_0.25_1,structure_regime,post_20240613,1661,-731.6677586393741,163.33698762793134,5.016653943407474,56.53220951234196
all_oos,H1,week,combo_0.25_1,structure_regime,pre_20240613,292,-1305.8044712328751,72.29490719178423,-53.23132962328779,58.56164383561644
all_oos,H1,week,combo_0.25_1,fold,0,309,-1244.5076684465985,42.97142847896772,-49.369998381877096,57.92880258899677
all_oos,H1,week,combo_0.25_1,fold,1,277,187.04861480144984,-62.66170415162418,59.69561859205809,52.707581227436826
all_oos,H1,week,combo_0.25_1,fold,2,342,-565.0538369883126,165.5664321637373,24.217090497075652,56.72514619883041
all_oos,H1,week,combo_0.25_1,fold,3,368,-1295.8694648097944,3.083429891293987,-21.173107472826626,58.96739130434783
all_oos,H1,week,combo_0.25_1,fold,4,657,-903.6929591324133,363.3691750380511,-13.670904566210009,56.925418569254184
all_oos,H1,week,combo_0.5_2,side,-1,946,521.822916807611,320.16708853065876,84.9119511099364,51.26849894291755
all_oos,H1,week,combo_0.5_2,side,1,1007,-1746.7696253723911,318.54747055610096,-90.93497984111217,53.22740814299901
all_oos,H1,week,combo_0.5_2,volatility,high,926,-431.7660421166274,521.8448049136026,9.587433693304583,50.9719222462203
all_oos,H1,week,combo_0.5_2,volatility,low,1027,-842.7820627555998,136.7352280915297,-19.593751265822945,53.45666991236612
all_oos,H1,week,combo_0.5_2,session,10to19,1372,-376.69062638484024,6.1207294825064,15.671076348396358,52.40524781341108
all_oos,H1,week,combo_0.5_2,session,after19,567,-1335.2247664902948,1074.8660252204552,-59.67380899470887,52.02821869488537
all_oos,H1,week,combo_0.5_2,session,before10,14,609.9606107142869,414.9065321428604,77.8224285714291,50.0
all_oos,H1,week,combo_0.5_2,trend,down,1044,-634.6543332375451,510.78704573754874,-4.08360383141763,52.01149425287356
all_oos,H1,week,combo_0.5_2,trend,up,909,-663.1170622112221,99.4430064356392,-7.6804582508252,52.58525852585259
all_oos,H1,week,combo_0.5_2,structure_regime,post_20240613,1661,-598.2849956351603,296.7197506321453,2.1367354304635033,52.197471402769416
all_oos,H1,week,combo_0.5_2,structure_regime,pre_20240613,292,-930.1409441780711,447.95843424658796,-50.66416609589042,52.73972602739726
all_oos,H1,week,combo_0.5_2,fold,0,309,-921.7585726537094,365.7205242718566,-51.43412540453069,52.42718446601942
all_oos,H1,week,combo_0.5_2,fold,1,277,-44.508464259928104,-294.21878321300215,40.31135108303269,49.81949458483754
all_oos,H1,week,combo_0.5_2,fold,2,342,-450.40034926901023,280.21991988303927,31.34241374268984,52.33918128654971
all_oos,H1,week,combo_0.5_2,fold,3,368,-1121.1914580163132,177.76143668477516,-28.127070788043866,54.347826086956516
all_oos,H1,week,combo_0.5_2,fold,4,657,-611.2099146118672,655.8522195585969,-10.48137275494668,52.054794520547944
all_oos,H1,week,combo_1_2,side,-1,946,386.1146466173352,184.4588183403833,79.144671194503,45.13742071881607
all_oos,H1,week,combo_1_2,side,1,1007,-1555.0964268123118,510.2206691161803,-107.64020665342596,46.67328699106256
all_oos,H1,week,combo_1_2,volatility,high,926,-350.10601565874845,603.5048313714814,2.65060086393074,44.27645788336933
all_oos,H1,week,combo_1_2,volatility,low,1027,-853.4756334956162,126.04165735151331,-35.03143675754622,47.41966893865628
all_oos,H1,week,combo_1_2,session,10to19,1372,-326.8153019679292,55.99605389941753,8.77155043731773,45.84548104956268
all_oos,H1,week,combo_1_2,session,after19,567,-1318.7552578483244,1091.3355338624256,-81.18951049382721,46.03174603174603
all_oos,H1,week,combo_1_2,session,before10,14,-328.05861428571933,-523.1126928571455,34.07543571428609,50.0
all_oos,H1,week,combo_1_2,trend,down,1044,-563.5088450191582,581.9325339559356,-13.586755316092118,45.30651340996169
all_oos,H1,week,combo_1_2,trend,up,909,-673.7232254125387,88.83684323432266,-21.27420968096803,46.64466446644664
all_oos,H1,week,combo_1_2,structure_regime,post_20240613,1661,-562.1261915713429,332.87855469596263,-9.360592715231867,45.815773630343166
all_oos,H1,week,combo_1_2,structure_regime,pre_20240613,292,-914.4727462328709,463.6266321917881,-61.55782414383549,46.57534246575342
all_oos,H1,week,combo_1_2,fold,0,309,-864.2544006472428,423.22469627832334,-56.25470210355977,45.9546925566343
all_oos,H1,week,combo_1_2,fold,1,277,-89.31026823104106,-339.0205871841152,29.994792418772946,42.96028880866426
all_oos,H1,week,combo_1_2,fold,2,342,-421.3017362573126,309.31853289473696,14.10318479532139,45.614035087719294
all_oos,H1,week,combo_1_2,fold,3,368,-876.860519157612,422.0923755434764,-32.22823247282642,47.28260869565217
all_oos,H1,week,combo_1_2,fold,4,657,-672.989691248098,594.0724429223665,-26.502257762557157,46.57534246575342
all_oos,H1,week,fixed_0,side,-1,947,1.2238468849033175,-189.76708611403689,60.68893204857426,62.19640971488912
all_oos,H1,week,fixed_0,side,1,1008,-2181.9392569444417,-109.75541349206853,-57.48133487103169,64.18650793650794
all_oos,H1,week,fixed_0,volatility,high,926,-1170.9755271598235,-217.36468012959338,-1.839550269978363,63.498920086393085
all_oos,H1,week,fixed_0,volatility,low,1029,-1082.5193876093267,-86.55315213799277,1.1998606899901296,62.973760932944614
all_oos,H1,week,fixed_0,session,10to19,1373,-453.4257158048042,-63.684142425343204,29.31162993444998,61.47123088128187
all_oos,H1,week,fixed_0,session,after19,567,-2789.379947266308,-379.2891555555583,-74.09516516754837,67.54850088183422
all_oos,H1,week,fixed_0,session,before10,15,393.076659999947,810.1594266666472,86.55492333333237,60.0
all_oos,H1,week,fixed_0,trend,down,1044,-1543.6310481800795,-398.18966920498576,-16.78834746168597,64.9425287356322
all_oos,H1,week,fixed_0,trend,up,911,-644.0010688254562,137.61484884742825,18.72477261251376,61.25137211855104
all_oos,H1,week,fixed_0,structure_regime,post_20240613,1663,-1067.5722797354156,-162.28792486470294,7.17723289236316,63.13890559230306
all_oos,H1,week,fixed_0,structure_regime,pre_20240613,292,-1448.161256164375,-70.06187773971578,-42.481182191780995,63.6986301369863
all_oos,H1,week,fixed_0,fold,0,309,-1319.9688644012838,-32.48976747571757,-34.78801294498396,62.7831715210356
all_oos,H1,week,fixed_0,fold,1,277,474.69153574006805,224.98121678699408,82.60376317689551,56.678700361010826
all_oos,H1,week,fixed_0,fold,2,342,-1576.8509147660855,-846.2306456140356,-6.710260672514837,66.95906432748538
all_oos,H1,week,fixed_0,fold,3,368,-1570.4065158967344,-271.45362119564595,-8.865362635869724,65.48913043478261
all_oos,H1,week,fixed_0,fold,4,659,-1221.0354379362618,70.83834165402006,-10.687633839150225,62.9742033383915
all_oos,H1,week,fixed_0.01,side,-1,947,157.77306061246662,-33.21787238647356,65.11230828933466,60.82365364308342
all_oos,H1,week,fixed_0.01,side,1,1008,-2067.019489335318,5.164354117054862,-56.044436656746015,62.89682539682539
all_oos,H1,week,fixed_0.01,volatility,high,926,-1041.4901133369272,-87.87926630669703,2.2262260799137197,62.31101511879049
all_oos,H1,week,fixed_0.01,volatility,low,1029,-942.3952496598641,53.57098581146963,3.019512585033842,61.51603498542274
all_oos,H1,week,fixed_0.01,session,10to19,1373,-262.2621904952662,127.47938288419473,35.04183281136189,59.86890021849963
all_oos,H1,week,fixed_0.01,session,after19,567,-2780.3897992063403,-370.29900749559044,-77.8808945326278,66.84303350970018
all_oos,H1,week,fixed_0.01,session,before10,15,161.49645666671458,578.5792233334141,80.97297000000167,60.0
all_oos,H1,week,fixed_0.01,trend,down,1044,-1346.0675095306492,-200.62613055555542,-10.745604406130244,63.40996168582376
all_oos,H1,week,fixed_0.01,trend,up,911,-580.516000987922,201.09991668496232,17.987897694840722,60.1536772777168
all_oos,H1,week,fixed_0.01,structure_regime,post_20240613,1663,-947.2177313589889,-41.933376488276046,9.466737251954259,61.87612748045701
all_oos,H1,week,fixed_0.01,structure_regime,pre_20240613,292,-1229.1831150684811,148.91626335617772,-36.21445291095892,61.986301369863014
all_oos,H1,week,fixed_0.01,fold,0,309,-1123.062623139145,164.41647378642125,-29.124954854368923,61.165048543689316
all_oos,H1,week,fixed_0.01,fold,1,277,606.9649153429674,357.2545963898934,86.42739584837577,55.5956678700361
all_oos,H1,week,fixed_0.01,fold,2,342,-1446.0272998538203,-715.4070307017707,-0.4223827485383167,65.78947368421053
all_oos,H1,week,fixed_0.01,fold,3,368,-1371.240566168477,-72.28767146738863,-6.359810597826155,63.58695652173913
all_oos,H1,week,fixed_0.01,fold,4,659,-1147.3287146433915,144.54506494689036,-11.058192109256508,61.91198786039453
all_oos,H1,week,fixed_0.03,side,-1,947,273.76885385427676,82.77792085533659,70.7004960929249,58.92291446673706
all_oos,H1,week,fixed_0.03,side,1,1008,-2018.9653128472212,53.218530605151706,-64.02275585317457,61.011904761904766
all_oos,H1,week,fixed_0.03,volatility,high,926,-971.6520780237553,-18.04123099352508,3.0406346652268574,60.69114470842333
all_oos,H1,week,fixed_0.03,volatility,low,1029,-851.4170131195352,144.54922235179876,-0.38600174927130626,59.37803692905733
all_oos,H1,week,fixed_0.03,session,10to19,1373,-256.43813962126893,133.3034337581921,32.50976667880544,58.26656955571741
all_oos,H1,week,fixed_0.03,session,after19,567,-2507.5034676366768,-97.41267592592679,-76.28453095238086,64.19753086419753
all_oos,H1,week,fixed_0.03,session,before10,15,-134.25992666673773,282.8228399999622,69.05675333333168,60.0
all_oos,H1,week,fixed_0.03,trend,down,1044,-1110.109965517243,35.331413457850665,-7.445895593869811,60.82375478927203
all_oos,H1,week,fixed_0.03,trend,up,911,-677.1713795279882,104.44453814489633,11.187647530186595,59.055982436882545
all_oos,H1,week,fixed_0.03,structure_regime,post_20240613,1663,-850.221977089597,55.06237778111578,9.165039717378207,59.89176187612748
all_oos,H1,week,fixed_0.03,structure_regime,pre_20240613,292,-1239.5163796232853,138.58299880137378,-43.91448339041118,60.61643835616438
all_oos,H1,week,fixed_0.03,fold,0,309,-1142.1880074433607,145.29108948220534,-36.76594611650503,59.8705501618123
all_oos,H1,week,fixed_0.03,fold,1,277,522.3113868231042,272.60106787003025,83.20099981949465,54.51263537906137
all_oos,H1,week,fixed_0.03,fold,2,342,-1106.8767646198837,-376.25649546783427,12.61862616959068,63.1578947368421
all_oos,H1,week,fixed_0.03,fold,3,368,-1021.9835752717424,276.96931942934583,-4.897098777174197,59.78260869565217
all_oos,H1,week,fixed_0.03,fold,4,659,-1233.6271341426389,58.24664544764326,-17.877094840667635,60.849772382397575
all_oos,H1,week,fixed_0.05,side,-1,947,190.99093299894014,0.0,64.67322550158372,57.97254487856388
all_oos,H1,week,fixed_0.05,side,1,1008,-2072.183843452373,0.0,-71.5791505456347,59.523809523809526
all_oos,H1,week,fixed_0.05,volatility,high,926,-953.6108470302298,0.0,-1.4538635529155997,59.07127429805615
all_oos,H1,week,fixed_0.05,volatility,low,1029,-995.966235471334,0.0,-9.290536005831052,58.50340136054422
all_oos,H1,week,fixed_0.05,session,10to19,1373,-389.74157337946104,0.0,24.765182629278872,57.246904588492356
all_oos,H1,week,fixed_0.05,session,after19,567,-2410.09079171075,0.0,-80.7272949735448,62.43386243386243
all_oos,H1,week,fixed_0.05,session,before10,15,-417.0827666666998,0.0,57.569419999999795,60.0
all_oos,H1,week,fixed_0.05,trend,down,1044,-1145.441378975094,0.0,-13.591542672413839,59.48275862068966
all_oos,H1,week,fixed_0.05,trend,up,911,-781.6159176728845,0.0,3.604095883644391,57.958287596048294
all_oos,H1,week,fixed_0.05,structure_regime,post_20240613,1663,-905.2843548707127,0.0,2.835953848466644,58.68911605532171
all_oos,H1,week,fixed_0.05,structure_regime,pre_20240613,292,-1378.099378424659,0.0,-53.501474143835765,59.24657534246576
all_oos,H1,week,fixed_0.05,fold,0,309,-1287.4790969255662,0.0,-46.34329660194189,58.57605177993528
all_oos,H1,week,fixed_0.05,fold,1,277,249.71031895307397,0.0,71.75323014440467,54.51263537906137
all_oos,H1,week,fixed_0.05,fold,2,342,-730.6202691520496,0.0,18.9132577485379,59.64912280701754
all_oos,H1,week,fixed_0.05,fold,3,368,-1298.9528947010883,0.0,-16.864008016304588,59.5108695652174
all_oos,H1,week,fixed_0.05,fold,4,659,-1291.8737795902819,0.0,-25.378125189681228,59.78755690440061
all_oos,H1,week,fixed_0.1,side,-1,947,391.5668468321014,200.5759138331612,67.15069730728604,53.74868004223865
all_oos,H1,week,fixed_0.1,side,1,1008,-1691.8879534722234,380.2958899801495,-72.35696185515876,54.662698412698404
all_oos,H1,week,fixed_0.1,volatility,high,926,-693.0787361231102,260.53211090711966,-1.2743453023758715,55.0755939524838
all_oos,H1,week,fixed_0.1,volatility,low,1029,-673.2928508260457,322.6733846452882,-7.933978085520017,53.44995140913509
all_oos,H1,week,fixed_0.1,session,10to19,1373,-312.5254303350348,77.21614304442616,20.60761973780032,53.823743627093954
all_oos,H1,week,fixed_0.1,session,after19,567,-1598.9741342151653,811.1166574955847,-68.02950211640214,55.20282186948854
all_oos,H1,week,fixed_0.1,session,before10,15,73.76645333335073,490.8492200000502,62.29057333333459,53.333333333333336
all_oos,H1,week,fixed_0.1,trend,down,1044,-787.4816644157113,357.9597145593827,-10.338577107279853,54.78927203065134
all_oos,H1,week,fixed_0.1,trend,up,911,-562.544890779362,219.0710268935224,1.5909630076838717,53.567508232711305
all_oos,H1,week,fixed_0.1,structure_regime,post_20240613,1663,-645.7486748647048,259.535680006008,2.0668684906793815,54.41972339146122
all_oos,H1,week,fixed_0.1,structure_regime,pre_20240613,292,-892.9082426369773,485.1911357876818,-43.771607876712196,53.082191780821915
all_oos,H1,week,fixed_0.1,fold,0,309,-840.7934139158476,446.6856830097185,-38.286841909385004,52.75080906148867
all_oos,H1,week,fixed_0.1,fold,1,277,155.76225018051386,-93.94806877256005,57.816641335740535,51.985559566786996
all_oos,H1,week,fixed_0.1,fold,2,342,-699.3672135965011,31.25305555554849,8.221473684210183,56.72514619883041
all_oos,H1,week,fixed_0.1,fold,3,368,-1062.7890320652252,236.16386263586338,-21.042408559783006,54.891304347826086
all_oos,H1,week,fixed_0.1,fold,4,659,-740.0004259484076,551.8733536418744,-13.0452509104705,54.17298937784521
all_oos,H1,week,fixed_0.2,side,-1,947,502.6157999999968,311.62486700105654,77.23870438225954,48.15205913410771
all_oos,H1,week,fixed_0.2,side,1,1008,-1639.0074856646806,433.1763577876925,-94.50788938492053,49.60317460317461
all_oos,H1,week,fixed_0.2,volatility,high,926,-284.8620069114459,668.7488401187842,11.343916900647985,48.704103671706264
all_oos,H1,week,fixed_0.2,volatility,low,1029,-886.6473902332385,109.31884523809566,-31.70395189504388,49.076773566569486
all_oos,H1,week,fixed_0.2,session,10to19,1373,-343.9321907865992,45.809382592861795,10.704412235979529,49.16241806263656
all_oos,H1,week,fixed_0.2,session,after19,567,-1235.0594163139328,1175.0313753968173,-65.7900520282187,48.32451499118166
all_oos,H1,week,fixed_0.2,session,before10,15,-242.98639666669865,174.096370000001,32.46013666666584,46.666666666666664
all_oos,H1,week,fixed_0.2,trend,down,1044,-562.8136078065152,582.6277711685785,-10.053684291187837,48.85057471264368
all_oos,H1,week,fixed_0.2,trend,up,911,-646.0647380900102,135.55117958287425,-12.758345828759614,48.957189901207464
all_oos,H1,week,fixed_0.2,structure_regime,post_20240613,1663,-534.188618911607,371.0957359591058,-2.8530773601924952,49.06794948887553
all_oos,H1,week,fixed_0.2,structure_regime,pre_20240613,292,-985.570923630133,392.52845479452594,-59.50079383561642,47.94520547945205
all_oos,H1,week,fixed_0.2,fold,0,309,-955.5455621359173,331.9335347896488,-55.74753737864075,47.896440129449836
all_oos,H1,week,fixed_0.2,fold,1,277,98.75582743682827,-150.95449151624578,47.82675018050578,47.292418772563174
all_oos,H1,week,fixed_0.2,fold,2,342,-218.73780511696063,511.88246403508884,29.7503409356724,50.29239766081871
all_oos,H1,week,fixed_0.2,fold,3,368,-1027.0935960597885,271.85929864129986,-33.779750000000355,49.45652173913043
all_oos,H1,week,fixed_0.2,fold,4,659,-691.1311012898351,600.7426783004469,-24.104080121396155,49.013657056145675
all_oos,H1,week,fixed_0.5,side,-1,947,502.8359193769777,311.8449863780375,83.35215337909167,36.536430834213306
all_oos,H1,week,fixed_0.5,side,1,1008,-1232.212237202379,839.971606249994,-113.58195858134904,37.10317460317461
all_oos,H1,week,fixed_0.5,volatility,high,926,-305.02934492440426,648.5815021058257,-4.181563498919987,38.98488120950324
all_oos,H1,week,fixed_0.5,volatility,low,1029,-469.80286302235345,526.1633724489806,-30.7910565597669,34.88824101068999
all_oos,H1,week,fixed_0.5,session,10to19,1373,-231.22934417334454,158.51222920611653,5.03758252002899,37.72760378732702
all_oos,H1,week,fixed_0.5,session,after19,567,-797.1204776895909,1612.9703140211593,-75.838085626102,34.74426807760141
all_oos,H1,week,fixed_0.5,session,before10,15,237.3920633333221,654.4748300000222,35.164583333332544,33.33333333333333
all_oos,H1,week,fixed_0.5,trend,down,1044,-524.2238628352501,621.2175161398437,-30.35496992337175,37.73946360153257
all_oos,H1,week,fixed_0.5,trend,up,911,-239.95017195389576,541.6657457189888,-4.243179363336927,35.78485181119649
all_oos,H1,week,fixed_0.5,structure_regime,post_20240613,1663,-324.9724660553222,580.3118888153905,-9.847110914010866,36.98135898977751
all_oos,H1,week,fixed_0.5,structure_regime,pre_20240613,292,-772.106535616436,605.992842808223,-65.68623133561631,35.95890410958904
all_oos,H1,week,fixed_0.5,fold,0,309,-729.5103276698999,557.9687692556662,-60.31128608414225,36.24595469255664
all_oos,H1,week,fixed_0.5,fold,1,277,-192.39892166064786,-442.10924061372174,15.612051083032778,38.628158844765345
all_oos,H1,week,fixed_0.5,fold,2,342,-41.998648245616145,688.6216209064333,35.26538654970734,39.1812865497076
all_oos,H1,week,fixed_0.5,fold,3,368,-545.5193835597872,753.4335111413011,-41.10425815217429,34.51086956521739
all_oos,H1,week,fixed_0.5,fold,4,659,-412.8322550075862,879.0415245826958,-27.58554013657047,36.41881638846737
all_oos,H1,week,price_0.0005,side,-1,947,216.5171567581799,25.5262237592398,65.67212703273476,58.07814149947201
all_oos,H1,week,price_0.0005,side,1,1008,-2017.2484912698344,54.935352182538786,-68.55695808531732,59.42460317460318
all_oos,H1,week,price_0.0005,volatility,high,926,-915.9016734881146,37.70917354211543,0.8616672246221252,59.07127429805615
all_oos,H1,week,price_0.0005,volatility,low,1029,-952.594540427602,43.37169504373207,-7.49447356656962,58.50340136054422
all_oos,H1,week,price_0.0005,session,10to19,1373,-350.61633364894294,39.125239730518125,26.644782010196614,57.246904588492356
all_oos,H1,week,price_0.0005,session,after19,567,-2366.6247010581974,43.46609065255287,-78.30748289241625,62.43386243386243
all_oos,H1,week,price_0.0005,session,before10,15,-338.15334333334505,78.92942333335486,60.20984333333355,60.0
all_oos,H1,week,price_0.0005,trend,down,1044,-1120.5581256226053,24.88325335248864,-11.600484003831522,59.674329501915715
all_oos,H1,week,price_0.0005,trend,up,911,-722.812347530183,58.80357014270148,5.704715532382056,57.738748627881456
all_oos,H1,week,price_0.0005,structure_regime,post_20240613,1663,-857.4502184305449,47.83413644016788,5.236633193024642,58.68911605532171
all_oos,H1,week,price_0.0005,structure_regime,pre_20240613,292,-1378.099378424659,0.0,-53.501474143835765,59.24657534246576
all_oos,H1,week,price_0.0005,fold,0,309,-1287.4790969255662,0.0,-46.34329660194189,58.57605177993528
all_oos,H1,week,price_0.0005,fold,1,277,302.69513158845456,52.98481263538068,73.39054729241919,54.151624548736464
all_oos,H1,week,price_0.0005,fold,2,342,-741.4399842105277,-10.819715058477808,19.59041725146192,59.64912280701754
all_oos,H1,week,price_0.0005,fold,3,368,-1209.1115603260887,89.84133437499966,-13.95436250000023,59.5108695652174
all_oos,H1,week,price_0.0005,fold,4,659,-1237.9889430197231,53.884836570558846,-21.984415326251916,59.93930197268589
all_oos,H1,week,price_0.001,side,-1,947,270.46436425554674,79.47343125660664,62.934911932418146,54.91024287222809
all_oos,H1,week,price_0.001,side,1,1008,-1725.6774179563477,346.5064254960255,-70.64584528769838,55.45634920634921
all_oos,H1,week,price_0.001,volatility,high,926,-749.7649962742908,203.8458507559393,-0.8778512958961359,55.93952483801296
all_oos,H1,week,price_0.001,volatility,low,1029,-766.8325537414989,229.1336817298351,-10.49442191448025,54.518950437317784
all_oos,H1,week,price_0.001,session,10to19,1373,-309.09457658412373,80.64699679533717,22.077111252731118,54.33357611070648
all_oos,H1,week,price_0.001,session,after19,567,-1876.750096031734,533.3406956790161,-75.79812927689564,57.31922398589065
all_oos,H1,week,price_0.001,session,before10,15,343.4049166666362,760.4876833333358,70.26767333333298,53.333333333333336
all_oos,H1,week,price_0.001,trend,down,1044,-905.1631336685799,240.27824530651392,-11.485874999999991,56.13026819923371
all_oos,H1,week,price_0.001,trend,up,911,-590.9580381997783,190.65787947310602,0.4166883095499348,54.11635565312844
all_oos,H1,week,price_0.001,structure_regime,post_20240613,1663,-738.979647444376,166.30470742633662,0.4625331930246584,55.562236921226706
all_oos,H1,week,price_0.001,structure_regime,pre_20240613,292,-871.3353789383493,506.76399948630956,-42.4001477739726,53.082191780821915
all_oos,H1,week,price_0.001,fold,0,309,-814.458848867306,473.0202480582601,-36.731934627831734,52.75080906148867
all_oos,H1,week,price_0.001,fold,1,277,120.86567563178043,-128.84464332129357,55.2463287003617,52.34657039711191
all_oos,H1,week,price_0.001,fold,2,342,-843.8039356725204,-113.18366652047102,6.859514327485094,57.89473684210527
all_oos,H1,week,price_0.001,fold,3,368,-1207.9341080163067,91.01878668478135,-23.973528532608825,56.52173913043478
all_oos,H1,week,price_0.001,fold,4,659,-807.3814786798151,484.4923009104668,-13.791215629742085,55.38694992412747
all_oos,H1,week,price_0.002,side,-1,947,498.2051694297776,307.2142364308375,76.64081193241802,49.524815205913406
all_oos,H1,week,price_0.002,side,1,1008,-1818.7553143849175,253.4285290674557,-94.75942713293635,51.78571428571429
all_oos,H1,week,price_0.002,volatility,high,926,-420.55103320733764,533.0598138228925,8.433268142548787,50.75593952483801
all_oos,H1,week,price_0.002,volatility,low,1029,-944.6791104956295,51.28712497570454,-29.88130218658907,50.63168124392614
all_oos,H1,week,price_0.002,session,10to19,1373,-397.71142359796033,-7.96985021849933,11.97483146394748,50.619082301529495
all_oos,H1,week,price_0.002,session,after19,567,-1440.5297514991141,969.5610402116358,-70.73471887125204,50.970017636684304
all_oos,H1,week,price_0.002,session,before10,15,88.87281666666628,505.9555833333662,48.43255666666739,46.666666666666664
all_oos,H1,week,price_0.002,trend,down,1044,-700.330953927201,445.11042504789293,-11.413268965517199,51.053639846743295
all_oos,H1,week,price_0.002,trend,up,911,-691.9424210208556,89.6734966520288,-12.10011070252474,50.27442371020856
all_oos,H1,week,price_0.002,structure_regime,post_20240613,1663,-647.4268876127471,257.85746725796554,-3.764812808177993,51.052315093205046
all_oos,H1,week,price_0.002,structure_regime,pre_20240613,292,-975.4594087328719,402.63996969178726,-57.115650513698576,48.63013698630137
all_oos,H1,week,price_0.002,fold,0,309,-946.1459551779877,341.33314174757857,-52.9355812297734,48.54368932038835
all_oos,H1,week,price_0.002,fold,1,277,91.40937418772467,-158.3009447653493,47.22753682310468,47.65342960288809
all_oos,H1,week,price_0.002,fold,2,342,-355.71631432749473,374.90395482455494,26.779965497075608,52.046783625730995
all_oos,H1,week,price_0.002,fold,3,368,-1196.9474592391296,102.00543546195863,-37.48508288043485,52.17391304347826
all_oos,H1,week,price_0.002,fold,4,659,-807.7916744309496,484.0821051593322,-22.803982473444364,51.441578148710164
all_oos,H1,week,price_0.005,side,-1,947,480.05348035902625,289.06254736008617,80.57968194297764,39.070749736008445
all_oos,H1,week,price_0.005,side,1,1008,-1290.2411865575377,781.9426568948355,-109.14386502976176,39.38492063492063
all_oos,H1,week,price_0.005,volatility,high,926,-313.01619152267574,640.5946555075542,-1.422824028077595,41.14470842332613
all_oos,H1,week,price_0.005,volatility,low,1029,-540.4270911564647,455.53914431486936,-31.47766967930044,37.51214771622935
all_oos,H1,week,price_0.005,session,10to19,1373,-223.6935196649674,166.04805371449353,9.178984340859396,39.839766933721776
all_oos,H1,week,price_0.005,session,after19,567,-936.921295238095,1473.169496472655,-81.4171440035273,37.742504409171076
all_oos,H1,week,price_0.005,session,before10,15,-505.79288333330845,-88.71011666660827,-9.818799999998047,40.0
all_oos,H1,week,price_0.005,trend,down,1044,-530.4453646072801,614.9960143678137,-25.37599679118779,40.42145593869732
all_oos,H1,week,price_0.005,trend,up,911,-320.71076783754046,460.905149835344,-7.920435236004335,37.87047200878156
all_oos,H1,week,price_0.005,structure_regime,post_20240613,1663,-364.0714009320506,541.2129539386619,-8.917326307877337,39.56704750450992
all_oos,H1,week,price_0.005,structure_regime,pre_20240613,292,-823.6360630136974,554.4633154109617,-64.65254623287667,37.32876712328767
all_oos,H1,week,price_0.005,fold,0,309,-835.1073213592209,452.3717755663453,-66.71144708737856,37.86407766990291
all_oos,H1,week,price_0.005,fold,1,277,-152.142493501803,-401.8528124548771,21.087547292419025,39.35018050541516
all_oos,H1,week,price_0.005,fold,2,342,-153.19643640351038,577.423832748539,26.338986549707418,41.52046783625731
all_oos,H1,week,price_0.005,fold,3,368,-629.5914554347869,669.3614392663014,-38.77677744565252,38.04347826086957
all_oos,H1,week,price_0.005,fold,4,659,-397.08346024279064,894.7903193474913,-20.748937632776812,39.30197268588771
all_oos,H1,week,q_0.5,side,-1,947,539.5225306230242,348.5315976240841,86.80107391763465,48.57444561774023
all_oos,H1,week,q_0.5,side,1,1008,-1748.5767008432554,323.60714260911794,-99.45445104166667,51.091269841269835
all_oos,H1,week,q_0.5,volatility,high,926,-380.85773552915424,572.7531115010758,9.31693909287267,48.16414686825054
all_oos,H1,week,q_0.5,volatility,low,1029,-873.6280027696796,122.33823270165442,-25.9251265792032,51.40913508260447
all_oos,H1,week,q_0.5,session,10to19,1373,-333.6230495630005,56.11852381646054,14.699536525855706,49.745083758193736
all_oos,H1,week,q_0.5,session,after19,567,-1385.0188117283894,1025.0719799823603,-68.47745546737193,50.08818342151675
all_oos,H1,week,q_0.5,session,before10,15,-551.1576433333751,-134.07487666667518,39.65226333333244,53.333333333333336
all_oos,H1,week,q_0.5,trend,down,1044,-589.3585275383164,556.0828514367776,-7.527719923371839,49.32950191570881
all_oos,H1,week,q_0.5,trend,up,911,-698.5150111964819,83.10090647640267,-11.186092261251158,50.49396267837542
all_oos,H1,week,q_0.5,structure_regime,post_20240613,1663,-627.5143229404694,277.7700319302434,-3.2051122369212774,50.09019843656043
all_oos,H1,week,q_0.5,structure_regime,pre_20240613,292,-712.6067085616326,665.4926698630268,-43.55947945205455,48.63013698630137
all_oos,H1,week,q_0.5,fold,0,309,-662.0352252427066,625.4438716828596,-39.41547168284766,48.22006472491909
all_oos,H1,week,q_0.5,fold,1,277,-65.77754855594775,-315.48786750902167,41.773753068592654,47.292418772563174
all_oos,H1,week,q_0.5,fold,2,342,-447.0092826023458,283.61098654970357,23.76223274853769,50.0
all_oos,H1,week,q_0.5,fold,3,368,-1069.602272146743,229.35062255434553,-32.0158980978264,52.17391304347826
all_oos,H1,week,q_0.5,fold,4,659,-731.9535684370253,559.9202111532568,-20.919956904400628,50.3793626707132
all_oos,H1,week,q_0.75,side,-1,947,219.45363959873205,28.462706599791893,97.8581512671593,25.343189017951424
all_oos,H1,week,q_0.75,side,1,1008,-1163.9865461309512,908.1972973214217,-199.52393670634905,27.18253968253968
all_oos,H1,week,q_0.75,volatility,high,926,-390.1561383369317,563.4547086932982,-42.36489098272127,25.161987041036717
all_oos,H1,week,q_0.75,volatility,low,1029,-587.1635157434409,408.802719727893,-67.26780359572406,27.30806608357629
all_oos,H1,week,q_0.75,session,10to19,1373,-339.4980557902407,50.243517589220275,-21.527484340859516,26.656955571740713
all_oos,H1,week,q_0.75,session,after19,567,-874.7880736331555,1535.3027180775944,-139.13429021163998,25.396825396825395
all_oos,H1,week,q_0.75,session,before10,15,-222.6782299999942,194.40453666670547,-0.13869333333191208,26.666666666666668
all_oos,H1,week,q_0.75,trend,down,1044,-520.7034875478932,624.7378914272006,-54.9514757183909,26.436781609195403
all_oos,H1,week,q_0.75,trend,up,911,-463.07508320526784,318.5408344676166,-56.06928463227207,26.125137211855105
all_oos,H1,week,q_0.75,structure_regime,post_20240613,1663,-445.8917653638003,459.39258950691243,-50.13595907997593,25.917017438364404
all_oos,H1,week,q_0.75,structure_regime,pre_20240613,292,-766.9788904109578,611.1204880137014,-85.86424315068484,28.424657534246577
all_oos,H1,week,q_0.75,fold,0,309,-742.6871302588983,544.7919666666681,-82.39342572815524,27.831715210355988
all_oos,H1,week,q_0.75,fold,1,277,-535.85864945848,-785.5689684115539,-77.57978826714745,25.63176895306859
all_oos,H1,week,q_0.75,fold,2,342,-177.55305350877325,553.0672156432764,-1.48490146198853,23.684210526315788
all_oos,H1,week,q_0.75,fold,3,368,-506.0826707880476,792.870223913041,-69.89289510869611,25.815217391304344
all_oos,H1,week,q_0.75,fold,4,659,-516.8302056145661,775.0435739757158,-53.52180174506815,27.46585735963581
all_oos,H1,week,q_0.9,side,-1,947,62.79734350580768,-128.19358949313263,90.37863600844761,10.03167898627244
all_oos,H1,week,q_0.9,side,1,1008,-803.3912910218252,1268.792552430548,-274.7931381944443,10.01984126984127
all_oos,H1,week,q_0.9,volatility,high,926,-306.8023688984872,646.8084781317426,-83.15661430885515,8.531317494600433
all_oos,H1,week,q_0.9,volatility,low,1029,-453.110149125365,542.856086345969,-111.17579217687087,11.370262390670554
all_oos,H1,week,q_0.9,session,10to19,1373,-298.64590294974533,91.0956704297156,-63.99317225054637,9.978150036416606
all_oos,H1,week,q_0.9,session,after19,567,-620.5439825396816,1789.5468091710684,-187.68554797178103,10.229276895943562
all_oos,H1,week,q_0.9,session,before10,15,769.3283866666692,1186.4111533333694,191.82774666666768,6.666666666666667
all_oos,H1,week,q_0.9,trend,down,1044,-254.1643862068966,891.2769927681973,-62.300370019157164,8.812260536398467
all_oos,H1,week,q_0.9,trend,up,911,-532.3838834796924,249.23203419319208,-138.70617859495053,11.416026344676181
all_oos,H1,week,q_0.9,structure_regime,post_20240613,1663,-396.19867549609137,509.0856793746213,-103.98499717378232,10.643415514131089
all_oos,H1,week,q_0.9,structure_regime,pre_20240613,292,-313.25664280821854,1064.8427356164405,-63.27350924657521,6.506849315068493
all_oos,H1,week,q_0.9,fold,0,309,-321.12723446601854,966.3518624595475,-74.63955258899661,6.796116504854369
all_oos,H1,week,q_0.9,fold,1,277,-359.3094606498188,-609.0197796028928,-104.08244458483726,7.9422382671480145
all_oos,H1,week,q_0.9,fold,2,342,-58.842330555556174,671.7779385964934,-39.54003538011728,6.432748538011696
all_oos,H1,week,q_0.9,fold,3,368,-540.4269884510887,758.5259062499996,-131.2686552989134,11.684782608695652
all_oos,H1,week,q_0.9,fold,4,659,-504.69057996965006,787.1831996206317,-117.87389810318642,13.353566009104703
all_oos,H1,week,selected_atrD,side,-1,947,416.3577971488922,225.366864149952,83.50344002111932,44.98416050686378
all_oos,H1,week,selected_atrD,side,1,1008,-1412.147064930556,660.0367785218174,-98.94080352182536,45.535714285714285
all_oos,H1,week,selected_atrD,volatility,high,926,-195.11088552915697,758.4999615010729,13.805464524838033,42.54859611231102
all_oos,H1,week,selected_atrD,volatility,low,1029,-824.5682483479105,171.39798712342346,-32.496047035957226,47.71622934888241
all_oos,H1,week,selected_atrD,session,10to19,1373,-307.99806849963744,81.74350487982359,12.665601930079994,45.884923525127455
all_oos,H1,week,selected_atrD,session,after19,567,-1060.725588800701,1349.3652029100492,-67.17313439153406,43.738977072310405
all_oos,H1,week,selected_atrD,session,before10,15,-322.7100433333208,94.37272333337933,2.8482333333343073,46.666666666666664
all_oos,H1,week,selected_atrD,trend,down,1044,-465.47849200191905,679.9628869731748,-6.424061302682194,44.44444444444444
all_oos,H1,week,selected_atrD,trend,up,911,-596.2610997804566,185.35481789242792,-15.310485455543091,46.212952799121844
all_oos,H1,week,selected_atrD,structure_regime,post_20240613,1663,-437.5097680697538,467.774586800959,-0.7964038184004781,44.858689116055324
all_oos,H1,week,selected_atrD,structure_regime,pre_20240613,292,-1032.7899426369825,345.3094357876767,-66.19915308219169,47.6027397260274
all_oos,H1,week,selected_atrD,fold,0,309,-955.2390202265324,332.2400766990339,-57.199339644012824,47.249190938511326
all_oos,H1,week,selected_atrD,fold,1,277,128.89634747292692,-120.81397148014719,44.523197292419106,43.32129963898917
all_oos,H1,week,selected_atrD,fold,2,342,-117.69875906432921,612.9215100877203,38.77100570175422,43.567251461988306
all_oos,H1,week,selected_atrD,fold,3,368,-861.9848014945703,436.96809320651806,-33.01723138586991,47.28260869565217
all_oos,H1,week,selected_atrD,fold,4,659,-625.5317996965086,666.3419798937732,-24.919946509863294,44.916540212443095
all_oos,H1,week,selected_atrH,side,-1,947,375.7726250263981,184.78169202745792,78.71853511087629,45.19535374868005
all_oos,H1,week,selected_atrH,side,1,1008,-1562.7420867063472,509.4417567460259,-107.78865446428566,46.726190476190474
all_oos,H1,week,selected_atrH,volatility,high,926,-350.10601565874845,603.5048313714814,2.65060086393074,44.27645788336933
all_oos,H1,week,selected_atrH,volatility,low,1029,-869.9603275024274,126.00590796890648,-35.528636880466436,47.521865889212826
all_oos,H1,week,selected_atrH,session,10to19,1373,-333.4292600873992,56.31231329206186,8.52888638018931,45.884923525127455
all_oos,H1,week,selected_atrH,session,after19,567,-1318.7552578483244,1091.3355338624256,-81.18951049382721,46.03174603174603
all_oos,H1,week,selected_atrH,session,before10,15,-923.6494799999994,-506.56671333329956,14.652033333333838,53.333333333333336
all_oos,H1,week,selected_atrH,trend,down,1044,-563.5088450191582,581.9325339559356,-13.586755316092118,45.30651340996169
all_oos,H1,week,selected_atrH,trend,up,911,-692.7377753018636,88.87814237102076,-21.866013611415966,46.76180021953897
all_oos,H1,week,selected_atrH,structure_regime,post_20240613,1663,-572.6766720384851,332.6076828322276,-9.699113830427022,45.88093806374023
all_oos,H1,week,selected_atrH,structure_regime,pre_20240613,292,-914.4727462328709,463.6266321917881,-61.55782414383549,46.57534246575342
all_oos,H1,week,selected_atrH,fold,0,309,-864.2544006472428,423.22469627832334,-56.25470210355977,45.9546925566343
all_oos,H1,week,selected_atrH,fold,1,277,-89.31026823104106,-339.0205871841152,29.994792418772946,42.96028880866426
all_oos,H1,week,selected_atrH,fold,2,342,-421.3017362573126,309.31853289473696,14.10318479532139,45.614035087719294
all_oos,H1,week,selected_atrH,fold,3,368,-876.860519157612,422.0923755434764,-32.22823247282642,47.28260869565217
all_oos,H1,week,selected_atrH,fold,4,659,-699.2775850531115,592.5961945371706,-27.304499468892338,46.737481031866466
all_oos,H1,week,selected_combo,side,-1,946,386.1146466173352,184.4588183403833,79.144671194503,45.13742071881607
all_oos,H1,week,selected_combo,side,1,1007,-1555.0964268123118,510.2206691161803,-107.64020665342596,46.67328699106256
all_oos,H1,week,selected_combo,volatility,high,926,-350.10601565874845,603.5048313714814,2.65060086393074,44.27645788336933
all_oos,H1,week,selected_combo,volatility,low,1027,-853.4756334956162,126.04165735151331,-35.03143675754622,47.41966893865628
all_oos,H1,week,selected_combo,session,10to19,1372,-326.8153019679292,55.99605389941753,8.77155043731773,45.84548104956268
all_oos,H1,week,selected_combo,session,after19,567,-1318.7552578483244,1091.3355338624256,-81.18951049382721,46.03174603174603
all_oos,H1,week,selected_combo,session,before10,14,-328.05861428571933,-523.1126928571455,34.07543571428609,50.0
all_oos,H1,week,selected_combo,trend,down,1044,-563.5088450191582,581.9325339559356,-13.586755316092118,45.30651340996169
all_oos,H1,week,selected_combo,trend,up,909,-673.7232254125387,88.83684323432266,-21.27420968096803,46.64466446644664
all_oos,H1,week,selected_combo,structure_regime,post_20240613,1661,-562.1261915713429,332.87855469596263,-9.360592715231867,45.815773630343166
all_oos,H1,week,selected_combo,structure_regime,pre_20240613,292,-914.4727462328709,463.6266321917881,-61.55782414383549,46.57534246575342
all_oos,H1,week,selected_combo,fold,0,309,-864.2544006472428,423.22469627832334,-56.25470210355977,45.9546925566343
all_oos,H1,week,selected_combo,fold,1,277,-89.31026823104106,-339.0205871841152,29.994792418772946,42.96028880866426
all_oos,H1,week,selected_combo,fold,2,342,-421.3017362573126,309.31853289473696,14.10318479532139,45.614035087719294
all_oos,H1,week,selected_combo,fold,3,368,-876.860519157612,422.0923755434764,-32.22823247282642,47.28260869565217
all_oos,H1,week,selected_combo,fold,4,657,-672.989691248098,594.0724429223665,-26.502257762557157,46.57534246575342
all_oos,H1,week,selected_fixed,side,-1,947,502.8359193769777,311.8449863780375,83.35215337909167,36.536430834213306
all_oos,H1,week,selected_fixed,side,1,1008,-1232.212237202379,839.971606249994,-113.58195858134904,37.10317460317461
all_oos,H1,week,selected_fixed,volatility,high,926,-305.02934492440426,648.5815021058257,-4.181563498919987,38.98488120950324
all_oos,H1,week,selected_fixed,volatility,low,1029,-469.80286302235345,526.1633724489806,-30.7910565597669,34.88824101068999
all_oos,H1,week,selected_fixed,session,10to19,1373,-231.22934417334454,158.51222920611653,5.03758252002899,37.72760378732702
all_oos,H1,week,selected_fixed,session,after19,567,-797.1204776895909,1612.9703140211593,-75.838085626102,34.74426807760141
all_oos,H1,week,selected_fixed,session,before10,15,237.3920633333221,654.4748300000222,35.164583333332544,33.33333333333333
all_oos,H1,week,selected_fixed,trend,down,1044,-524.2238628352501,621.2175161398437,-30.35496992337175,37.73946360153257
all_oos,H1,week,selected_fixed,trend,up,911,-239.95017195389576,541.6657457189888,-4.243179363336927,35.78485181119649
all_oos,H1,week,selected_fixed,structure_regime,post_20240613,1663,-324.9724660553222,580.3118888153905,-9.847110914010866,36.98135898977751
all_oos,H1,week,selected_fixed,structure_regime,pre_20240613,292,-772.106535616436,605.992842808223,-65.68623133561631,35.95890410958904
all_oos,H1,week,selected_fixed,fold,0,309,-729.5103276698999,557.9687692556662,-60.31128608414225,36.24595469255664
all_oos,H1,week,selected_fixed,fold,1,277,-192.39892166064786,-442.10924061372174,15.612051083032778,38.628158844765345
all_oos,H1,week,selected_fixed,fold,2,342,-41.998648245616145,688.6216209064333,35.26538654970734,39.1812865497076
all_oos,H1,week,selected_fixed,fold,3,368,-545.5193835597872,753.4335111413011,-41.10425815217429,34.51086956521739
all_oos,H1,week,selected_fixed,fold,4,659,-412.8322550075862,879.0415245826958,-27.58554013657047,36.41881638846737
all_oos,H1,week,selected_price,side,-1,947,480.05348035902625,289.06254736008617,80.57968194297764,39.070749736008445
all_oos,H1,week,selected_price,side,1,1008,-1290.2411865575377,781.9426568948355,-109.14386502976176,39.38492063492063
all_oos,H1,week,selected_price,volatility,high,926,-313.01619152267574,640.5946555075542,-1.422824028077595,41.14470842332613
all_oos,H1,week,selected_price,volatility,low,1029,-540.4270911564647,455.53914431486936,-31.47766967930044,37.51214771622935
all_oos,H1,week,selected_price,session,10to19,1373,-223.6935196649674,166.04805371449353,9.178984340859396,39.839766933721776
all_oos,H1,week,selected_price,session,after19,567,-936.921295238095,1473.169496472655,-81.4171440035273,37.742504409171076
all_oos,H1,week,selected_price,session,before10,15,-505.79288333330845,-88.71011666660827,-9.818799999998047,40.0
all_oos,H1,week,selected_price,trend,down,1044,-530.4453646072801,614.9960143678137,-25.37599679118779,40.42145593869732
all_oos,H1,week,selected_price,trend,up,911,-320.71076783754046,460.905149835344,-7.920435236004335,37.87047200878156
all_oos,H1,week,selected_price,structure_regime,post_20240613,1663,-364.0714009320506,541.2129539386619,-8.917326307877337,39.56704750450992
all_oos,H1,week,selected_price,structure_regime,pre_20240613,292,-823.6360630136974,554.4633154109617,-64.65254623287667,37.32876712328767
all_oos,H1,week,selected_price,fold,0,309,-835.1073213592209,452.3717755663453,-66.71144708737856,37.86407766990291
all_oos,H1,week,selected_price,fold,1,277,-152.142493501803,-401.8528124548771,21.087547292419025,39.35018050541516
all_oos,H1,week,selected_price,fold,2,342,-153.19643640351038,577.423832748539,26.338986549707418,41.52046783625731
all_oos,H1,week,selected_price,fold,3,368,-629.5914554347869,669.3614392663014,-38.77677744565252,38.04347826086957
all_oos,H1,week,selected_price,fold,4,659,-397.08346024279064,894.7903193474913,-20.748937632776812,39.30197268588771
all_oos,H1,week,selected_q,side,-1,947,62.79734350580768,-128.19358949313263,90.37863600844761,10.03167898627244
all_oos,H1,week,selected_q,side,1,1008,-803.3912910218252,1268.792552430548,-274.7931381944443,10.01984126984127
all_oos,H1,week,selected_q,volatility,high,926,-306.8023688984872,646.8084781317426,-83.15661430885515,8.531317494600433
all_oos,H1,week,selected_q,volatility,low,1029,-453.110149125365,542.856086345969,-111.17579217687087,11.370262390670554
all_oos,H1,week,selected_q,session,10to19,1373,-298.64590294974533,91.0956704297156,-63.99317225054637,9.978150036416606
all_oos,H1,week,selected_q,session,after19,567,-620.5439825396816,1789.5468091710684,-187.68554797178103,10.229276895943562
all_oos,H1,week,selected_q,session,before10,15,769.3283866666692,1186.4111533333694,191.82774666666768,6.666666666666667
all_oos,H1,week,selected_q,trend,down,1044,-254.1643862068966,891.2769927681973,-62.300370019157164,8.812260536398467
all_oos,H1,week,selected_q,trend,up,911,-532.3838834796924,249.23203419319208,-138.70617859495053,11.416026344676181
all_oos,H1,week,selected_q,structure_regime,post_20240613,1663,-396.19867549609137,509.0856793746213,-103.98499717378232,10.643415514131089
all_oos,H1,week,selected_q,structure_regime,pre_20240613,292,-313.25664280821854,1064.8427356164405,-63.27350924657521,6.506849315068493
all_oos,H1,week,selected_q,fold,0,309,-321.12723446601854,966.3518624595475,-74.63955258899661,6.796116504854369
all_oos,H1,week,selected_q,fold,1,277,-359.3094606498188,-609.0197796028928,-104.08244458483726,7.9422382671480145
all_oos,H1,week,selected_q,fold,2,342,-58.842330555556174,671.7779385964934,-39.54003538011728,6.432748538011696
all_oos,H1,week,selected_q,fold,3,368,-540.4269884510887,758.5259062499996,-131.2686552989134,11.684782608695652
all_oos,H1,week,selected_q,fold,4,659,-504.69057996965006,787.1831996206317,-117.87389810318642,13.353566009104703
