tf,horizon,method,dimension,value,n,delta_RUB,ci_low,ci_high,month_blocks
D1,four_weeks,atrD_0.025,side,-1,76,8.153338815789107,-59.88637181818485,72.99552812475116,30
D1,four_weeks,atrD_0.025,side,1,77,110.67138961039268,-14.20811385208012,237.14412836824462,29
D1,four_weeks,atrD_0.025,volatility,high,71,75.78453450703813,-23.98479468699171,202.5536130619855,21
D1,four_weeks,atrD_0.025,volatility,low,82,45.86157073171344,-53.13457347938504,138.81054166086716,22
D1,four_weeks,atrD_0.025,session,10to19,2,64.99999999994088,,,1
D1,four_weeks,atrD_0.025,session,before10,151,59.67781953642602,-8.1235439011049,129.4732676370839,30
D1,four_weeks,atrD_0.025,trend,down,80,27.97355312499991,-64.97866399277176,122.90458575855995,19
D1,four_weeks,atrD_0.025,trend,up,73,94.5680342465783,3.767964892650058,197.4377462900066,19
D1,four_weeks,atrD_0.025,structure_regime,post_20240613,125,75.41638160000196,2.129836475395896,151.322331085786,25
D1,four_weeks,atrD_0.025,structure_regime,pre_20240613,28,-10.203462500001251,-191.91402727273592,129.54560645161402,5
D1,four_weeks,atrD_0.05,side,-1,76,-36.50342171051656,-148.89454400323768,46.933918507375466,30
D1,four_weeks,atrD_0.05,side,1,77,35.92944025974078,-17.19641666524488,98.2076545619003,29
D1,four_weeks,atrD_0.05,volatility,high,71,-20.64250352112952,-132.18431864889075,73.0661701357076,21
D1,four_weeks,atrD_0.05,volatility,low,82,17.779568292694844,-20.128689494114496,53.70079173301442,22
D1,four_weeks,atrD_0.05,session,10to19,2,-130.0000000000673,,,1
D1,four_weeks,atrD_0.05,session,before10,151,1.6709062913967934,-56.3074211536316,51.83834971477921,30
D1,four_weeks,atrD_0.05,trend,down,80,18.6704287500002,-20.09063294117546,61.100763062891446,19
D1,four_weeks,atrD_0.05,trend,up,73,-20.566129452044315,-127.52185882805811,66.03554180453932,19
D1,four_weeks,atrD_0.05,structure_regime,post_20240613,125,-12.217109199995415,-74.12346441862707,41.837932600371865,25
D1,four_weeks,atrD_0.05,structure_regime,pre_20240613,28,54.26591071429315,-2.9224586206748175,123.9124310344827,5
D1,four_weeks,atrD_0.1,side,-1,76,209.32257828947886,-608.3028243431258,1317.6963251644875,30
D1,four_weeks,atrD_0.1,side,1,77,-216.38095519480154,-396.42275522511574,-24.115956279133474,29
D1,four_weeks,atrD_0.1,volatility,high,71,429.76167816901295,-431.8483954079784,1641.5950262903189,21
D1,four_weeks,atrD_0.1,volatility,low,82,-381.2914237804785,-555.0225467719573,-196.64671852152688,22
D1,four_weeks,atrD_0.1,session,10to19,2,-609.9627000000137,,,1
D1,four_weeks,atrD_0.1,session,before10,151,3.093429139077526,-417.3027657724148,584.4370037105081,30
D1,four_weeks,atrD_0.1,trend,down,80,-42.383879375001996,-548.1949400397514,745.5652677873073,19
D1,four_weeks,atrD_0.1,trend,up,73,36.135517123298996,-498.53778839999075,1076.460673937509,19
D1,four_weeks,atrD_0.1,structure_regime,post_20240613,125,34.130380800004325,-483.1698500408636,742.1495632558517,25
D1,four_weeks,atrD_0.1,structure_regime,pre_20240613,28,-179.25411428570942,-471.99728605392863,134.63882592591577,5
D1,four_weeks,atrD_0.25,side,-1,76,-1031.7433598684124,-1882.8063423203248,-25.860624624765858,30
D1,four_weeks,atrD_0.25,side,1,77,-524.6433025973906,-1116.6835806621134,225.30660851654673,29
D1,four_weeks,atrD_0.25,volatility,high,71,-351.2483992957714,-1423.5293791256915,803.1688363043816,21
D1,four_weeks,atrD_0.25,volatility,low,82,-1144.7730890243738,-1538.8394817387518,-658.0144093847414,22
D1,four_weeks,atrD_0.25,session,10to19,2,-981.8107999999647,,,1
D1,four_weeks,atrD_0.25,session,before10,151,-773.8172718542946,-1318.2561914616974,-186.44952664422541,30
D1,four_weeks,atrD_0.25,trend,down,80,-738.1940924999944,-1442.2871977783616,32.213039633071496,19
D1,four_weeks,atrD_0.25,trend,up,73,-818.5548253424502,-1504.8393303766684,74.58548971932704,19
D1,four_weeks,atrD_0.25,structure_regime,post_20240613,125,-675.8546587999887,-1319.3108086858597,35.32155681132977,25
D1,four_weeks,atrD_0.25,structure_regime,pre_20240613,28,-1226.0070464285654,-1582.5335159999986,-944.9877838709788,5
D1,four_weeks,atrH_0.1,side,-1,76,12.788776973684627,-50.29878821428018,80.08581394833993,30
D1,four_weeks,atrH_0.1,side,1,77,57.14113636364005,-122.73205167847449,227.80664109346023,29
D1,four_weeks,atrH_0.1,volatility,high,71,0.16394014084799494,-137.44639140105627,145.55837976171586,21
D1,four_weeks,atrH_0.1,volatility,low,82,65.36798536585498,-41.04538837301267,167.30509016403514,22
D1,four_weeks,atrH_0.1,session,10to19,2,-362.1350499999935,,,1
D1,four_weeks,atrH_0.1,session,before10,151,40.371421523180814,-39.43799370857936,123.93352809967578,30
D1,four_weeks,atrH_0.1,trend,down,80,-40.20851312499717,-160.4646126274808,80.18715500964115,19
D1,four_weeks,atrH_0.1,trend,up,73,117.65062465753547,15.58430133954777,234.3708049276233,19
D1,four_weeks,atrH_0.1,structure_regime,post_20240613,125,43.340092000002024,-58.30138730673822,141.06633793547795,25
D1,four_weeks,atrH_0.1,structure_regime,pre_20240613,28,-1.632033928569204,-193.7163980769224,134.7068967741973,5
D1,four_weeks,atrH_0.25,side,-1,76,-144.8336065789433,-305.7354488844457,-11.307770499318314,30
D1,four_weeks,atrH_0.25,side,1,77,4.052636363641417,-123.39178808259928,128.0091936593647,29
D1,four_weeks,atrH_0.25,volatility,high,71,-35.334281690138816,-134.2348250726154,53.57767413095881,21
D1,four_weeks,atrH_0.25,volatility,low,82,-99.8361841463347,-255.6329584927074,43.49775947350094,22
D1,four_weeks,atrH_0.25,session,10to19,2,0.0,,,1
D1,four_weeks,atrH_0.25,session,before10,151,-70.8298086092669,-177.43962556249505,28.789809906753096,30
D1,four_weeks,atrH_0.25,trend,down,80,-42.396236874995964,-114.75333828698128,20.59647139809968,19
D1,four_weeks,atrH_0.25,trend,up,73,-100.04934452054279,-297.61552160504743,78.46331791560588,19
D1,four_weeks,atrH_0.25,structure_regime,post_20240613,125,-103.24862199999588,-220.95803789401506,-1.1948377313143943,25
D1,four_weeks,atrH_0.25,structure_regime,pre_20240613,28,78.95630892857791,-50.33087669145389,280.93089464286635,5
D1,four_weeks,atrH_0.5,side,-1,76,-58.51987631578432,-921.7709043284656,1040.8714127508756,30
D1,four_weeks,atrH_0.5,side,1,77,-214.91314350648605,-404.13561471284874,-5.016124145558927,29
D1,four_weeks,atrH_0.5,volatility,high,71,399.29085704225196,-529.973714087397,1586.34609479778,21
D1,four_weeks,atrH_0.5,volatility,low,82,-601.7740670731577,-807.5225717429864,-409.15630763485444,22
D1,four_weeks,atrH_0.5,session,10to19,2,-369.9626999999755,,,1
D1,four_weeks,atrH_0.5,session,before10,151,-134.14501490065624,-594.4476275360863,464.54183195627763,30
D1,four_weeks,atrH_0.5,trend,down,80,-104.79308437499824,-638.8984067270446,662.7632216517839,19
D1,four_weeks,atrH_0.5,trend,up,73,-172.77227260272858,-801.3032647250521,841.0193101311539,19
D1,four_weeks,atrH_0.5,structure_regime,post_20240613,125,-78.94020639999667,-630.7729800835077,636.3151033411027,25
D1,four_weeks,atrH_0.5,structure_regime,pre_20240613,28,-397.4391732142666,-756.6662185184907,-4.438150000004043,5
D1,four_weeks,atrH_1,side,-1,76,-872.3917592105217,-1817.4318484544708,175.15136476767952,30
D1,four_weeks,atrH_1,side,1,77,-545.1972577921911,-1017.8786401284484,-57.3759820556063,29
D1,four_weeks,atrH_1,volatility,high,71,-368.1843091549261,-1380.6724211155395,832.5568597359179,21
D1,four_weeks,atrH_1,volatility,low,82,-1001.7180073170564,-1398.1317250237237,-494.6270974278791,22
D1,four_weeks,atrH_1,session,10to19,2,-909.9253999999901,,,1
D1,four_weeks,atrH_1,session,before10,151,-705.0470976821085,-1256.8753127561915,-96.94577831884175,30
D1,four_weeks,atrH_1,trend,down,80,-703.1733412499922,-1351.1220803324547,127.8004350457415,19
D1,four_weeks,atrH_1,trend,up,73,-712.71363356163,-1468.2834935024598,266.93842924980635,19
D1,four_weeks,atrH_1,structure_regime,post_20240613,125,-631.3838315999884,-1315.9986484651165,105.37654549584109,25
D1,four_weeks,atrH_1,structure_regime,pre_20240613,28,-1048.5351285714228,-1538.0394488315003,-675.4265548387069,5
D1,four_weeks,combo_0.25_1,side,-1,22,1007.951690909082,-575.1457720625123,4299.84172805591,12
D1,four_weeks,combo_0.25_1,side,1,19,-86.59807105262136,-551.4449312291625,362.3986799999936,9
D1,four_weeks,combo_0.25_1,volatility,high,22,1217.7749636363562,-376.27754960069666,4447.841429664465,12
D1,four_weeks,combo_0.25_1,volatility,low,19,-329.5513342105178,-585.6904854383059,47.23321333334704,7
D1,four_weeks,combo_0.25_1,session,10to19,2,-642.0977499999935,,,1
D1,four_weeks,combo_0.25_1,session,before10,39,559.3274192307689,-379.21886009091384,2710.5384407793435,15
D1,four_weeks,combo_0.25_1,trend,down,16,-130.78817187500147,-296.82196406249466,439.3147874999704,8
D1,four_weeks,combo_0.25_1,trend,up,25,904.8873840000011,-539.0149511931864,4051.0627454635223,10
D1,four_weeks,combo_0.25_1,structure_regime,post_20240613,41,500.72131341463415,-397.7174978418111,2563.674421955417,15
D1,four_weeks,combo_0.5_2,side,-1,22,-86.69573863637264,-1740.537164148029,2789.8393278645717,12
D1,four_weeks,combo_0.5_2,side,1,19,-591.779252631549,-1158.067901041664,-63.256460514661384,9
D1,four_weeks,combo_0.5_2,volatility,high,22,314.4398999999921,-1503.792619644452,3075.5018999027748,12
D1,four_weeks,combo_0.5_2,volatility,low,19,-1056.2520973683922,-1509.7632700892648,-527.1303444444229,7
D1,four_weeks,combo_0.5_2,session,10to19,2,-1012.060449999969,,,1
D1,four_weeks,combo_0.5_2,session,before10,39,-285.30746538460744,-1299.8135477232502,1547.2906741302197,15
D1,four_weeks,combo_0.5_2,trend,down,16,-1172.6073781249916,-2100.079175,-651.0095624999929,8
D1,four_weeks,combo_0.5_2,trend,up,25,224.42424000000946,-1265.8391984558389,2879.5619965625015,10
D1,four_weeks,combo_0.5_2,structure_regime,post_20240613,41,-320.7588304877959,-1287.7996381402334,1464.4695455588271,15
D1,four_weeks,combo_1_2,side,-1,22,-839.1075840909008,-2681.164730170936,2079.1115973913084,12
D1,four_weeks,combo_1_2,side,1,19,-715.2921631578631,-2045.6467247135374,1398.9610370313333,9
D1,four_weeks,combo_1_2,volatility,high,22,-797.3513909090914,-2789.7796601433815,2007.4774410399148,12
D1,four_weeks,combo_1_2,volatility,low,19,-763.6414394736419,-1999.280185092855,1838.2888544196926,7
D1,four_weeks,combo_1_2,session,10to19,2,-909.9253999999901,,,1
D1,four_weeks,combo_1_2,session,before10,39,-775.1555679486984,-2146.029084852186,1176.2811592143278,15
D1,four_weeks,combo_1_2,trend,down,16,-1762.760203124993,-2856.334734218745,-1100.765428750009,8
D1,four_weeks,combo_1_2,trend,up,25,-153.87018799997284,-2137.0368131061778,2626.1263250694674,10
D1,four_weeks,combo_1_2,structure_regime,post_20240613,41,-781.7297060975417,-2093.139927865846,1173.6212949646094,15
D1,four_weeks,fixed_0,side,-1,76,355.80506513158394,178.78224655881758,548.2832134407663,30
D1,four_weeks,fixed_0,side,1,77,-165.30733571428908,-982.4004692755207,312.2564212065605,29
D1,four_weeks,fixed_0,volatility,high,71,-121.56178732394942,-995.5687568735516,402.00632197445174,21
D1,four_weeks,fixed_0,volatility,low,82,279.79764634146994,145.31319588980975,411.525097039992,22
D1,four_weeks,fixed_0,session,10to19,2,-222.1350500000217,,,1
D1,four_weeks,fixed_0,session,before10,151,97.72708741721968,-333.3084439188715,361.5280653928185,30
D1,four_weeks,fixed_0,trend,down,80,260.911344999994,73.14918713411348,440.6370144173845,19
D1,four_weeks,fixed_0,trend,up,73,-89.8683219178,-977.9274950316492,398.18040860533426,19
D1,four_weeks,fixed_0,structure_regime,post_20240613,125,74.95380479999851,-416.2058368416839,395.12048234371815,25
D1,four_weeks,fixed_0,structure_regime,pre_20240613,28,176.54623214286806,-52.032977083340995,292.15130312503715,5
D1,four_weeks,fixed_0.01,side,-1,76,304.32797302632,129.4108994286406,509.03170480287963,30
D1,four_weeks,fixed_0.01,side,1,77,-225.64102662337189,-1043.4582903178098,246.3271414802268,29
D1,four_weeks,fixed_0.01,volatility,high,71,-141.9140781690195,-997.1795945612698,372.2139662770505,21
D1,four_weeks,fixed_0.01,volatility,low,82,193.05446890245227,71.09673629359749,305.74773249145693,22
D1,four_weeks,fixed_0.01,session,10to19,2,-292.13505000005716,,,1
D1,four_weeks,fixed_0.01,session,before10,151,41.979052980137894,-376.9535135406695,296.3502136855622,30
D1,four_weeks,fixed_0.01,trend,down,80,208.78039249999833,22.9396904995859,389.7200978111108,19
D1,four_weeks,fixed_0.01,trend,up,73,-149.97074657533113,-1041.2048989289933,313.91660116896577,19
D1,four_weeks,fixed_0.01,structure_regime,post_20240613,125,4.32743920000222,-485.8089882115009,315.16812850231213,25
D1,four_weeks,fixed_0.01,structure_regime,pre_20240613,28,186.20132142858628,-74.81643399997985,372.2567566667038,5
D1,four_weeks,fixed_0.03,side,-1,76,82.53296710526385,-36.17573288074349,245.5365064162513,30
D1,four_weeks,fixed_0.03,side,1,77,31.806159740258515,-140.74327134151685,195.08468792720666,29
D1,four_weeks,fixed_0.03,volatility,high,71,83.08017253520714,-104.03458589286713,281.4451839772729,21
D1,four_weeks,fixed_0.03,volatility,low,82,34.42545792683234,-63.06783873404836,123.8238545144777,22
D1,four_weeks,fixed_0.03,session,10to19,2,-432.13505000002806,,,1
D1,four_weeks,fixed_0.03,session,before10,151,63.48244966887427,-33.128731852204524,161.8714618009496,30
D1,four_weeks,fixed_0.03,trend,down,80,21.777986249996435,-137.96818146324065,203.53166597880917,19
D1,four_weeks,fixed_0.03,trend,up,73,95.60740958904444,1.8865565392142727,202.7790031073288,19
D1,four_weeks,fixed_0.03,structure_regime,post_20240613,125,75.05992439999919,-44.30091133289537,196.83697719642794,25
D1,four_weeks,fixed_0.03,structure_regime,pre_20240613,28,-23.60395535714068,-205.86982727273218,112.37111612903801,5
D1,four_weeks,fixed_0.05,side,-1,76,0.0,0.0,0.0,30
D1,four_weeks,fixed_0.05,side,1,77,0.0,0.0,0.0,29
D1,four_weeks,fixed_0.05,volatility,high,71,0.0,0.0,0.0,21
D1,four_weeks,fixed_0.05,volatility,low,82,0.0,0.0,0.0,22
D1,four_weeks,fixed_0.05,session,10to19,2,0.0,,,1
D1,four_weeks,fixed_0.05,session,before10,151,0.0,0.0,0.0,30
D1,four_weeks,fixed_0.05,trend,down,80,0.0,0.0,0.0,19
D1,four_weeks,fixed_0.05,trend,up,73,0.0,0.0,0.0,19
D1,four_weeks,fixed_0.05,structure_regime,post_20240613,125,0.0,0.0,0.0,25
D1,four_weeks,fixed_0.05,structure_regime,pre_20240613,28,0.0,0.0,0.0,5
D1,four_weeks,fixed_0.1,side,-1,76,-390.9422677631561,-608.8532351063511,-186.31605594243584,30
D1,four_weeks,fixed_0.1,side,1,77,-236.34524025973187,-428.09454806601246,-35.167753730788704,29
D1,four_weeks,fixed_0.1,volatility,high,71,-72.97271690141007,-236.22035361915547,104.21427946610115,21
D1,four_weeks,fixed_0.1,volatility,low,82,-521.0869871951111,-733.7918493778828,-320.64246748342396,22
D1,four_weeks,fixed_0.1,session,10to19,2,-369.9626999999755,,,1
D1,four_weeks,fixed_0.1,session,before10,151,-312.3858970198627,-468.00028343785755,-163.69615631768397,30
D1,four_weeks,fixed_0.1,trend,down,80,-148.51180999999798,-280.01787972544395,-14.664522960856262,19
D1,four_weeks,fixed_0.1,trend,up,73,-493.55138424656695,-757.9157073649293,-247.42371859780604,19
D1,four_weeks,fixed_0.1,structure_regime,post_20240613,125,-315.9712315999945,-491.0951315889007,-149.81724589162283,25
D1,four_weeks,fixed_0.1,structure_regime,pre_20240613,28,-300.4925678571398,-577.5786133333096,81.67150576923807,5
D1,four_weeks,fixed_0.2,side,-1,76,-365.2535828947344,-1113.7888184263168,591.3547160517252,30
D1,four_weeks,fixed_0.2,side,1,77,-625.5358870129811,-1014.4692741406515,-197.0397408124848,29
D1,four_weeks,fixed_0.2,volatility,high,71,107.32287183098423,-716.9098208768696,1201.7172315460498,21
D1,four_weeks,fixed_0.2,volatility,low,82,-1018.8470670731615,-1353.7345233857209,-560.4379684578508,22
D1,four_weeks,fixed_0.2,session,10to19,2,-964.9254000000174,,,1
D1,four_weeks,fixed_0.2,session,before10,151,-490.0376476821147,-950.6042078964621,58.079072888263845,30
D1,four_weeks,fixed_0.2,trend,down,80,-523.5705281250008,-1004.7485724642902,174.29085808376183,19
D1,four_weeks,fixed_0.2,trend,up,73,-466.2999089040998,-1155.211374618903,461.009922519517,19
D1,four_weeks,fixed_0.2,structure_regime,post_20240613,125,-389.85709919999675,-934.6972042064423,273.2638756054825,25
D1,four_weeks,fixed_0.2,structure_regime,pre_20240613,28,-971.1927928571344,-1441.5927479999891,-554.3472589285519,5
D1,four_weeks,fixed_0.5,side,-1,76,-1536.3816394736812,-2452.655209186137,-492.08594512169833,30
D1,four_weeks,fixed_0.5,side,1,77,-836.7597766233637,-1843.9113963980171,220.3439860486197,29
D1,four_weeks,fixed_0.5,volatility,high,71,-274.47018028169117,-1445.849472057683,988.384276955352,21
D1,four_weeks,fixed_0.5,volatility,low,82,-1972.0502999999842,-2731.365788367453,-1036.3178211577385,22
D1,four_weeks,fixed_0.5,session,10to19,2,-2144.5314999999746,,,1
D1,four_weeks,fixed_0.5,session,before10,151,-1171.5658569536345,-1919.0030940191284,-420.5273252023958,30
D1,four_weeks,fixed_0.5,trend,down,80,-1119.7259374999994,-2003.864418998793,-183.05275956004303,19
D1,four_weeks,fixed_0.5,trend,up,73,-1255.033320547929,-2261.27558646206,-101.7342382649999,19
D1,four_weeks,fixed_0.5,structure_regime,post_20240613,125,-1073.6160815999929,-1896.4623113796868,-205.1993441990512,25
D1,four_weeks,fixed_0.5,structure_regime,pre_20240613,28,-1678.339185714274,-2850.4014461538286,199.64943793103083,5
D1,four_weeks,price_0.0005,side,-1,76,-8.868638157895965,-45.198167507313954,20.266587651034833,30
D1,four_weeks,price_0.0005,side,1,77,35.367431168832894,-3.330158548684247,103.75567893334015,29
D1,four_weeks,price_0.0005,volatility,high,71,26.74073309858871,-12.478909880727882,92.5226379397934,21
D1,four_weeks,price_0.0005,volatility,low,82,1.8376054878078165,-20.11188518333267,24.80521909090815,22
D1,four_weeks,price_0.0005,session,10to19,2,0.0,,,1
D1,four_weeks,price_0.0005,session,before10,151,13.57136225165589,-13.226361358224203,42.209620566666906,30
D1,four_weeks,price_0.0005,trend,down,80,7.727479999999332,-18.195219393935748,33.00391241891547,19
D1,four_weeks,price_0.0005,trend,up,73,19.603798630138257,-16.43005146627425,76.00185666074158,19
D1,four_weeks,price_0.0005,structure_regime,post_20240613,125,16.394205600000316,-15.606484085076593,52.29654294866418,25
D1,four_weeks,price_0.0005,structure_regime,pre_20240613,28,0.0,0.0,0.0,5
D1,four_weeks,price_0.001,side,-1,76,-14.102072368417913,-556.8476207291583,969.3706117932662,30
D1,four_weeks,price_0.001,side,1,77,-233.5218629870068,-409.69939103146385,-58.22630182747086,29
D1,four_weeks,price_0.001,volatility,high,71,268.67262605633516,-243.02527027777123,1062.6398533367942,21
D1,four_weeks,price_0.001,volatility,low,82,-464.98411463413515,-695.0354336193624,-246.63033489778513,22
D1,four_weeks,price_0.001,session,10to19,2,-309.96270000003005,,,1
D1,four_weeks,price_0.001,session,before10,151,-122.07295066224653,-436.8734709256143,383.1029725378876,30
D1,four_weeks,price_0.001,trend,down,80,-162.81899374999847,-270.9086275583213,-57.4837800775367,19
D1,four_weeks,price_0.001,trend,up,73,-82.5674171232796,-678.156250803564,935.8111068768849,19
D1,four_weeks,price_0.001,structure_regime,post_20240613,125,-85.83319239999535,-456.0153091337636,459.46230239560157,25
D1,four_weeks,price_0.001,structure_regime,pre_20240613,28,-297.27828214285245,-575.911946666642,88.2099673077029,5
D1,four_weeks,price_0.002,side,-1,76,-270.9828611842133,-1028.936351263268,690.1090194558433,30
D1,four_weeks,price_0.002,side,1,77,-723.2899071428527,-971.4549605721511,-492.20564589743066,29
D1,four_weeks,price_0.002,volatility,high,71,217.9482978873194,-582.2488591932062,1291.927389139042,21
D1,four_weeks,price_0.002,volatility,low,82,-1119.0530420731648,-1332.3421603785177,-904.2711238013386,22
D1,four_weeks,price_0.002,session,10to19,2,-854.9254000000401,,,1
D1,four_weeks,price_0.002,session,before10,151,-493.8951622516542,-891.4709225800159,25.12325012468142,30
D1,four_weeks,price_0.002,trend,down,80,-386.85281625000124,-856.7244256843315,307.68437411833463,19
D1,four_weeks,price_0.002,trend,up,73,-621.0930821917775,-1152.6146193867667,228.01667964447972,19
D1,four_weeks,price_0.002,structure_regime,post_20240613,125,-406.3142971999988,-874.4784655008739,226.3662456225107,25
D1,four_weeks,price_0.002,structure_regime,pre_20240613,28,-910.6690410714291,-1400.1748040000023,-506.0903583333313,5
D1,four_weeks,price_0.005,side,-1,76,-1499.0456585526304,-2435.268975742011,-424.9480525054857,30
D1,four_weeks,price_0.005,side,1,77,-926.390360389598,-1727.2403021397063,-84.61057171101864,29
D1,four_weeks,price_0.005,volatility,high,71,-677.6133943661976,-1597.9415274963744,457.52957815557846,21
D1,four_weeks,price_0.005,volatility,low,82,-1672.5484975609618,-2464.947586198044,-738.9147001746035,22
D1,four_weeks,price_0.005,session,10to19,2,-1302.433749999992,,,1
D1,four_weeks,price_0.005,session,before10,151,-1209.633511920523,-1829.667434601961,-512.8463616017007,30
D1,four_weeks,price_0.005,trend,down,80,-1341.543299999998,-1982.3629996405086,-609.1514159375009,19
D1,four_weeks,price_0.005,trend,up,73,-1067.617312328755,-2075.663495185787,76.82309715532972,19
D1,four_weeks,price_0.005,structure_regime,post_20240613,125,-1169.1075863999924,-1851.5526836416452,-423.0847475159366,25
D1,four_weeks,price_0.005,structure_regime,pre_20240613,28,-1397.1814107142811,-2609.422232608697,433.69223653845114,5
D1,four_weeks,q_0.5,side,-1,76,299.88377500000144,123.35686724454244,498.54412862628845,30
D1,four_weeks,q_0.5,side,1,77,-237.63610974025875,-1030.0188796672085,231.42148411323242,29
D1,four_weeks,q_0.5,volatility,high,71,-132.1867957746517,-981.9306589646056,387.440671131265,21
D1,four_weeks,q_0.5,volatility,low,82,169.24937743902993,46.4433031874978,286.2579684480714,22
D1,four_weeks,q_0.5,session,10to19,2,-222.1350500000217,,,1
D1,four_weeks,q_0.5,session,before10,151,32.698387748345894,-392.93563794928815,293.3381652745806,30
D1,four_weeks,q_0.5,trend,down,80,214.4198643749966,19.495662270491565,401.21220083088565,19
D1,four_weeks,q_0.5,trend,up,73,-173.43017397259644,-1066.325646997929,294.85628824209715,19
D1,four_weeks,q_0.5,structure_regime,post_20240613,125,34.79106719999998,-457.1910980480462,345.3283409397472,25
D1,four_weeks,q_0.5,structure_regime,pre_20240613,28,5.153680357149532,-188.27766363637048,146.96496129033255,5
D1,four_weeks,q_0.75,side,-1,76,-2233.584627631573,-4014.323063902959,-466.3443435694827,30
D1,four_weeks,q_0.75,side,1,77,-1616.3925590908884,-3186.015679035335,-44.278683496605225,29
D1,four_weeks,q_0.75,volatility,high,71,-733.3980809859103,-2851.9718144038375,1402.8949205616025,21
D1,four_weeks,q_0.75,volatility,low,82,-2952.9682317072966,-4206.286940137165,-1708.5739187313534,22
D1,four_weeks,q_0.75,session,10to19,2,-3643.3863999999503,,,1
D1,four_weeks,q_0.75,session,before10,151,-1900.18467516555,-3074.230112639907,-806.2218847987909,30
D1,four_weeks,q_0.75,trend,down,80,-1736.7240281249935,-3374.15176259561,-203.45244621010474,19
D1,four_weeks,q_0.75,trend,up,73,-2127.078582191759,-3824.417999910692,-606.2170578167121,19
D1,four_weeks,q_0.75,structure_regime,post_20240613,125,-2030.6093571999859,-3417.740603102665,-734.982131152332,25
D1,four_weeks,q_0.75,structure_regime,pre_20240613,28,-1442.4460392857034,-3829.713521491472,449.6884071428285,5
D1,four_weeks,q_0.9,side,-1,76,-3593.146272368416,-6082.431569977389,-1237.044565487487,30
D1,four_weeks,q_0.9,side,1,77,-1357.2379090908837,-3830.596357742084,1058.3421016498303,29
D1,four_weeks,q_0.9,volatility,high,71,-1044.5986823943606,-3356.6501960746255,1203.9744008146915,21
D1,four_weeks,q_0.9,volatility,low,82,-3700.243039634123,-5209.213498403098,-2239.201923491753,22
D1,four_weeks,q_0.9,session,10to19,2,-866.9696499999163,,,1
D1,four_weeks,q_0.9,session,before10,151,-2489.089380132436,-3806.7248705936518,-1252.0485142310304,30
D1,four_weeks,q_0.9,trend,down,80,-1980.4080181249926,-3706.2783448855625,-330.5866019781058,19
D1,four_weeks,q_0.9,trend,up,73,-3002.1067705479204,-5006.947854221285,-1392.968000361424,19
D1,four_weeks,q_0.9,structure_regime,post_20240613,125,-2512.229094399984,-4099.291003847331,-1013.4351768685721,25
D1,four_weeks,q_0.9,structure_regime,pre_20240613,28,-2269.921389285703,-4665.278706249993,-463.6093500000035,5
D1,four_weeks,selected_atrD,side,-1,76,-512.7603947368361,-1238.7980449626446,317.8704570727258,30
D1,four_weeks,selected_atrD,side,1,77,-590.5679564935018,-878.9814344555756,-326.24284781552745,29
D1,four_weeks,selected_atrD,volatility,high,71,-114.93594577465132,-753.8655161245022,884.6788446607798,21
D1,four_weeks,selected_atrD,volatility,low,82,-930.2813475609629,-1228.2354888601028,-651.182267364059,22
D1,four_weeks,selected_atrD,session,10to19,2,-981.8107999999647,,,1
D1,four_weeks,selected_atrD,session,before10,151,-546.2245102648958,-953.4022929783526,-66.51633466547632,30
D1,four_weeks,selected_atrD,trend,down,80,-270.8363400000033,-992.5747374439131,595.0911080479083,19
D1,four_weeks,selected_atrD,trend,up,73,-859.9536363013552,-1155.6081377857083,-584.1789530558048,19
D1,four_weeks,selected_atrD,structure_regime,post_20240613,125,-400.92260279999493,-892.5737352879328,180.30628164521414,25
D1,four_weeks,selected_atrD,structure_regime,pre_20240613,28,-1226.0070464285654,-1582.5335159999986,-944.9877838709788,5
D1,four_weeks,selected_atrH,side,-1,76,-593.531952631575,-1259.4579385487013,200.19900639530593,30
D1,four_weeks,selected_atrH,side,1,77,-541.6748746753183,-819.4192363123037,-281.3406542427032,29
D1,four_weeks,selected_atrH,volatility,high,71,-94.40466549295878,-756.6804380211181,901.8139307788512,21
D1,four_weeks,selected_atrH,volatility,low,82,-977.0080792682822,-1248.8904556664254,-711.8691393142741,22
D1,four_weeks,selected_atrH,session,10to19,2,-909.9253999999901,,,1
D1,four_weeks,selected_atrH,session,before10,151,-562.8976354304585,-937.1385490938926,-104.5977706924675,30
D1,four_weeks,selected_atrH,trend,down,80,-271.7997193750003,-904.5176666994332,544.6619938078236,19
D1,four_weeks,selected_atrH,trend,up,73,-891.4166602739615,-1231.3293062421699,-567.1974333929282,19
D1,four_weeks,selected_atrH,structure_regime,post_20240613,125,-459.667281199995,-906.9764424793477,93.71507708133306,25
D1,four_weeks,selected_atrH,structure_regime,pre_20240613,28,-1048.5351285714228,-1538.0394488315003,-675.4265548387069,5
D1,four_weeks,selected_combo,side,-1,22,-118.36484318181324,-1896.907647357526,2958.114798092104,12
D1,four_weeks,selected_combo,side,1,19,-1149.6134052631458,-1900.4493091071433,-280.2958147058573,9
D1,four_weeks,selected_combo,volatility,high,22,183.25829090908667,-1458.2894899851183,3091.07904224998,12
D1,four_weeks,selected_combo,volatility,low,19,-1498.8612447368191,-2009.9046150946654,-794.7759357142612,7
D1,four_weeks,selected_combo,session,10to19,2,-909.9253999999901,,,1
D1,four_weeks,selected_combo,session,before10,39,-580.1751397435816,-1588.4845337785341,1424.1536941160712,15
D1,four_weeks,selected_combo,trend,down,16,-1022.9838562499979,-1475.009709265616,229.47313749997943,8
D1,four_weeks,selected_combo,trend,up,25,-323.15758199998766,-1794.4805026115464,2501.0134814107137,10
D1,four_weeks,selected_combo,structure_regime,post_20240613,41,-596.2605182926746,-1534.2517969827043,1305.456630506303,15
D1,four_weeks,selected_fixed,side,-1,76,-828.9663374999974,-1576.5517382142814,-214.53857279084397,30
D1,four_weeks,selected_fixed,side,1,77,-737.9043545454498,-1367.7391027727783,-157.3889426659875,29
D1,four_weeks,selected_fixed,volatility,high,71,-373.30264436619854,-726.7913391051267,-104.50429152960548,21
D1,four_weeks,selected_fixed,volatility,low,82,-1137.9949902438943,-1846.5845093401226,-375.7015693651267,22
D1,four_weeks,selected_fixed,session,10to19,2,-2144.5314999999746,,,1
D1,four_weeks,selected_fixed,session,before10,151,-765.1060526490031,-1281.2517840483108,-286.80442049813126,30
D1,four_weeks,selected_fixed,trend,down,80,-735.0732793749978,-1461.767369585443,-143.73240819672156,19
D1,four_weeks,selected_fixed,trend,up,73,-835.8111589041042,-1592.1327570632363,-91.30639039930539,19
D1,four_weeks,selected_fixed,structure_regime,post_20240613,125,-582.612637999998,-1097.7821509998328,-182.9396406649813,25
D1,four_weeks,selected_fixed,structure_regime,pre_20240613,28,-1678.339185714274,-2850.4014461538286,199.64943793103083,5
D1,four_weeks,selected_price,side,-1,76,-345.48670131578587,-574.9108214392446,-153.26046545563318,30
D1,four_weeks,selected_price,side,1,77,-232.16232402596827,-406.9263498489008,-56.01006980263092,29
D1,four_weeks,selected_price,volatility,high,71,-89.92803309859329,-242.7402832253368,38.069102774798935,21
D1,four_weeks,selected_price,volatility,low,82,-460.3487548780385,-690.1905107972509,-240.79565077413142,22
D1,four_weeks,selected_price,session,10to19,2,-309.96270000003005,,,1
D1,four_weeks,selected_price,session,before10,151,-288.16929039734583,-451.0701442517976,-135.62353556456438,30
D1,four_weeks,selected_price,trend,down,80,-126.01170749999827,-237.29561284722203,-31.55689587783989,19
D1,four_weeks,selected_price,trend,up,73,-466.4733102739647,-730.8097416833357,-206.82495936534045,19
D1,four_weeks,selected_price,structure_regime,post_20240613,125,-286.47757079999525,-471.0873554356657,-127.83635114021378,25
D1,four_weeks,selected_price,structure_regime,pre_20240613,28,-297.27828214285245,-575.911946666642,88.2099673077029,5
D1,four_weeks,selected_q,side,-1,76,-3593.146272368416,-6082.431569977389,-1237.044565487487,30
D1,four_weeks,selected_q,side,1,77,-1357.2379090908837,-3830.596357742084,1058.3421016498303,29
D1,four_weeks,selected_q,volatility,high,71,-1044.5986823943606,-3356.6501960746255,1203.9744008146915,21
D1,four_weeks,selected_q,volatility,low,82,-3700.243039634123,-5209.213498403098,-2239.201923491753,22
D1,four_weeks,selected_q,session,10to19,2,-866.9696499999163,,,1
D1,four_weeks,selected_q,session,before10,151,-2489.089380132436,-3806.7248705936518,-1252.0485142310304,30
D1,four_weeks,selected_q,trend,down,80,-1980.4080181249926,-3706.2783448855625,-330.5866019781058,19
D1,four_weeks,selected_q,trend,up,73,-3002.1067705479204,-5006.947854221285,-1392.968000361424,19
D1,four_weeks,selected_q,structure_regime,post_20240613,125,-2512.229094399984,-4099.291003847331,-1013.4351768685721,25
D1,four_weeks,selected_q,structure_regime,pre_20240613,28,-2269.921389285703,-4665.278706249993,-463.6093500000035,5
D1,intraday,atrD_0.025,side,-1,92,-9.97022717391584,-41.757598818412916,21.269140257709083,34
D1,intraday,atrD_0.025,side,1,91,10.984394505496878,-30.294762705887255,51.58231134060565,34
D1,intraday,atrD_0.025,volatility,high,83,-10.735826506027434,-50.739509437066786,28.033607129460037,23
D1,intraday,atrD_0.025,volatility,low,100,9.733926000002363,-22.659139059939395,40.42540413393789,25
D1,intraday,atrD_0.025,session,10to19,4,0.48608749999928946,0.0,0.9721749999985789,2
D1,intraday,atrD_0.025,session,before10,179,0.4490203910612377,-24.978441063221037,28.42312550526381,34
D1,intraday,atrD_0.025,trend,down,101,-4.4951163366363085,-35.865234237013844,23.334730030325975,24
D1,intraday,atrD_0.025,trend,up,82,6.540557926832024,-38.65814882142873,56.040895900426115,19
D1,intraday,atrD_0.025,structure_regime,post_20240613,153,6.8348931372540775,-23.203283352313797,36.622375668373195,29
D1,intraday,atrD_0.025,structure_regime,pre_20240613,30,-32.11398833333051,-72.94381249999955,-5.163696695670531,6
D1,intraday,atrD_0.05,side,-1,92,4.845252717395372,-27.030811017353372,33.534292535946506,34
D1,intraday,atrD_0.05,side,1,91,9.701493956046262,-21.634422518675898,40.86288126008551,34
D1,intraday,atrD_0.05,volatility,high,83,5.111975301201231,-38.30994125963562,48.66236398092192,23
D1,intraday,atrD_0.05,volatility,low,100,9.043052500008818,-2.153492941301527,23.004104394453538,25
D1,intraday,atrD_0.05,session,10to19,4,0.0,0.0,0.0,2
D1,intraday,atrD_0.05,session,before10,179,7.4223418994446035,-15.082824486484773,29.633187319741456,34
D1,intraday,atrD_0.05,trend,down,101,14.047302970298682,-16.464252175298192,42.90747715312522,24
D1,intraday,atrD_0.05,trend,up,82,-1.0997365853607683,-29.497043576384073,23.836494740271934,19
D1,intraday,atrD_0.05,structure_regime,post_20240613,153,5.182757189544222,-19.51407949110663,28.65501195523633,29
D1,intraday,atrD_0.05,structure_regime,pre_20240613,30,17.854578333343934,0.0,38.97378939394892,6
D1,intraday,atrD_0.1,side,-1,92,54.68774565217699,-77.16552319690739,211.63534827584257,34
D1,intraday,atrD_0.1,side,1,91,-7.080394505492202,-59.65191164771832,46.23428575892384,34
D1,intraday,atrD_0.1,volatility,high,83,39.72108373494013,-93.0420947132341,227.88901898975524,23
D1,intraday,atrD_0.1,volatility,low,100,10.90106750000461,-48.71616121495482,82.53181474618671,25
D1,intraday,atrD_0.1,session,10to19,4,-65.62019999999342,-172.73797499999029,41.49757500000344,2
D1,intraday,atrD_0.1,session,before10,179,25.974511173186965,-40.95896404642013,109.82909442313579,34
D1,intraday,atrD_0.1,trend,down,101,56.99453465346329,-50.68483535910621,195.38420737058829,24
D1,intraday,atrD_0.1,trend,up,82,-16.70111341462562,-62.86223111793039,30.275989478784773,19
D1,intraday,atrD_0.1,structure_regime,post_20240613,153,20.934461437910233,-56.56769003628677,115.89211851284063,29
D1,intraday,atrD_0.1,structure_regime,pre_20240613,30,39.46613666667425,2.259736666667497,70.44566129033049,6
D1,intraday,atrD_0.25,side,-1,92,90.9100858695657,-167.50189597503064,358.5375878632283,34
D1,intraday,atrD_0.25,side,1,91,196.8103945055043,-69.19812217000631,524.1504355553789,34
D1,intraday,atrD_0.25,volatility,high,83,15.776136746986792,-221.94556815065573,252.78521860545527,23
D1,intraday,atrD_0.25,volatility,low,100,249.64054450001026,-49.235980209985634,621.3445024574073,25
D1,intraday,atrD_0.25,session,10to19,4,-243.04399999998,-524.6690499999677,38.5810500000077,2
D1,intraday,atrD_0.25,session,before10,179,152.21033407821707,-45.669802549518224,347.95472182581085,34
D1,intraday,atrD_0.25,trend,down,101,182.38051831683472,-99.96357879972157,514.5868473795347,24
D1,intraday,atrD_0.25,trend,up,82,95.76879817073933,-144.09963854717475,424.4152868184054,19
D1,intraday,atrD_0.25,structure_regime,post_20240613,153,162.02395294118156,-48.91625911889329,399.0978859849634,29
D1,intraday,atrD_0.25,structure_regime,pre_20240613,30,49.460300000005205,-109.97818518518135,201.3105642857207,6
D1,intraday,atrH_0.1,side,-1,92,-1.0515717391327057,-39.75183981647056,40.709275825545106,34
D1,intraday,atrH_0.1,side,1,91,36.54978296703335,-15.520265957403625,87.1143657653054,34
D1,intraday,atrH_0.1,volatility,high,83,18.39002891566216,-32.25491777667531,71.88607944550756,23
D1,intraday,atrH_0.1,volatility,low,100,17.029132499998678,-20.522058113553,53.39999714799032,25
D1,intraday,atrH_0.1,session,10to19,4,3.713649999997589,0.9721749999985789,6.455124999996599,2
D1,intraday,atrH_0.1,session,before10,179,17.957715363127573,-16.48652929484727,53.377693047647384,34
D1,intraday,atrH_0.1,trend,down,101,21.340998514849417,-22.218311941732434,60.16238647360638,24
D1,intraday,atrH_0.1,trend,up,82,13.09566829268336,-38.009157400153185,67.71613564655149,19
D1,intraday,atrH_0.1,structure_regime,post_20240613,153,27.4033026143774,-10.596290858092726,63.00605211542671,29
D1,intraday,atrH_0.1,structure_regime,pre_20240613,30,-32.11398833333051,-72.94381249999955,-5.163696695670531,6
D1,intraday,atrH_0.25,side,-1,92,12.175056521741402,-20.391918371027003,41.68824806539181,34
D1,intraday,atrH_0.25,side,1,91,23.329701098905193,-22.233638134234354,67.68073896360902,34
D1,intraday,atrH_0.25,volatility,high,83,-0.7243668674703447,-41.92977481644163,41.18600954014008,23
D1,intraday,atrH_0.25,volatility,low,100,33.032304500006205,4.600739630099751,60.187302588856326,25
D1,intraday,atrH_0.25,session,10to19,4,0.0,0.0,0.0,2
D1,intraday,atrH_0.25,session,before10,179,18.11792178771275,-8.124228323581008,43.83688502873679,34
D1,intraday,atrH_0.25,trend,down,101,17.86602128713092,-11.958682197416174,44.52981838710653,24
D1,intraday,atrH_0.25,trend,up,82,17.54438841463852,-22.50487606501192,56.8961011884465,19
D1,intraday,atrH_0.25,structure_regime,post_20240613,153,9.50481797385711,-15.460556778981847,35.864433796689454,29
D1,intraday,atrH_0.25,structure_regime,pre_20240613,30,59.62902833334813,11.956491304366972,119.52756314170531,6
D1,intraday,atrH_0.5,side,-1,92,53.57738043478204,-86.1877609659116,219.3007932587595,34
D1,intraday,atrH_0.5,side,1,91,9.573610989016153,-52.27135527390802,68.3105688892368,34
D1,intraday,atrH_0.5,volatility,high,83,60.00101566264738,-80.83870500162314,245.66897338686738,23
D1,intraday,atrH_0.5,volatility,low,100,8.20233300000684,-58.65709554401335,76.13948289734165,25
D1,intraday,atrH_0.5,session,10to19,4,-65.62019999999342,-172.73797499999029,41.49757500000344,2
D1,intraday,atrH_0.5,session,before10,179,33.87038212290722,-37.97795413087608,120.59187427557123,34
D1,intraday,atrH_0.5,trend,down,101,54.08319356435712,-63.95447111394426,209.5177156163061,24
D1,intraday,atrH_0.5,trend,up,82,4.120915243906706,-30.154041124742406,38.527599573641226,19
D1,intraday,atrH_0.5,structure_regime,post_20240613,153,34.594836601307776,-51.78499756177937,141.2367500606077,29
D1,intraday,atrH_0.5,structure_regime,pre_20240613,30,16.91025333334432,-15.597646558432498,53.46319629629725,6
D1,intraday,atrH_1,side,-1,92,47.120534239128496,-141.95833915490002,240.2928126327322,34
D1,intraday,atrH_1,side,1,91,113.80975439561635,-133.9022914273115,469.0936811419166,34
D1,intraday,atrH_1,volatility,high,83,14.69607469879509,-201.62007448049624,242.17528226239745,23
D1,intraday,atrH_1,volatility,low,100,134.72002600000917,-84.99312323756998,482.7166584086134,25
D1,intraday,atrH_1,session,10to19,4,-152.96136249998725,-345.4759499999808,39.55322500000628,2
D1,intraday,atrH_1,session,before10,179,85.49509636871993,-73.44622654346789,268.66191868729913,34
D1,intraday,atrH_1,trend,down,101,25.390471782180516,-146.84971793493852,198.8928091074772,24
D1,intraday,atrH_1,trend,up,82,147.89437987805707,-80.34333997256749,509.8028400658394,19
D1,intraday,atrH_1,structure_regime,post_20240613,153,88.67743692810933,-86.32880861044156,335.7810394285883,29
D1,intraday,atrH_1,structure_regime,pre_20240613,30,37.470965000006196,-100.67943928571276,167.5659428571506,6
D1,intraday,combo_0.25_1,side,-1,30,13.798203333334481,-49.53787941175733,74.77161706547557,14
D1,intraday,combo_0.25_1,side,1,26,-40.405338461533034,-149.198732386207,79.96187887274714,12
D1,intraday,combo_0.25_1,volatility,high,31,-21.904300000002326,-98.18641641241736,75.54162188615871,13
D1,intraday,combo_0.25_1,volatility,low,25,1.6976240000099165,-67.15720529711075,109.0556078250245,9
D1,intraday,combo_0.25_1,session,10to19,4,-83.14142499999684,-166.2828499999937,0.0,2
D1,intraday,combo_0.25_1,session,before10,52,-5.846673076919941,-66.573443158842,67.57445982157303,17
D1,intraday,combo_0.25_1,trend,down,22,-9.663770454541634,-79.75343863635257,38.53317069444392,10
D1,intraday,combo_0.25_1,trend,up,34,-12.470286764703186,-79.38986538018608,100.93865116478258,11
D1,intraday,combo_0.25_1,structure_regime,post_20240613,56,-11.367726785711145,-64.95404556005671,53.60735347851239,17
D1,intraday,combo_0.5_2,side,-1,30,-21.176010000004556,-164.71211436813533,139.1220751735989,14
D1,intraday,combo_0.5_2,side,1,26,-55.8556365384463,-177.28439290059708,83.60895431629717,12
D1,intraday,combo_0.5_2,volatility,high,31,-23.75660967742537,-153.98870478010548,84.70831166967783,13
D1,intraday,combo_0.5_2,volatility,low,25,-54.04287799998214,-250.63271088703044,120.24702581253038,9
D1,intraday,combo_0.5_2,session,10to19,4,-148.76162499999037,-339.0208249999842,41.49757500000344,2
D1,intraday,combo_0.5_2,session,before10,52,-28.701545192303435,-100.8243651480738,55.79203989841762,17
D1,intraday,combo_0.5_2,trend,down,22,-181.94043181817955,-288.62267862500426,-65.65276515872638,10
D1,intraday,combo_0.5_2,trend,up,34,56.32831323530027,-12.764683355473409,152.81831200002986,11
D1,intraday,combo_0.5_2,structure_regime,post_20240613,56,-37.27726517856679,-112.93206208960025,51.51521016173351,17
D1,intraday,combo_1_2,side,-1,30,-102.16659500000313,-345.6370364784422,165.45434789930374,14
D1,intraday,combo_1_2,side,1,26,356.9048730769418,-307.9115474712118,1692.0981215761444,12
D1,intraday,combo_1_2,volatility,high,31,-181.0586016129039,-372.41027062500274,-6.968829047621579,13
D1,intraday,combo_1_2,volatility,low,25,473.0938200000167,-322.94875622835434,1975.7895512500668,9
D1,intraday,combo_1_2,session,10to19,4,-152.96136249998725,-345.4759499999808,39.55322500000628,2
D1,intraday,combo_1_2,session,before10,52,131.2764288461604,-213.05878092968885,791.8655561554283,17
D1,intraday,combo_1_2,trend,down,22,-314.9797318181824,-451.206746765738,-123.7101800892854,10
D1,intraday,combo_1_2,trend,up,34,386.59067500001197,-83.60424422376057,1368.884023881622,11
D1,intraday,combo_1_2,structure_regime,post_20240613,56,110.97372946429275,-219.03537740530416,745.7174910709634,17
D1,intraday,fixed_0,side,-1,92,16.358145652178024,-102.02359900478298,110.08539798128092,34
D1,intraday,fixed_0,side,1,91,34.12132802198153,-41.942912749998705,105.073017572768,34
D1,intraday,fixed_0,volatility,high,83,46.68874698794978,-21.135949607046996,114.95536599092358,23
D1,intraday,fixed_0,volatility,low,100,7.348242500008664,-110.14494089612363,97.69316447701591,25
D1,intraday,fixed_0,session,10to19,4,4.199737499996878,1.9443499999971579,6.455124999996599,2
D1,intraday,fixed_0,session,before10,179,25.660286592182725,-46.8228063332612,91.88221442949066,34
D1,intraday,fixed_0,trend,down,101,47.208723267326775,-19.054338917527765,109.88404804523783,24
D1,intraday,fixed_0,trend,up,82,-1.9279365853573927,-142.11020364724934,109.09408662699158,19
D1,intraday,fixed_0,structure_regime,post_20240613,153,33.819710130720544,-48.78629640719045,103.11357649176445,29
D1,intraday,fixed_0,structure_regime,pre_20240613,30,-18.814179999984866,-127.97569107143009,67.78608647728618,6
D1,intraday,fixed_0.01,side,-1,92,35.408189673912496,-17.592946079344713,85.55364379751596,34
D1,intraday,fixed_0.01,side,1,91,23.96435494506334,-44.69028693247086,87.42162761199239,34
D1,intraday,fixed_0.01,volatility,high,83,40.25241987951547,-24.172155786056713,106.76498084579212,23
D1,intraday,fixed_0.01,volatility,low,100,20.973589000009287,-30.968899178301086,69.22084196418695,25
D1,intraday,fixed_0.01,session,10to19,4,3.713649999997589,0.9721749999985789,6.455124999996599,2
D1,intraday,fixed_0.01,session,before10,179,30.298632122909062,-14.26970142011809,77.46153117131779,34
D1,intraday,fixed_0.01,trend,down,101,27.340719306932208,-36.77772671689398,89.44221079461218,24
D1,intraday,fixed_0.01,trend,up,82,32.64508658537268,-26.09031333928681,93.66917465618266,19
D1,intraday,fixed_0.01,structure_regime,post_20240613,153,46.17463986928201,-1.4504805552700728,93.54234679816591,29
D1,intraday,fixed_0.01,structure_regime,pre_20240613,30,-54.213671666647805,-136.2036440000012,3.6479444546826523,6
D1,intraday,fixed_0.03,side,-1,92,8.928360326088463,-32.02793217243726,52.78811330903382,34
D1,intraday,fixed_0.03,side,1,91,17.811224725277384,-33.287419664994346,69.19473649895257,34
D1,intraday,fixed_0.03,volatility,high,83,15.528466867467104,-44.21619403297205,73.2163059638522,23
D1,intraday,fixed_0.03,volatility,low,100,11.533678500006113,-20.492378512243068,39.86501413129455,25
D1,intraday,fixed_0.03,session,10to19,4,3.713649999997589,0.9721749999985789,6.455124999996599,2
D1,intraday,fixed_0.03,session,before10,179,13.560759776538493,-21.325893585225387,50.641461762700196,34
D1,intraday,fixed_0.03,trend,down,101,16.49360445544377,-33.12932975811806,60.09084558307144,24
D1,intraday,fixed_0.03,trend,up,82,9.4680067073239,-37.247466642514084,59.79728031646168,19
D1,intraday,fixed_0.03,structure_regime,post_20240613,153,21.89171078431406,-17.400303813514327,60.33884885621352,29
D1,intraday,fixed_0.03,structure_regime,pre_20240613,30,-30.240038333322353,-72.06897419353756,-3.0422424242227395,6
D1,intraday,fixed_0.05,side,-1,92,0.0,0.0,0.0,34
D1,intraday,fixed_0.05,side,1,91,0.0,0.0,0.0,34
D1,intraday,fixed_0.05,volatility,high,83,0.0,0.0,0.0,23
D1,intraday,fixed_0.05,volatility,low,100,0.0,0.0,0.0,25
D1,intraday,fixed_0.05,session,10to19,4,0.0,0.0,0.0,2
D1,intraday,fixed_0.05,session,before10,179,0.0,0.0,0.0,34
D1,intraday,fixed_0.05,trend,down,101,0.0,0.0,0.0,24
D1,intraday,fixed_0.05,trend,up,82,0.0,0.0,0.0,19
D1,intraday,fixed_0.05,structure_regime,post_20240613,153,0.0,0.0,0.0,29
D1,intraday,fixed_0.05,structure_regime,pre_20240613,30,0.0,0.0,0.0,6
D1,intraday,fixed_0.1,side,-1,92,31.009822282605985,-47.48524452632974,140.0258448346387,34
D1,intraday,fixed_0.1,side,1,91,-11.434582417576715,-72.23787031979973,46.01113842960721,34
D1,intraday,fixed_0.1,volatility,high,83,14.570913253008262,-32.13151901378378,59.6441189946826,23
D1,intraday,fixed_0.1,volatility,low,100,6.029708500005842,-47.41432958986367,71.35906018056485,25
D1,intraday,fixed_0.1,session,10to19,4,-65.62019999999342,-172.73797499999029,41.49757500000344,2
D1,intraday,fixed_0.1,session,before10,179,11.591270670392424,-24.781786575318147,48.95834321038837,34
D1,intraday,fixed_0.1,trend,down,101,22.09811633663388,-24.235511326426373,81.55200683928605,24
D1,intraday,fixed_0.1,trend,up,82,-5.116501219509172,-51.32734206129455,38.493914831182956,19
D1,intraday,fixed_0.1,structure_regime,post_20240613,153,5.211274183006712,-33.46400092544739,50.96074269736951,29
D1,intraday,fixed_0.1,structure_regime,pre_20240613,30,33.834390000008106,-9.116820833332989,67.77630120871014,6
D1,intraday,fixed_0.2,side,-1,92,152.4777635869561,-68.16238653795492,401.61150582757904,34
D1,intraday,fixed_0.2,side,1,91,207.58889560440363,-63.028039470274614,554.4846725943579,34
D1,intraday,fixed_0.2,volatility,high,83,56.37665240963708,-83.73894304640238,243.71116167433703,23
D1,intraday,fixed_0.2,volatility,low,100,282.392816000008,-25.93016325260239,666.8615933391583,25
D1,intraday,fixed_0.2,session,10to19,4,-152.96136249998725,-345.4759499999808,39.55322500000628,2
D1,intraday,fixed_0.2,session,before10,179,187.32061005586945,7.609067218903268,381.1846352722721,34
D1,intraday,fixed_0.2,trend,down,101,205.01802376237657,-38.559969555186754,509.12466680626443,24
D1,intraday,fixed_0.2,trend,up,82,148.92345548781284,-91.95060210049478,520.9278477923073,19
D1,intraday,fixed_0.2,structure_regime,post_20240613,153,213.0823392156895,11.693554447370348,447.2077601543352,29
D1,intraday,fixed_0.2,structure_regime,pre_20240613,30,10.564861666672888,-124.84604833333242,137.9202234375068,6
D1,intraday,fixed_0.5,side,-1,92,162.23601141304007,-183.91950829252653,502.5243395300631,34
D1,intraday,fixed_0.5,side,1,91,213.2156840659462,-104.28865121549606,546.2673437787525,34
D1,intraday,fixed_0.5,volatility,high,83,84.34668795180534,-196.37272667933146,391.448119204544,23
D1,intraday,fixed_0.5,volatility,low,100,273.2756520000095,-106.24072722561701,679.0213916176646,25
D1,intraday,fixed_0.5,session,10to19,4,-392.7777999999688,-863.6898749999516,78.13427500001396,2
D1,intraday,fixed_0.5,session,before10,179,200.55559497207076,-22.687007982970805,410.65427770470876,34
D1,intraday,fixed_0.5,trend,down,101,254.14807821782313,-93.57038339120265,635.6830485534917,24
D1,intraday,fixed_0.5,trend,up,82,105.60224878049573,-198.0209613122537,403.124845392732,19
D1,intraday,fixed_0.5,structure_regime,post_20240613,153,193.99917973856654,-38.83885279801389,435.8367744477021,29
D1,intraday,fixed_0.5,structure_regime,pre_20240613,30,154.88219333333686,-267.40198518518145,535.1127396551769,6
D1,intraday,price_0.0005,side,-1,92,-1.7655130434781727,-21.103777695169693,12.627265859415498,34
D1,intraday,price_0.0005,side,1,91,1.722574175826514,-30.164942061779215,31.700807736845235,34
D1,intraday,price_0.0005,volatility,high,83,-8.169557831326166,-39.564462718525206,24.840077972835786,23
D1,intraday,price_0.0005,volatility,low,100,6.724003500002926,-6.891573335379981,21.368295563036217,25
D1,intraday,price_0.0005,session,10to19,4,0.0,0.0,0.0,2
D1,intraday,price_0.0005,session,before10,179,-0.03169245809932533,-19.89522682068438,20.038957808993324,34
D1,intraday,price_0.0005,trend,down,101,0.3621287128718977,-11.90838898672855,13.36169708800096,24
D1,intraday,price_0.0005,trend,up,82,-0.5152189024370841,-37.067372250000055,41.70461107247557,19
D1,intraday,price_0.0005,structure_regime,post_20240613,153,-0.03707810457372049,-22.341316949967666,25.47262667839146,29
D1,intraday,price_0.0005,structure_regime,pre_20240613,30,0.0,0.0,0.0,6
D1,intraday,price_0.001,side,-1,92,21.65409619565108,-48.35333829468563,118.17751111097908,34
D1,intraday,price_0.001,side,1,91,-5.826556043947311,-57.15971281608744,46.560471633177,34
D1,intraday,price_0.001,volatility,high,83,-2.281250602412227,-43.18133024290331,38.49038825303498,23
D1,intraday,price_0.001,volatility,low,100,16.513040500009087,-42.63335008764919,86.95111745814796,25
D1,intraday,price_0.001,session,10to19,4,-65.62019999999342,-172.73797499999029,41.49757500000344,2
D1,intraday,price_0.001,session,before10,179,9.633748882685296,-30.382421991870533,49.43658684862298,34
D1,intraday,price_0.001,trend,down,101,26.592468811881897,-24.06161504587324,91.21932950186125,24
D1,intraday,price_0.001,trend,up,82,-14.925354878041198,-61.189532663405096,32.25219413929495,19
D1,intraday,price_0.001,structure_regime,post_20240613,153,2.921101633989871,-38.617928888836374,52.89796039458675,29
D1,intraday,price_0.001,structure_regime,pre_20240613,30,33.834390000008106,-9.116820833332989,67.77630120871014,6
D1,intraday,price_0.002,side,-1,92,50.13037717391003,-116.46522308117069,239.48757943112057,34
D1,intraday,price_0.002,side,1,91,-46.67704065933422,-138.25138842300657,40.66949283661982,34
D1,intraday,price_0.002,volatility,high,83,55.74291204818997,-86.08922092118767,249.9654402791638,23
D1,intraday,price_0.002,volatility,low,100,-42.62277699999458,-153.31749819891178,66.77894362946638,25
D1,intraday,price_0.002,session,10to19,4,-152.96136249998725,-345.4759499999808,39.55322500000628,2
D1,intraday,price_0.002,session,before10,179,5.453795810057313,-78.0223107271813,97.97601779069777,34
D1,intraday,price_0.002,trend,down,101,29.829621782179743,-91.95606287263175,177.8317758135577,24
D1,intraday,price_0.002,trend,up,82,-32.29765609755907,-133.44906668104443,64.05245381060581,19
D1,intraday,price_0.002,structure_regime,post_20240613,153,3.496235294119219,-90.93997790227397,113.04656661352429,29
D1,intraday,price_0.002,structure_regime,pre_20240613,30,-5.6846666666642935,-170.45201911764443,144.6042712980802,6
D1,intraday,price_0.005,side,-1,92,158.30204619564856,-161.1601385399355,480.0545427325212,34
D1,intraday,price_0.005,side,1,91,234.60327142858463,-84.55365265623561,580.185469838791,34
D1,intraday,price_0.005,volatility,high,83,90.77697168674607,-177.76243642289108,384.03129311972793,23
D1,intraday,price_0.005,volatility,low,100,283.78197300000943,-88.3035490602905,674.4594047939972,25
D1,intraday,price_0.005,session,10to19,4,-309.15028749997265,-697.4070249999579,79.10645000001253,2
D1,intraday,price_0.005,session,before10,179,207.53791675978079,-5.325405465206208,424.28609988817124,34
D1,intraday,price_0.005,trend,down,101,242.42898861386354,-88.9923768333148,615.9524176831692,24
D1,intraday,price_0.005,trend,up,82,139.35802560976404,-159.66453509639746,466.47660882609716,19
D1,intraday,price_0.005,structure_regime,post_20240613,153,198.0046823529459,-33.27532951214801,444.026235708651,29
D1,intraday,price_0.005,structure_regime,pre_20240613,30,187.26565166667152,-224.20560555555198,546.2932411764768,6
D1,intraday,q_0.5,side,-1,92,16.358145652178024,-102.02359900478298,110.08539798128092,34
D1,intraday,q_0.5,side,1,91,34.12132802198153,-41.942912749998705,105.073017572768,34
D1,intraday,q_0.5,volatility,high,83,46.68874698794978,-21.135949607046996,114.95536599092358,23
D1,intraday,q_0.5,volatility,low,100,7.348242500008664,-110.14494089612363,97.69316447701591,25
D1,intraday,q_0.5,session,10to19,4,4.199737499996878,1.9443499999971579,6.455124999996599,2
D1,intraday,q_0.5,session,before10,179,25.660286592182725,-46.8228063332612,91.88221442949066,34
D1,intraday,q_0.5,trend,down,101,47.208723267326775,-19.054338917527765,109.88404804523783,24
D1,intraday,q_0.5,trend,up,82,-1.9279365853573927,-142.11020364724934,109.09408662699158,19
D1,intraday,q_0.5,structure_regime,post_20240613,153,33.819710130720544,-48.78629640719045,103.11357649176445,29
D1,intraday,q_0.5,structure_regime,pre_20240613,30,-18.814179999984866,-127.97569107143009,67.78608647728618,6
D1,intraday,q_0.75,side,-1,92,16.358145652178024,-102.02359900478298,110.08539798128092,34
D1,intraday,q_0.75,side,1,91,34.12132802198153,-41.942912749998705,105.073017572768,34
D1,intraday,q_0.75,volatility,high,83,46.68874698794978,-21.135949607046996,114.95536599092358,23
D1,intraday,q_0.75,volatility,low,100,7.348242500008664,-110.14494089612363,97.69316447701591,25
D1,intraday,q_0.75,session,10to19,4,4.199737499996878,1.9443499999971579,6.455124999996599,2
D1,intraday,q_0.75,session,before10,179,25.660286592182725,-46.8228063332612,91.88221442949066,34
D1,intraday,q_0.75,trend,down,101,47.208723267326775,-19.054338917527765,109.88404804523783,24
D1,intraday,q_0.75,trend,up,82,-1.9279365853573927,-142.11020364724934,109.09408662699158,19
D1,intraday,q_0.75,structure_regime,post_20240613,153,33.819710130720544,-48.78629640719045,103.11357649176445,29
D1,intraday,q_0.75,structure_regime,pre_20240613,30,-18.814179999984866,-127.97569107143009,67.78608647728618,6
D1,intraday,q_0.9,side,-1,92,16.358145652178024,-102.02359900478298,110.08539798128092,34
D1,intraday,q_0.9,side,1,91,34.12132802198153,-41.942912749998705,105.073017572768,34
D1,intraday,q_0.9,volatility,high,83,46.68874698794978,-21.135949607046996,114.95536599092358,23
D1,intraday,q_0.9,volatility,low,100,7.348242500008664,-110.14494089612363,97.69316447701591,25
D1,intraday,q_0.9,session,10to19,4,4.199737499996878,1.9443499999971579,6.455124999996599,2
D1,intraday,q_0.9,session,before10,179,25.660286592182725,-46.8228063332612,91.88221442949066,34
D1,intraday,q_0.9,trend,down,101,47.208723267326775,-19.054338917527765,109.88404804523783,24
D1,intraday,q_0.9,trend,up,82,-1.9279365853573927,-142.11020364724934,109.09408662699158,19
D1,intraday,q_0.9,structure_regime,post_20240613,153,33.819710130720544,-48.78629640719045,103.11357649176445,29
D1,intraday,q_0.9,structure_regime,pre_20240613,30,-18.814179999984866,-127.97569107143009,67.78608647728618,6
D1,intraday,selected_atrD,side,-1,92,-35.472124456521,-145.71483059060284,47.70370530946618,34
D1,intraday,selected_atrD,side,1,91,27.012695604399624,-11.681800526995554,68.19913745047668,34
D1,intraday,selected_atrD,volatility,high,83,-21.384985542171886,-129.45308723872108,59.727559701465516,23
D1,intraday,selected_atrD,volatility,low,100,9.696736500007004,-34.96592516607611,54.02703905930409,25
D1,intraday,selected_atrD,session,10to19,4,0.0,0.0,0.0,2
D1,intraday,selected_atrD,session,before10,179,-4.498771787707072,-55.30108785564032,37.1958650040125,34
D1,intraday,selected_atrD,trend,down,101,-16.55646584158233,-90.52573802555818,42.00438917721398,24
D1,intraday,selected_atrD,trend,up,82,10.572230487807914,-40.42495874743494,64.73185572691467,19
D1,intraday,selected_atrD,structure_regime,post_20240613,153,-14.96136699346224,-77.13553746621275,27.047203559950145,29
D1,intraday,selected_atrD,structure_regime,pre_20240613,30,49.460300000005205,-109.97818518518135,201.3105642857207,6
D1,intraday,selected_atrH,side,-1,92,-9.262374456523697,-111.41381347785804,84.77716958769982,34
D1,intraday,selected_atrH,side,1,91,-15.827576923075043,-99.9119285711593,55.82789021108903,34
D1,intraday,selected_atrH,volatility,high,83,-49.455157831326,-125.93470557065311,22.01111787120529,23
D1,intraday,selected_atrH,volatility,low,100,18.123301500000498,-76.71580850486802,92.31132837009311,25
D1,intraday,selected_atrH,session,10to19,4,-172.2518874999911,-345.4759499999808,0.9721749999985789,2
D1,intraday,selected_atrH,session,before10,179,-8.957767597765615,-63.00471604771112,38.94994797124256,34
D1,intraday,selected_atrH,trend,down,101,-55.24189059406066,-128.1992091252431,14.605198143304515,24
D1,intraday,selected_atrH,trend,up,82,40.0851585365868,-29.803927242068916,108.2048265741435,19
D1,intraday,selected_atrH,structure_regime,post_20240613,153,-22.33056797385748,-87.97795727549469,36.11766941557482,29
D1,intraday,selected_atrH,structure_regime,pre_20240613,30,37.470965000006196,-100.67943928571276,167.5659428571506,6
D1,intraday,selected_combo,side,-1,30,-44.90002666667312,-220.96873313917024,138.48355948635697,14
D1,intraday,selected_combo,side,1,26,-55.8556365384463,-177.28439290059708,83.60895431629717,12
D1,intraday,selected_combo,volatility,high,31,-47.89278709678,-222.49830201754182,84.70831166967783,13
D1,intraday,selected_combo,volatility,low,25,-52.582837999984676,-248.7132059779384,123.51376743753443,9
D1,intraday,selected_combo,session,10to19,4,-148.76162499999037,-339.0208249999842,41.49757500000344,2
D1,intraday,selected_combo,session,before10,52,-42.388477884612215,-137.78715322956282,53.4563424770459,17
D1,intraday,selected_combo,trend,down,22,-214.29136363636397,-354.8789780681849,-68.66715887499883,10
D1,intraday,selected_combo,trend,up,34,56.32831323530027,-12.764683355473409,152.81831200002986,11
D1,intraday,selected_combo,structure_regime,post_20240613,56,-49.986559821424954,-144.74613575399243,49.615852308525085,17
D1,intraday,selected_fixed,side,-1,92,31.366156521737086,-175.45809199760467,231.88236510277017,34
D1,intraday,selected_fixed,side,1,91,-23.948888461530576,-134.74613135126475,75.86499394096134,34
D1,intraday,selected_fixed,volatility,high,83,-41.58701746988157,-135.8972169285717,44.1480716639559,23
D1,intraday,selected_fixed,volatility,low,100,41.580600000006996,-141.3366226381523,205.5363159403398,25
D1,intraday,selected_fixed,session,10to19,4,-431.3588499999765,-863.6898749999516,0.9721749999985789,2
D1,intraday,selected_fixed,session,before10,179,13.585323743019188,-81.35731214628622,105.80099360688757,34
D1,intraday,selected_fixed,trend,down,101,-89.97557722771853,-224.02753420290853,22.817312440058824,24
D1,intraday,selected_fixed,trend,up,82,119.43744939024518,-23.68114167537401,260.1536112049483,19
D1,intraday,selected_fixed,structure_regime,post_20240613,153,-25.752472222219463,-135.98577898540947,61.7227209629326,29
D1,intraday,selected_fixed,structure_regime,pre_20240613,30,154.88219333333686,-267.40198518518145,535.1127396551769,6
D1,intraday,selected_price,side,-1,92,-32.14956304347847,-98.07981522450952,26.101448028145693,34
D1,intraday,selected_price,side,1,91,-3.920656593403297,-46.15080827493556,34.870490153656355,34
D1,intraday,selected_price,volatility,high,83,-26.337044578315385,-73.5092800582456,17.17500133650733,23
D1,intraday,selected_price,volatility,low,100,-11.285648499995425,-64.45738456830024,38.42273386909421,25
D1,intraday,selected_price,session,10to19,4,-86.36898749999514,-172.73797499999029,0.0,2
D1,intraday,selected_price,session,before10,179,-16.586947486032063,-52.76308368827165,15.951936075603864,34
D1,intraday,selected_price,trend,down,101,-35.484732178216156,-70.27362883141096,-4.352609332044996,24
D1,intraday,selected_price,trend,up,82,3.2855902439038034,-60.236874934895454,68.34301461850825,19
D1,intraday,selected_price,structure_regime,post_20240613,153,-20.549016666665295,-54.88882472832763,11.93765647669226,29
D1,intraday,selected_price,structure_regime,pre_20240613,30,-5.6846666666642935,-170.45201911764443,144.6042712980802,6
D1,intraday,selected_q,side,-1,92,16.358145652178024,-102.02359900478298,110.08539798128092,34
D1,intraday,selected_q,side,1,91,34.12132802198153,-41.942912749998705,105.073017572768,34
D1,intraday,selected_q,volatility,high,83,46.68874698794978,-21.135949607046996,114.95536599092358,23
D1,intraday,selected_q,volatility,low,100,7.348242500008664,-110.14494089612363,97.69316447701591,25
D1,intraday,selected_q,session,10to19,4,4.199737499996878,1.9443499999971579,6.455124999996599,2
D1,intraday,selected_q,session,before10,179,25.660286592182725,-46.8228063332612,91.88221442949066,34
D1,intraday,selected_q,trend,down,101,47.208723267326775,-19.054338917527765,109.88404804523783,24
D1,intraday,selected_q,trend,up,82,-1.9279365853573927,-142.11020364724934,109.09408662699158,19
D1,intraday,selected_q,structure_regime,post_20240613,153,33.819710130720544,-48.78629640719045,103.11357649176445,29
D1,intraday,selected_q,structure_regime,pre_20240613,30,-18.814179999984866,-127.97569107143009,67.78608647728618,6
D1,two_weeks,atrD_0.025,side,-1,82,3.460472560972703,-55.986686475603946,67.5305780136385,33
D1,two_weeks,atrD_0.025,side,1,83,105.46896686747503,-6.076269068052208,225.6952171528834,33
D1,two_weeks,atrD_0.025,volatility,high,74,49.557362162156416,-47.58917877660998,167.11078513561418,22
D1,two_weeks,atrD_0.025,volatility,low,91,59.015804395611156,-24.445160869245658,136.0537247358064,24
D1,two_weeks,atrD_0.025,session,10to19,3,308.3149666666238,64.99999999994088,794.9448999999895,2
D1,two_weeks,atrD_0.025,session,before10,162,50.07863024691555,-13.940589400671854,111.26412510485635,33
D1,two_weeks,atrD_0.025,trend,down,88,29.523995454544504,-43.99918627486689,111.22883960265544,22
D1,two_weeks,atrD_0.025,trend,up,77,83.63079740260096,-16.791295416662297,194.45627818171658,19
D1,two_weeks,atrD_0.025,structure_regime,post_20240613,135,65.0371085185193,-6.172492557270012,135.81987271881744,28
D1,two_weeks,atrD_0.025,structure_regime,pre_20240613,30,8.589111666669487,-103.49682241379162,103.84253793103872,6
D1,two_weeks,atrD_0.05,side,-1,82,-50.34753963413938,-143.3298569991938,17.839541575683732,33
D1,two_weeks,atrD_0.05,side,1,83,34.77791445783191,-12.954524993910592,91.35018831638237,33
D1,two_weeks,atrD_0.05,volatility,high,74,-32.2953506756809,-134.81104998679865,38.39038798957187,22
D1,two_weeks,atrD_0.05,volatility,low,91,12.6145560439671,-18.610503737885534,44.99829677534856,24
D1,two_weeks,atrD_0.05,session,10to19,3,-86.66666666671154,-130.0000000000673,0.0,2
D1,two_weeks,atrD_0.05,session,before10,162,-6.061304629624974,-56.0973008767901,33.84670591051068,33
D1,two_weeks,atrD_0.05,trend,down,88,15.950389772726174,-18.084690081180963,51.31493027271788,22
D1,two_weeks,atrD_0.05,trend,up,77,-34.35799545453615,-129.86135519790247,33.16758424956756,19
D1,two_weeks,atrD_0.05,structure_regime,post_20240613,135,-20.676865555553167,-77.15221209259107,21.594656654826746,28
D1,two_weeks,atrD_0.05,structure_regime,pre_20240613,30,51.64818333334324,2.4273774193714184,113.08342758619337,6
D1,two_weeks,atrD_0.1,side,-1,82,133.04249390244323,-517.3003834553443,1013.3699124172012,33
D1,two_weeks,atrD_0.1,side,1,83,-170.25215843373113,-342.25435526685914,12.616192835171269,33
D1,two_weeks,atrD_0.1,volatility,high,74,369.4743445945926,-368.1428384422889,1393.5791974644153,22
D1,two_weeks,atrD_0.1,volatility,low,91,-335.85215549449646,-484.3809781065674,-178.46796964496318,24
D1,two_weeks,atrD_0.1,session,10to19,3,-936.6050666666688,-1589.889799999979,-609.9627000000137,2
D1,two_weeks,atrD_0.1,session,before10,162,-2.540922530860034,-351.90823259167337,486.07240840962874,33
D1,two_weeks,atrD_0.1,trend,down,88,-11.13492045454913,-445.99416198230375,682.5461780704542,22
D1,two_weeks,atrD_0.1,trend,up,77,-29.11132012985729,-447.57972081739695,731.6980390734946,19
D1,two_weeks,atrD_0.1,structure_regime,post_20240613,135,3.4300044444476345,-418.7695469301908,543.3641415556144,28
D1,two_weeks,atrD_0.1,structure_regime,pre_20240613,30,-122.81650833332547,-417.08968939392423,190.53605211537524,6
D1,two_weeks,atrD_0.25,side,-1,82,-844.175831097553,-1506.375478472698,-67.94689577520843,33
D1,two_weeks,atrD_0.25,side,1,83,-279.4478355421565,-817.1913041780854,393.67140426441915,33
D1,two_weeks,atrD_0.25,volatility,high,74,-71.84465472972735,-926.5143812318414,930.110689107142,22
D1,two_weeks,atrD_0.25,volatility,low,91,-957.1437807692142,-1324.430556680096,-496.267200102364,24
D1,two_weeks,atrD_0.25,session,10to19,3,-1979.448699999959,-3974.7244999999475,-981.8107999999647,2
D1,two_weeks,atrD_0.25,session,before10,162,-533.8163111111016,-974.6828021116751,-70.37851154766469,33
D1,two_weeks,atrD_0.25,trend,down,88,-475.8161840909043,-1037.8235846198706,148.02897584845795,22
D1,two_weeks,atrD_0.25,trend,up,77,-656.4255103895941,-1212.5530851193398,38.66534166017298,19
D1,two_weeks,atrD_0.25,structure_regime,post_20240613,135,-503.7586274073969,-1018.2321284325615,62.076413496521816,28
D1,two_weeks,atrD_0.25,structure_regime,pre_20240613,30,-813.6391266666581,-1208.8758648148084,-499.2797379310387,6
D1,two_weeks,atrH_0.1,side,-1,82,5.683561585362618,-52.398619334907174,70.48720541777583,33
D1,two_weeks,atrH_0.1,side,1,83,111.63770903614916,-13.702617838659117,248.5064452075313,33
D1,two_weeks,atrH_0.1,volatility,high,74,38.27050945945965,-56.393737908303294,161.9536283201508,22
D1,two_weeks,atrH_0.1,volatility,low,91,75.82378241758352,-16.224727761104837,165.42917439075404,24
D1,two_weeks,atrH_0.1,session,10to19,3,23.558266666667503,-362.1350499999935,794.9448999999895,2
D1,two_weeks,atrH_0.1,session,before10,162,59.63769814814884,-3.9320760563566304,125.78285995038514,33
D1,two_weeks,atrH_0.1,trend,down,88,19.742970454545855,-53.50814697916201,108.09042489868693,22
D1,two_weeks,atrH_0.1,trend,up,77,103.82598051948155,-8.343497957750442,224.71731040209784,19
D1,two_weeks,atrH_0.1,structure_regime,post_20240613,135,69.21710037037091,-10.817339831529825,150.20041137779816,28
D1,two_weeks,atrH_0.1,structure_regime,pre_20240613,30,12.922445000001366,-84.70864160576679,98.21581515152121,6
D1,two_weeks,atrH_0.25,side,-1,82,-98.78336341462806,-207.66659864456486,-14.95453285712986,33
D1,two_weeks,atrH_0.25,side,1,83,19.095460240969313,-105.2313421951201,143.88008031148294,33
D1,two_weeks,atrH_0.25,volatility,high,74,-32.44963445945874,-118.23117640343615,35.83368065416485,22
D1,two_weeks,atrH_0.25,volatility,low,91,-45.20922692306703,-162.81178518952703,61.02501784974589,24
D1,two_weeks,atrH_0.25,session,10to19,3,0.0,0.0,0.0,2
D1,two_weeks,atrH_0.25,session,before10,162,-40.217979012339796,-127.87076584089627,36.39883035734754,33
D1,two_weeks,atrH_0.25,trend,down,88,-28.839007954539603,-86.17972423753724,23.46937405383806,22
D1,two_weeks,atrH_0.25,trend,up,77,-51.65558311687743,-227.57651195394078,95.10728401748904,19
D1,two_weeks,atrH_0.25,structure_regime,post_20240613,135,-73.28266444443983,-166.75974950959622,-0.8002138563706163,28
D1,two_weeks,atrH_0.25,structure_regime,pre_20240613,30,112.59490333334443,-47.99133888886061,312.2959630704946,6
D1,two_weeks,atrH_0.5,side,-1,82,-93.00410182926157,-766.988079497181,799.1284138597113,33
D1,two_weeks,atrH_0.5,side,1,83,-162.95191144577424,-357.2189914565446,44.242666849162624,33
D1,two_weeks,atrH_0.5,volatility,high,74,354.69334324324376,-429.5634575389458,1389.0160514912368,22
D1,two_weeks,atrH_0.5,volatility,low,91,-520.8643120878986,-702.6818699624116,-347.0352067881757,24
D1,two_weeks,atrH_0.5,session,10to19,3,-776.6050666666433,-1589.889799999979,-369.9626999999755,2
D1,two_weeks,atrH_0.5,session,before10,162,-116.18228271604187,-487.7600130047987,376.6905569600772,33
D1,two_weeks,atrH_0.5,trend,down,88,-81.83859318181375,-567.2651110879543,577.4474711122459,22
D1,two_weeks,atrH_0.5,trend,up,77,-181.1629714285598,-650.0221043661121,541.4915434343502,19
D1,two_weeks,atrH_0.5,structure_regime,post_20240613,135,-87.56706296295734,-531.0506868313652,449.83888250415936,28
D1,two_weeks,atrH_0.5,structure_regime,pre_20240613,30,-310.99304999998253,-700.124299999976,76.93463548389757,6
D1,two_weeks,atrH_1,side,-1,82,-678.4937085365798,-1420.4430896083522,184.61979577764913,33
D1,two_weeks,atrH_1,side,1,83,-328.82634999998356,-746.6278363798592,114.92020785232867,33
D1,two_weeks,atrH_1,volatility,high,74,-161.62567027026722,-988.3841529649347,866.8247683035745,22
D1,two_weeks,atrH_1,volatility,low,91,-779.8766104395429,-1149.907571768853,-279.34842773536457,24
D1,two_weeks,atrH_1,session,10to19,3,-1666.543466666646,-3179.779599999958,-909.9253999999901,2
D1,two_weeks,atrH_1,session,before10,162,-481.04593055554466,-942.2360824869155,39.14055833902063,33
D1,two_weeks,atrH_1,trend,down,88,-486.8036676136276,-1030.6903154725499,184.48036526788374,22
D1,two_weeks,atrH_1,trend,up,77,-520.6538753246616,-1141.5650349374898,251.99814370559,19
D1,two_weeks,atrH_1,structure_regime,post_20240613,135,-457.71702703702516,-983.4396131291169,111.20486586467631,28
D1,two_weeks,atrH_1,structure_regime,pre_20240613,30,-704.5757499999925,-1167.36939499999,-334.57059838709534,6
D1,two_weeks,combo_0.25_1,side,-1,25,632.7221019999974,-482.95773608333843,2715.1263904393045,14
D1,two_weeks,combo_0.25_1,side,1,21,-83.11254047618357,-522.3682839939655,332.6821319036046,11
D1,two_weeks,combo_0.25_1,volatility,high,23,883.5651108695605,-335.8214955147134,3337.135527418968,12
D1,two_weeks,combo_0.25_1,volatility,low,23,-271.7090586956439,-516.1269752822512,35.01151250001112,9
D1,two_weeks,combo_0.25_1,session,10to19,3,-428.0651666666624,-642.0977499999935,0.0,2
D1,two_weeks,combo_0.25_1,session,before10,43,357.13685348837373,-337.4184105056805,1654.9614500815323,17
D1,two_weeks,combo_0.25_1,trend,down,17,-90.25947941176085,-265.6426634654414,435.63699999998283,9
D1,two_weeks,combo_0.25_1,trend,up,29,538.1758741379316,-458.4444191852717,2728.711387349997,11
D1,two_weeks,combo_0.25_1,structure_regime,post_20240613,46,305.92802608695825,-347.6964776614582,1560.6613216151322,17
D1,two_weeks,combo_0.5_2,side,-1,25,-235.08414200000377,-1319.0903155608953,1595.0125565312478,14
D1,two_weeks,combo_0.5_2,side,1,21,-563.9907523809263,-1105.8825600981593,-84.76677124998169,11
D1,two_weeks,combo_0.5_2,volatility,high,23,192.22909999999447,-1117.2186253452387,2238.135226884678,12
D1,two_weeks,combo_0.5_2,volatility,low,23,-962.703419565192,-1357.4097415055269,-482.3353953940115,9
D1,two_weeks,combo_0.5_2,session,10to19,3,-1204.6702333333058,-1589.889799999979,-1012.060449999969,2
D1,two_weeks,combo_0.5_2,session,before10,43,-328.06741046510774,-1022.6275137801473,848.511804166671,17
D1,two_weeks,combo_0.5_2,trend,down,17,-1057.4888029411657,-1837.5043283333357,-403.4269923611061,9
D1,two_weeks,combo_0.5_2,trend,up,29,8.841389655181736,-968.8475882590776,1802.1885394047656,11
D1,two_weeks,combo_0.5_2,structure_regime,post_20240613,46,-385.23715978259895,-1031.2623973511859,723.6686706557581,17
D1,two_weeks,combo_1_2,side,-1,25,-795.2005379999889,-2075.587693551585,1150.4033972282725,14
D1,two_weeks,combo_1_2,side,1,21,-434.34398333330944,-1656.8245048059025,1360.6276092046014,11
D1,two_weeks,combo_1_2,volatility,high,23,-663.6810413043463,-2311.3508955357133,1406.335678985299,12
D1,two_weeks,combo_1_2,volatility,low,23,-597.2423108695327,-1705.3106983195578,1478.698212587007,9
D1,two_weeks,combo_1_2,session,10to19,3,-1666.543466666646,-3179.779599999958,-909.9253999999901,2
D1,two_weeks,combo_1_2,session,before10,43,-558.1768999999832,-1616.3278598465874,904.7824103142256,17
D1,two_weeks,combo_1_2,trend,down,17,-1485.1877617647,-2429.214113888891,-637.7247504411822,9
D1,two_weeks,combo_1_2,trend,up,29,-129.41534999997648,-1549.919787724995,1887.8199221705036,11
D1,two_weeks,combo_1_2,structure_regime,post_20240613,46,-630.4616760869395,-1615.1004665624894,783.7414969885266,17
D1,two_weeks,fixed_0,side,-1,82,300.4359512195169,181.5299383030283,435.81067785119194,33
D1,two_weeks,fixed_0,side,1,83,204.73549216867062,68.79943818577729,345.88697619932503,33
D1,two_weeks,fixed_0,volatility,high,74,227.72111554053387,80.70233017328991,383.26470928519814,22
D1,two_weeks,fixed_0,volatility,low,91,272.2794648351707,150.3653178108504,391.2998226477156,24
D1,two_weeks,fixed_0,session,10to19,3,381.87323333331125,-222.1350500000217,1589.8897999999772,2
D1,two_weeks,fixed_0,session,before10,162,249.89613672839573,158.4710460009429,339.96521235317766,33
D1,two_weeks,fixed_0,trend,down,88,240.58240056817596,110.1332647393158,361.94358355116543,22
D1,two_weeks,fixed_0,trend,up,77,265.68237142857873,115.48232824103691,422.70793742894216,19
D1,two_weeks,fixed_0,structure_regime,post_20240613,135,271.9686722222201,164.32488486991997,369.32961690131555,28
D1,two_weeks,fixed_0,structure_regime,pre_20240613,30,163.76743666667755,-8.856084090916532,276.35166250002254,6
D1,two_weeks,fixed_0.01,side,-1,82,238.1927335365879,120.28649193977891,374.9487023946904,33
D1,two_weeks,fixed_0.01,side,1,83,160.30889036145,25.856937294104913,293.0679612101418,33
D1,two_weeks,fixed_0.01,volatility,high,74,205.8054385135069,74.23525181901068,349.8301879963156,22
D1,two_weeks,fixed_0.01,volatility,low,91,193.4927428571543,81.14489004465277,298.9377905575487,24
D1,two_weeks,fixed_0.01,session,10to19,3,70.22493333329173,-292.13505000005716,794.9448999999895,2
D1,two_weeks,fixed_0.01,session,before10,162,201.39979783951037,108.98396486389824,286.8879952585805,33
D1,two_weeks,fixed_0.01,trend,down,88,197.8665124999964,65.50055160027233,325.96941460372574,22
D1,two_weeks,fixed_0.01,trend,up,77,200.3271292207906,75.52511892045345,332.3045734214801,19
D1,two_weeks,fixed_0.01,structure_regime,post_20240613,135,206.6153085185189,105.55928454752141,298.6353664485783,28
D1,two_weeks,fixed_0.01,structure_regime,pre_20240613,30,164.81251333335015,-38.15846176472828,333.209220588256,6
D1,two_weeks,fixed_0.03,side,-1,82,45.0955329268285,-32.16865813459216,134.4639032791252,33
D1,two_weeks,fixed_0.03,side,1,83,87.2908481927707,-33.86680225938971,218.18596821059893,33
D1,two_weeks,fixed_0.03,volatility,high,74,86.08509662161556,-32.84535152028581,223.27145336711234,22
D1,two_weeks,fixed_0.03,volatility,low,91,50.249197252751124,-31.11535270231986,127.19643850618588,24
D1,two_weeks,fixed_0.03,session,10to19,3,-23.108400000022204,-432.13505000002806,794.9448999999895,2
D1,two_weeks,fixed_0.03,session,before10,162,67.97715617283932,-0.045595834988440546,136.02824082335587,33
D1,two_weeks,fixed_0.03,trend,down,88,50.881003409086695,-40.3088191518368,150.02018634434546,22
D1,two_weeks,fixed_0.03,trend,up,77,83.96682857143215,-17.024863869048534,197.093213203175,19
D1,two_weeks,fixed_0.03,structure_regime,post_20240613,135,81.78158925925774,1.0922001235594305,164.98618236931358,28
D1,two_weeks,fixed_0.03,structure_regime,pre_20240613,30,-3.2513483333298003,-105.8764499999999,85.8500770794095,6
D1,two_weeks,fixed_0.05,side,-1,82,0.0,0.0,0.0,33
D1,two_weeks,fixed_0.05,side,1,83,0.0,0.0,0.0,33
D1,two_weeks,fixed_0.05,volatility,high,74,0.0,0.0,0.0,22
D1,two_weeks,fixed_0.05,volatility,low,91,0.0,0.0,0.0,24
D1,two_weeks,fixed_0.05,session,10to19,3,0.0,0.0,0.0,2
D1,two_weeks,fixed_0.05,session,before10,162,0.0,0.0,0.0,33
D1,two_weeks,fixed_0.05,trend,down,88,0.0,0.0,0.0,22
D1,two_weeks,fixed_0.05,trend,up,77,0.0,0.0,0.0,19
D1,two_weeks,fixed_0.05,structure_regime,post_20240613,135,0.0,0.0,0.0,28
D1,two_weeks,fixed_0.05,structure_regime,pre_20240613,30,0.0,0.0,0.0,6
D1,two_weeks,fixed_0.1,side,-1,82,-323.9362396341452,-477.71310319729355,-171.80809344907354,33
D1,two_weeks,fixed_0.1,side,1,83,-214.36318493975025,-394.76524081970337,-25.363114445878498,33
D1,two_weeks,fixed_0.1,volatility,high,74,-80.09208986486776,-217.0887125034269,60.455992930482985,22
D1,two_weeks,fixed_0.1,volatility,low,91,-422.28682802196647,-582.7645285013567,-255.83499802969698,24
D1,two_weeks,fixed_0.1,session,10to19,3,-776.6050666666433,-1589.889799999979,-369.9626999999755,2
D1,two_weeks,fixed_0.1,session,before10,162,-259.4142024691311,-371.4047921410745,-137.91846117404495,33
D1,two_weeks,fixed_0.1,trend,down,88,-154.06081818181417,-271.72353793478203,-45.27119524147733,22
D1,two_weeks,fixed_0.1,trend,up,77,-399.9683636363576,-616.6102795672269,-187.87371942771054,19
D1,two_weeks,fixed_0.1,structure_regime,post_20240613,135,-284.6147322222175,-408.6345307111475,-165.8873233299167,28
D1,two_weeks,fixed_0.1,structure_regime,pre_20240613,30,-197.73090499999338,-516.5368757575586,162.26323500000663,6
D1,two_weeks,fixed_0.2,side,-1,82,-311.34129512194977,-915.7448541251562,455.2216536030427,33
D1,two_weeks,fixed_0.2,side,1,83,-462.21219216866854,-827.7321929771522,-65.70645258191557,33
D1,two_weeks,fixed_0.2,volatility,high,74,122.36310405405122,-579.1405696537519,1055.1105610506302,22
D1,two_weeks,fixed_0.2,volatility,low,91,-801.6315148351554,-1136.632300497299,-359.41911248969234,24
D1,two_weeks,fixed_0.2,session,10to19,3,-1703.210133333331,-3179.779599999958,-964.9254000000174,2
D1,two_weeks,fixed_0.2,session,before10,162,-362.86399845678625,-743.7529765893453,115.99099426175826,33
D1,two_weeks,fixed_0.2,trend,down,88,-392.1651488636377,-809.1082789693048,208.2235029056347,22
D1,two_weeks,fixed_0.2,trend,up,77,-381.5982474025876,-947.0704899274128,330.83834479311207,19
D1,two_weeks,fixed_0.2,structure_regime,post_20240613,135,-334.8249099999978,-791.252932144908,170.06871077628688,28
D1,two_weeks,fixed_0.2,structure_regime,pre_20240613,30,-623.0745099999891,-1095.567382258048,-153.85797945653107,6
D1,two_weeks,fixed_0.5,side,-1,82,-1188.2864481707281,-1967.0225639292507,-343.74962868079035,33
D1,two_weeks,fixed_0.5,side,1,83,-532.1301246987812,-1391.1988860829401,481.1118777731218,33
D1,two_weeks,fixed_0.5,volatility,high,74,-81.56517297297356,-972.9551069088891,951.7632433178061,22
D1,two_weeks,fixed_0.5,volatility,low,91,-1489.785343956027,-2340.7238742962068,-437.1366265850852,24
D1,two_weeks,fixed_0.5,session,10to19,3,-3814.5223666666175,-7154.504099999904,-2144.5314999999746,2
D1,two_weeks,fixed_0.5,session,before10,162,-803.4735925925845,-1407.6887144347033,-88.23945197468899,33
D1,two_weeks,fixed_0.5,trend,down,88,-835.4405818181802,-1493.5743780727882,-165.35982939428516,22
D1,two_weeks,fixed_0.5,trend,up,77,-884.2534792207621,-1963.2988442720334,341.9608789738949,19
D1,two_weeks,fixed_0.5,structure_regime,post_20240613,135,-857.9405233333258,-1534.9864011516681,-158.40271510096073,28
D1,two_weeks,fixed_0.5,structure_regime,pre_20240613,30,-859.477281666652,-2289.2878578124773,1248.4948795136172,6
D1,two_weeks,price_0.0005,side,-1,82,-14.378636585367875,-48.75881811710438,13.672407786390167,33
D1,two_weeks,price_0.0005,side,1,83,34.256532530122826,-2.811241868684516,100.68619937291388,33
D1,two_weeks,price_0.0005,volatility,high,74,19.237302027021997,-20.45215314178443,80.13289996935596,22
D1,two_weeks,price_0.0005,volatility,low,91,2.6448752747296815,-18.135689934601015,21.70758194362564,24
D1,two_weeks,price_0.0005,session,10to19,3,0.0,0.0,0.0,2
D1,two_weeks,price_0.0005,session,before10,162,10.27311111111129,-13.077345302893155,38.04002637824033,33
D1,two_weeks,price_0.0005,trend,down,88,3.217803409089666,-19.330021081945798,25.23323810631545,22
D1,two_weeks,price_0.0005,trend,up,77,17.936068831170626,-15.671260503245446,70.80455727403223,19
D1,two_weeks,price_0.0005,structure_regime,post_20240613,135,12.327733333333546,-17.591507138714956,44.853651522223956,28
D1,two_weeks,price_0.0005,structure_regime,pre_20240613,30,0.0,0.0,0.0,6
D1,two_weeks,price_0.001,side,-1,82,-27.563043292681293,-412.81712550780827,648.905272414083,33
D1,two_weeks,price_0.001,side,1,83,-208.2499313252971,-376.43462728201473,-41.459697699819465,33
D1,two_weeks,price_0.001,volatility,high,74,176.42804527026811,-227.13538998828653,816.0384959048616,22
D1,two_weeks,price_0.001,volatility,low,91,-358.24823296702596,-544.5057430047258,-180.955473003816,24
D1,two_weeks,price_0.001,session,10to19,3,-736.6050666666797,-1589.889799999979,-309.96270000003005,2
D1,two_weeks,price_0.001,session,before10,162,-107.00678179012024,-333.2683275227346,247.06491272167378,33
D1,two_weeks,price_0.001,trend,down,88,-127.82244545454563,-227.42996483008548,-33.89687299658744,22
D1,two_weeks,price_0.001,trend,up,77,-107.7472551947988,-550.0950148620124,616.4000294485231,19
D1,two_weeks,price_0.001,structure_regime,post_20240613,135,-101.5036051851825,-367.0815190520427,287.31815636079955,28
D1,two_weeks,price_0.001,structure_regime,pre_20240613,30,-194.7309049999961,-512.5632979999889,175.76323499999435,6
D1,two_weeks,price_0.002,side,-1,82,-277.1381091463428,-889.3969407309335,517.5858095817398,33
D1,two_weeks,price_0.002,side,1,83,-548.3736867469839,-796.1845301149378,-302.47941844883263,33
D1,two_weeks,price_0.002,volatility,high,74,181.37190878378019,-511.98474159219245,1120.5141822885992,22
D1,two_weeks,price_0.002,volatility,low,91,-897.383101098896,-1119.6386793266358,-674.0635042420299,24
D1,two_weeks,price_0.002,session,10to19,3,-1629.8768000000127,-3179.779599999958,-854.9254000000401,2
D1,two_weeks,price_0.002,session,before10,162,-391.053768827159,-733.9264694004513,46.00160930655629,33
D1,two_weeks,price_0.002,trend,down,88,-295.2319965909088,-698.5316387086228,304.49299177390554,22
D1,two_weeks,price_0.002,trend,up,77,-548.8301980519457,-996.0754414391381,101.84221357322966,19
D1,two_weeks,price_0.002,structure_regime,post_20240613,135,-369.29876925925777,-772.065531538619,114.3669185562019,28
D1,two_weeks,price_0.002,structure_regime,pre_20240613,30,-612.8335699999993,-1069.268300365018,-127.28519128091187,6
D1,two_weeks,price_0.005,side,-1,82,-1147.7690725609734,-1921.5881115735,-254.50599039885793,33
D1,two_weeks,price_0.005,side,1,83,-544.7521439758907,-1303.4240799109516,289.71363607258036,33
D1,two_weeks,price_0.005,volatility,high,74,-342.2912763513523,-1077.7179711115425,617.0027834264944,22
D1,two_weeks,price_0.005,volatility,low,91,-1252.7685434065788,-2104.7401819446545,-189.23682803572325,24
D1,two_weeks,price_0.005,session,10to19,3,-2988.1422333332994,-6359.559199999914,-1302.433749999992,2
D1,two_weeks,price_0.005,session,before10,162,-804.7349703703634,-1381.6566516824453,-116.07353168585048,33
D1,two_weeks,price_0.005,trend,down,88,-948.9817755681801,-1458.0936806720404,-364.1290173586487,22
D1,two_weeks,price_0.005,trend,up,77,-724.9492941558301,-1772.2900881968494,456.81487117337934,19
D1,two_weeks,price_0.005,structure_regime,post_20240613,135,-901.0798307407333,-1501.6869312257206,-234.8575708949202,28
D1,two_weeks,price_0.005,structure_regime,pre_20240613,30,-589.5238249999925,-1892.1169052900148,1440.3094914921846,6
D1,two_weeks,q_0.5,side,-1,82,300.4359512195169,181.5299383030283,435.81067785119194,33
D1,two_weeks,q_0.5,side,1,83,204.73549216867062,68.79943818577729,345.88697619932503,33
D1,two_weeks,q_0.5,volatility,high,74,227.72111554053387,80.70233017328991,383.26470928519814,22
D1,two_weeks,q_0.5,volatility,low,91,272.2794648351707,150.3653178108504,391.2998226477156,24
D1,two_weeks,q_0.5,session,10to19,3,381.87323333331125,-222.1350500000217,1589.8897999999772,2
D1,two_weeks,q_0.5,session,before10,162,249.89613672839573,158.4710460009429,339.96521235317766,33
D1,two_weeks,q_0.5,trend,down,88,240.58240056817596,110.1332647393158,361.94358355116543,22
D1,two_weeks,q_0.5,trend,up,77,265.68237142857873,115.48232824103691,422.70793742894216,19
D1,two_weeks,q_0.5,structure_regime,post_20240613,135,271.9686722222201,164.32488486991997,369.32961690131555,28
D1,two_weeks,q_0.5,structure_regime,pre_20240613,30,163.76743666667755,-8.856084090916532,276.35166250002254,6
D1,two_weeks,q_0.75,side,-1,82,-1160.029635975604,-2259.1299139558764,-24.919024495484933,33
D1,two_weeks,q_0.75,side,1,83,-696.298223493959,-1722.241541338483,436.7974771241822,33
D1,two_weeks,q_0.75,volatility,high,74,-109.67734999999892,-1371.8023469404677,1284.309639312496,22
D1,two_weeks,q_0.75,volatility,low,91,-1591.198448351629,-2663.002704580574,-408.39795243426806,24
D1,two_weeks,q_0.75,session,10to19,3,-4559.464033333272,-8744.393899999883,-2466.9990999999663,2
D1,two_weeks,q_0.75,session,before10,162,-859.4863617283845,-1643.1914686604366,4.496603037395501,33
D1,two_weeks,q_0.75,trend,down,88,-803.4735812499953,-1692.477106422077,94.79326127549393,22
D1,two_weeks,q_0.75,trend,up,77,-1067.6559422077728,-2344.7255043080113,323.4074010387323,19
D1,two_weeks,q_0.75,structure_regime,post_20240613,135,-978.9871733333225,-1860.4233726810055,-76.47356213587118,28
D1,two_weeks,q_0.75,structure_regime,pre_20240613,30,-691.730476666653,-1888.547198571423,1221.2068155172412,6
D1,two_weeks,q_0.9,side,-1,82,-1973.4619713414559,-3680.892413881246,-341.9162489999945,33
D1,two_weeks,q_0.9,side,1,83,-551.1603361445561,-2257.278498014376,1274.8910053975917,33
D1,two_weeks,q_0.9,volatility,high,74,-33.78518445945689,-1761.5752424977666,1645.7536989670614,22
D1,two_weeks,q_0.9,volatility,low,91,-2253.517427472503,-3643.808003679848,-832.5696074463366,24
D1,two_weeks,q_0.9,session,10to19,3,-4846.169999999899,-12719.118399999828,-909.6957999999349,2
D1,two_weeks,q_0.9,session,before10,162,-1191.5535774691225,-2183.013389020645,-235.2371342969736,33
D1,two_weeks,q_0.9,trend,down,88,-746.2586392045391,-1812.8681225810922,178.35755369502635,22
D1,two_weeks,q_0.9,trend,up,77,-1842.8497311688066,-3698.3066602588956,-114.53896714052536,19
D1,two_weeks,q_0.9,structure_regime,post_20240613,135,-1276.7556807407263,-2465.846738354427,-148.02849860815985,28
D1,two_weeks,q_0.9,structure_regime,pre_20240613,30,-1173.6057549999828,-3077.2992359999857,443.5250266666918,6
D1,two_weeks,selected_atrD,side,-1,82,-329.5083451219451,-885.8760823906932,412.4363463257039,33
D1,two_weeks,selected_atrD,side,1,83,-418.28628012047636,-662.5458137005874,-176.56114042438057,33
D1,two_weeks,selected_atrD,volatility,high,74,39.47338175675193,-451.82837133152253,881.0929175671515,22
D1,two_weeks,selected_atrD,volatility,low,91,-710.5327010988867,-994.0187443122987,-452.8245837577485,24
D1,two_weeks,selected_atrD,session,10to19,3,-1184.5037999999695,-1589.889799999979,-981.8107999999647,2
D1,two_weeks,selected_atrD,session,before10,162,-359.1600873456736,-677.4144511371112,69.47090588098006,33
D1,two_weeks,selected_atrD,trend,down,88,-125.70307215909385,-668.4652417698302,601.5585270157973,22
D1,two_weeks,selected_atrD,trend,up,77,-658.1243532467374,-935.9902709312477,-394.9855600504566,19
D1,two_weeks,selected_atrD,structure_regime,post_20240613,135,-276.5057166666614,-668.6803629024126,215.97393466912973,28
D1,two_weeks,selected_atrD,structure_regime,pre_20240613,30,-813.6391266666581,-1208.8758648148084,-499.2797379310387,6
D1,two_weeks,selected_atrH,side,-1,82,-380.7879579268271,-690.95752467887,-115.82402078039581,33
D1,two_weeks,selected_atrH,side,1,83,-200.29681746987134,-486.8073086052656,50.10590262640921,33
D1,two_weeks,selected_atrH,volatility,high,74,-138.10704999999896,-309.88054063491825,1.6905965890399541,22
D1,two_weeks,selected_atrH,volatility,low,91,-413.509084615376,-769.079934374766,-89.51917059506118,24
D1,two_weeks,selected_atrH,session,10to19,3,-341.6352999999969,-909.9253999999901,794.9448999999895,2
D1,two_weeks,selected_atrH,session,before10,162,-289.03915123456267,-510.11192233221914,-92.30825774797256,33
D1,two_weeks,selected_atrH,trend,down,88,-231.90008920454295,-534.7196364013068,17.098212584870712,22
D1,two_weeks,selected_atrH,trend,up,77,-356.39013701297876,-719.3711067381057,-28.07125843749913,19
D1,two_weeks,selected_atrH,structure_regime,post_20240613,135,-197.8664881481435,-462.0893327687731,13.74421713057506,28
D1,two_weeks,selected_atrH,structure_regime,pre_20240613,30,-704.5757499999925,-1167.36939499999,-334.57059838709534,6
D1,two_weeks,selected_combo,side,-1,25,-33.75574199999355,-1250.8658371114839,1870.271568629993,14
D1,two_weeks,selected_combo,side,1,21,-808.1949642857054,-1523.0531751436765,-73.6030080535814,11
D1,two_weeks,selected_combo,volatility,high,23,274.2934369565196,-848.0576723558888,2394.1162131578985,12
D1,two_weeks,selected_combo,volatility,low,23,-1048.901602173896,-1667.8027613352115,-310.5284150892798,9
D1,two_weeks,selected_combo,session,10to19,3,-606.6169333333268,-909.9253999999901,0.0,2
D1,two_weeks,selected_combo,session,before10,43,-372.003186046504,-1093.365028263399,887.4473893233048,17
D1,two_weeks,selected_combo,trend,down,17,-788.9276705882339,-1216.312509090898,332.89346972220346,9
D1,two_weeks,selected_combo,trend,up,29,-151.8695655172301,-1188.296193183486,1705.9643410491144,11
D1,two_weeks,selected_combo,structure_regime,post_20240613,46,-387.30408260868813,-1073.2593569412775,838.2074267726945,17
D1,two_weeks,selected_fixed,side,-1,82,-313.96557439024025,-938.614752032551,278.93849664743703,33
D1,two_weeks,selected_fixed,side,1,83,-330.809437349394,-927.2293331998032,256.20714521833435,33
D1,two_weeks,selected_fixed,volatility,high,74,-25.46005472973534,-255.86468757142984,175.1531205370421,22
D1,two_weeks,selected_fixed,volatility,low,91,-563.9375423076812,-1373.4094657242097,277.6148893607934,24
D1,two_weeks,selected_fixed,session,10to19,3,-899.7243999999906,-2144.5314999999746,1589.8897999999772,2
D1,two_weeks,selected_fixed,session,before10,162,-311.7480691357991,-778.3650510188552,193.43821591590842,33
D1,two_weeks,selected_fixed,trend,down,88,-326.6461539772758,-927.2801572173682,152.58220911435512,22
D1,two_weeks,selected_fixed,trend,up,77,-317.62985519479383,-1158.4270885087574,556.0305360284917,19
D1,two_weeks,selected_fixed,structure_regime,post_20240613,135,-203.09660703703585,-665.8838988316909,168.08771497956545,28
D1,two_weeks,selected_fixed,structure_regime,pre_20240613,30,-859.477281666652,-2289.2878578124773,1248.4948795136172,6
D1,two_weeks,selected_price,side,-1,82,-263.4089890243887,-436.60574272680054,-90.19823720208345,33
D1,two_weeks,selected_price,side,1,83,-199.8026150602358,-369.98281766534984,-34.169439443940355,33
D1,two_weeks,selected_price,volatility,high,74,-89.71766486486635,-238.1720321360461,45.38041877593854,22
D1,two_weeks,selected_price,volatility,low,91,-346.63787857142125,-532.2446214353101,-166.89821860732476,24
D1,two_weeks,selected_price,session,10to19,3,-736.6050666666797,-1589.889799999979,-309.96270000003005,2
D1,two_weeks,selected_price,session,before10,162,-222.05764783950252,-349.9409732378558,-100.1522289634373,33
D1,two_weeks,selected_price,trend,down,88,-99.73374488636233,-200.49332432653358,-7.118395448852038,22
D1,two_weeks,selected_price,trend,up,77,-381.90369610389035,-592.7440725416612,-149.4881517449248,19
D1,two_weeks,selected_price,structure_regime,post_20240613,135,-239.5646444444412,-387.4714305991418,-111.14905382779659,28
D1,two_weeks,selected_price,structure_regime,pre_20240613,30,-194.7309049999961,-512.5632979999889,175.76323499999435,6
D1,two_weeks,selected_q,side,-1,82,-1973.4619713414559,-3680.892413881246,-341.9162489999945,33
D1,two_weeks,selected_q,side,1,83,-551.1603361445561,-2257.278498014376,1274.8910053975917,33
D1,two_weeks,selected_q,volatility,high,74,-33.78518445945689,-1761.5752424977666,1645.7536989670614,22
D1,two_weeks,selected_q,volatility,low,91,-2253.517427472503,-3643.808003679848,-832.5696074463366,24
D1,two_weeks,selected_q,session,10to19,3,-4846.169999999899,-12719.118399999828,-909.6957999999349,2
D1,two_weeks,selected_q,session,before10,162,-1191.5535774691225,-2183.013389020645,-235.2371342969736,33
D1,two_weeks,selected_q,trend,down,88,-746.2586392045391,-1812.8681225810922,178.35755369502635,22
D1,two_weeks,selected_q,trend,up,77,-1842.8497311688066,-3698.3066602588956,-114.53896714052536,19
D1,two_weeks,selected_q,structure_regime,post_20240613,135,-1276.7556807407263,-2465.846738354427,-148.02849860815985,28
D1,two_weeks,selected_q,structure_regime,pre_20240613,30,-1173.6057549999828,-3077.2992359999857,443.5250266666918,6
D1,week,atrD_0.025,side,-1,86,-38.95932790698009,-163.05563467159803,51.87079296571576,33
D1,week,atrD_0.025,side,1,87,33.41053333333808,-72.91181813072117,144.8318482008818,33
D1,week,atrD_0.025,volatility,high,78,4.777462179481897,-96.16372473215901,100.02675720124532,23
D1,week,atrD_0.025,volatility,low,95,-8.593977368415409,-122.00679754278238,84.9762330991707,24
D1,week,atrD_0.025,session,10to19,4,198.73622499999738,0.0,397.47244999999475,2
D1,week,atrD_0.025,session,before10,169,-7.329767455620506,-92.22734259654989,61.627844083662644,33
D1,week,atrD_0.025,trend,down,93,-21.68055053763546,-94.45824802283781,45.757028910647236,23
D1,week,atrD_0.025,trend,up,80,19.656317500002768,-126.03718142431428,143.22278708076098,19
D1,week,atrD_0.025,structure_regime,post_20240613,143,2.339575874126119,-93.4461082649704,77.36148875253076,28
D1,week,atrD_0.025,structure_regime,pre_20240613,30,-25.944838333330367,-131.02082852678757,61.17404545454317,6
D1,week,atrD_0.05,side,-1,86,-81.56645232557472,-194.0244814803239,9.356754885916022,33
D1,week,atrD_0.05,side,1,87,30.459351149428542,-5.095866395898285,73.96123797900759,33
D1,week,atrD_0.05,volatility,high,78,-27.11307051282397,-127.05125344272389,56.59273723883398,23
D1,week,atrD_0.05,volatility,low,95,-23.683493157882864,-123.4584903495819,38.04111355015269,24
D1,week,atrD_0.05,session,10to19,4,0.0,0.0,0.0,2
D1,week,atrD_0.05,session,before10,169,-25.82693106508368,-94.78220420344,34.24778278975426,33
D1,week,atrD_0.05,trend,down,93,20.187302688173663,-8.5152257439884,49.601522609043414,23
D1,week,atrD_0.05,trend,up,80,-78.02713124999116,-203.54501091794145,33.24113280554471,19
D1,week,atrD_0.05,structure_regime,post_20240613,143,-41.358019930066,-113.76077071428205,25.9885396157423,28
D1,week,atrD_0.05,structure_regime,pre_20240613,30,51.64818333334324,2.4273774193714184,113.08342758619337,6
D1,week,atrD_0.1,side,-1,86,-34.5494162790656,-465.91184898514985,615.3448910411295,33
D1,week,atrD_0.1,side,1,87,-120.13620862068633,-249.31088090680214,4.580503040809679,33
D1,week,atrD_0.1,volatility,high,78,129.97551025640945,-361.41713039629275,930.5577462430239,23
D1,week,atrD_0.1,volatility,low,95,-248.01252368420305,-380.5803864115196,-116.0539304382795,24
D1,week,atrD_0.1,session,10to19,4,-763.1360624999894,-1083.7687749999911,-442.5033499999877,2
D1,week,atrD_0.1,session,before10,169,-61.364234911239045,-306.97680751515816,289.195295373953,33
D1,week,atrD_0.1,trend,down,93,10.887473655910702,-379.1755044171244,621.0213029009437,23
D1,week,atrD_0.1,trend,up,80,-180.44543749998815,-366.47668809483304,36.1139234440458,19
D1,week,atrD_0.1,structure_regime,post_20240613,143,-74.26641048950766,-351.35810169742325,346.5138873019735,28
D1,week,atrD_0.1,structure_regime,pre_20240613,30,-93.43344166665881,-390.3778106060454,216.23342304436147,6
D1,week,atrD_0.25,side,-1,86,-690.4391656976669,-1168.3426154813205,-147.3663217766797,33
D1,week,atrD_0.25,side,1,87,74.03498103449685,-476.4369274127207,691.1796737715435,33
D1,week,atrD_0.25,volatility,high,78,-35.31037692307489,-604.3940400766081,699.9893021937287,23
D1,week,atrD_0.25,volatility,low,95,-528.23700526314,-1021.8298592699203,-41.289148830900345,24
D1,week,atrD_0.25,session,10to19,4,-1702.050887499966,-2276.1861249999756,-1127.915649999956,2
D1,week,atrD_0.25,session,before10,169,-272.94983047336257,-655.0528313098692,111.05893582854623,33
D1,week,atrD_0.25,trend,down,93,-80.96334784945513,-632.4383282041351,543.3092870750844,23
D1,week,atrD_0.25,trend,up,80,-567.589169374985,-973.8617145042944,-171.21702338595122,19
D1,week,atrD_0.25,structure_regime,post_20240613,143,-259.7602080419468,-661.6923339349852,160.44844370342977,28
D1,week,atrD_0.25,structure_regime,pre_20240613,30,-526.367171666658,-1068.470053030288,-103.96090344825988,6
D1,week,atrH_0.1,side,-1,86,-38.35131162791046,-157.85527953635375,50.30519529477347,33
D1,week,atrH_0.1,side,1,87,76.67185459770418,-34.28489764672812,199.58165533928903,33
D1,week,atrH_0.1,volatility,high,78,34.73256923076792,-59.81769200700772,138.6761363278701,23
D1,week,atrH_0.1,volatility,low,95,6.979980526316491,-111.43001587426822,110.91236104308642,24
D1,week,atrH_0.1,session,10to19,4,98.93902499999422,-199.59440000000632,397.47244999999475,2
D1,week,atrH_0.1,session,before10,169,17.61232218934904,-63.90476959608855,90.48248273645785,33
D1,week,atrH_0.1,trend,down,93,2.8463220430103418,-61.07233244318459,75.21672670528606,23
D1,week,atrH_0.1,trend,up,80,38.84413250000003,-111.92078330356776,175.31235567610528,19
D1,week,atrH_0.1,structure_regime,post_20240613,143,28.115969930069365,-67.51073784762062,114.65595394236865,28
D1,week,atrH_0.1,structure_regime,pre_20240613,30,-21.611504999998488,-120.76772999999957,58.99881883584743,6
D1,week,atrH_0.25,side,-1,86,-91.66585639534186,-206.52631661943454,5.760085946277036,33
D1,week,atrH_0.25,side,1,87,48.7764741379346,-37.544413561155864,144.57745366240746,33
D1,week,atrH_0.25,volatility,high,78,-6.869370512820262,-97.44691725114716,73.33284700399065,23
D1,week,atrH_0.25,volatility,low,95,-32.67262631578011,-150.98361979365234,78.1779697082694,24
D1,week,atrH_0.25,session,10to19,4,0.0,0.0,0.0,2
D1,week,atrH_0.25,session,before10,169,-21.536747928988696,-101.34289906683381,59.02380706526691,33
D1,week,atrH_0.25,trend,down,93,2.54535860215515,-42.12564918702575,53.34401721910184,23
D1,week,atrH_0.25,trend,up,80,-48.45535937499399,-193.03088481431652,95.42118181204383,19
D1,week,atrH_0.25,structure_regime,post_20240613,143,-48.95529720279317,-127.07153779421638,28.3287943087254,28
D1,week,atrH_0.25,structure_regime,pre_20240613,30,112.02990333334446,-47.99133888886061,311.30921864858794,6
D1,week,atrH_0.5,side,-1,86,-249.28451860464529,-742.5382595058061,402.40380077959014,33
D1,week,atrH_0.5,side,1,87,-115.6809333333239,-300.090627582837,60.45197697713957,33
D1,week,atrH_0.5,volatility,high,78,80.27955320512787,-485.187389824913,889.332046431747,23
D1,week,atrH_0.5,volatility,low,95,-397.5212099999857,-594.7724795375074,-226.90183034776874,24
D1,week,atrH_0.5,session,10to19,4,-763.1360624999894,-1083.7687749999911,-442.5033499999877,2
D1,week,atrH_0.5,session,before10,169,-168.34417485206342,-438.1517609032351,191.57186427809486,33
D1,week,atrH_0.5,trend,down,93,-26.81475161289817,-441.4417293934021,554.8972379419848,23
D1,week,atrH_0.5,trend,up,80,-362.6117237499893,-670.5171295210301,-79.77501174165917,19
D1,week,atrH_0.5,structure_regime,post_20240613,143,-169.46736643356084,-472.6864150722129,229.65935966321226,28
D1,week,atrH_0.5,structure_regime,pre_20240613,30,-242.29587999998253,-701.1703277777609,138.92491071430172,6
D1,week,atrH_1,side,-1,86,-478.6845558139496,-1039.5813201627195,178.94113674744685,33
D1,week,atrH_1,side,1,87,-182.64903218389287,-512.2786626314919,195.964817467065,33
D1,week,atrH_1,volatility,high,78,-184.53189166666598,-726.911113706164,577.3832458695639,23
D1,week,atrH_1,volatility,low,95,-449.0931584210358,-842.2097555066284,48.819768707390146,24
D1,week,atrH_1,session,10to19,4,-1381.860187499978,-1878.7136749999806,-885.0066999999754,2
D1,week,atrH_1,session,before10,169,-304.9106322485114,-652.2570814316294,103.49574528151344,33
D1,week,atrH_1,trend,down,93,-313.35911129031473,-777.3146313956232,281.87192185449584,23
D1,week,atrH_1,trend,up,80,-348.9367531249884,-818.1652174805574,151.95527123519184,19
D1,week,atrH_1,structure_regime,post_20240613,143,-302.29100559439536,-685.1969238287319,152.2248800262311,28
D1,week,atrH_1,structure_regime,pre_20240613,30,-460.99079333332674,-1060.3766453124922,-53.45294333332921,6
D1,week,combo_0.25_1,side,-1,28,-7.2065178571454,-323.41031301666777,398.8351456018554,14
D1,week,combo_0.25_1,side,1,24,-104.19545416666149,-409.0669677777771,191.50069883223833,12
D1,week,combo_0.25_1,volatility,high,27,108.20999629629202,-244.72733744886622,553.4939892554316,13
D1,week,combo_0.25_1,volatility,low,25,-224.96573199999327,-447.44516078054124,35.1093534071514,9
D1,week,combo_0.25_1,session,10to19,4,-321.04887499999677,-642.0977499999935,0.0,2
D1,week,combo_0.25_1,session,before10,48,-29.54745624999917,-272.6385151491935,275.6315921964296,17
D1,week,combo_0.25_1,trend,down,20,-107.73988249999488,-260.3357819444382,216.22407999999905,10
D1,week,combo_0.25_1,trend,up,32,-17.114867187501545,-353.62448087985365,419.92944297500077,11
D1,week,combo_0.25_1,structure_regime,post_20240613,52,-51.97064230769129,-285.64313624999596,245.10312804486693,17
D1,week,combo_0.5_2,side,-1,28,-681.1718196428611,-1370.9309607149598,83.80218653846023,14
D1,week,combo_0.5_2,side,1,24,-349.5910166666486,-678.6251102083291,-2.9291537680785105,12
D1,week,combo_0.5_2,volatility,high,27,-353.1697537037114,-1033.602019436552,321.056926999984,13
D1,week,combo_0.5_2,volatility,low,25,-717.0964799999787,-1214.4989984374788,-305.27038851494285,9
D1,week,combo_0.5_2,session,10to19,4,-1084.184937499986,-1084.6010999999812,-1083.7687749999911,2
D1,week,combo_0.5_2,session,before10,48,-481.7969916666611,-879.2968366346115,-56.12154608604185,17
D1,week,combo_0.5_2,trend,down,20,-764.9685949999935,-1091.6505671874918,-205.76901218749876,10
D1,week,combo_0.5_2,trend,up,32,-380.11323281249395,-953.3552579298532,225.0236734821488,11
D1,week,combo_0.5_2,structure_regime,post_20240613,52,-528.1345259615322,-896.8716208168627,-121.72041256545516,17
D1,week,combo_1_2,side,-1,28,-548.7999749999925,-1340.010006891016,493.0382641208381,14
D1,week,combo_1_2,side,1,24,-247.78889791664812,-1220.2026759675969,1209.2582018391518,12
D1,week,combo_1_2,volatility,high,27,-708.3167629629633,-1480.7790623529422,-151.29226716954187,13
D1,week,combo_1_2,volatility,low,25,-87.5512099999735,-1380.1834917434694,1771.1338715531003,9
D1,week,combo_1_2,session,10to19,4,-1381.860187499978,-1878.7136749999806,-885.0066999999754,2
D1,week,combo_1_2,session,before10,48,-328.8727520833216,-1050.8126654800387,639.7805475291267,17
D1,week,combo_1_2,trend,down,20,-1090.437519999995,-1609.8637244999948,-421.1444291666715,10
D1,week,combo_1_2,trend,up,32,15.481798437517398,-1003.8402418651866,1189.513658206581,11
D1,week,combo_1_2,structure_regime,post_20240613,52,-409.87178557691044,-1069.9735507551995,517.0239867023425,17
D1,week,fixed_0,side,-1,86,212.568947674423,64.63182589761,357.3743348075383,33
D1,week,fixed_0,side,1,87,136.2876471264379,-5.2231423098774865,276.57921634577235,33
D1,week,fixed_0,volatility,high,78,160.0800314102499,28.920762019925604,285.3726991419912,23
D1,week,fixed_0,volatility,low,95,185.807498421063,37.27435612995402,320.2932320681572,24
D1,week,fixed_0,session,10to19,4,297.67524999999114,-199.59440000000632,794.9448999999886,2
D1,week,fixed_0,session,before10,169,171.28552544379,61.37220432217824,269.7754733266264,33
D1,week,fixed_0,trend,down,93,160.39080591397715,35.807862216488,282.0502041608121,23
D1,week,fixed_0,trend,up,80,190.2701231250075,1.0351985694478398,367.95908305871694,19
D1,week,fixed_0,structure_regime,post_20240613,143,175.39153986014088,48.588394134544544,273.99304735150287,28
D1,week,fixed_0,structure_regime,pre_20240613,30,168.56548666667751,-26.908193750006564,353.9629342857405,6
D1,week,fixed_0.01,side,-1,86,142.8388680232597,4.169453071836682,276.4758617580114,33
D1,week,fixed_0.01,side,1,87,98.3813350574777,-34.94601875000246,229.46374485302786,33
D1,week,fixed_0.01,volatility,high,78,128.7584839743537,-0.7507667063623038,254.65029179164205,23
D1,week,fixed_0.01,volatility,low,95,113.68586368422429,-34.399912191252575,236.59996035257552,24
D1,week,fixed_0.01,session,10to19,4,98.93902499999422,-199.59440000000632,397.47244999999475,2
D1,week,fixed_0.01,session,before10,169,120.99149526627761,13.775009853097757,214.76467898432585,33
D1,week,fixed_0.01,trend,down,93,112.1148516129029,-9.534038952272203,232.89048851035096,23
D1,week,fixed_0.01,trend,up,80,130.20797000001156,-41.266124895420376,283.5060209532268,19
D1,week,fixed_0.01,structure_regime,post_20240613,143,118.62728601398871,5.190352665342181,213.38177633129922,28
D1,week,fixed_0.01,structure_regime,pre_20240613,30,129.3205633333503,-72.34427399997901,311.57334004833973,6
D1,week,fixed_0.03,side,-1,86,-18.883561046511332,-149.86907395379092,77.40955349885347,33
D1,week,fixed_0.03,side,1,87,31.547570689657352,-86.37358676266892,157.17360159995494,33
D1,week,fixed_0.03,volatility,high,78,38.50582820512245,-78.54331436805137,149.9059724174357,23
D1,week,fixed_0.03,volatility,low,95,-19.818970526308803,-141.68692874010034,78.51170348850422,24
D1,week,fixed_0.03,session,10to19,4,98.93902499999422,-199.59440000000632,397.47244999999475,2
D1,week,fixed_0.03,session,before10,169,4.289327218936324,-86.36827483530232,79.37311237845162,33
D1,week,fixed_0.03,trend,down,93,-1.4737462365610554,-85.25744458138111,81.22901221964014,23
D1,week,fixed_0.03,trend,up,80,15.72138500000491,-138.529407564535,146.5612302089932,19
D1,week,fixed_0.03,structure_regime,post_20240613,143,15.763715734266466,-88.26420103180968,104.90911823260562,28
D1,week,fixed_0.03,structure_regime,pre_20240613,30,-37.785298333329656,-142.80199372053355,50.74682758620418,6
D1,week,fixed_0.05,side,-1,86,0.0,0.0,0.0,33
D1,week,fixed_0.05,side,1,87,0.0,0.0,0.0,33
D1,week,fixed_0.05,volatility,high,78,0.0,0.0,0.0,23
D1,week,fixed_0.05,volatility,low,95,0.0,0.0,0.0,24
D1,week,fixed_0.05,session,10to19,4,0.0,0.0,0.0,2
D1,week,fixed_0.05,session,before10,169,0.0,0.0,0.0,33
D1,week,fixed_0.05,trend,down,93,0.0,0.0,0.0,23
D1,week,fixed_0.05,trend,up,80,0.0,0.0,0.0,19
D1,week,fixed_0.05,structure_regime,post_20240613,143,0.0,0.0,0.0,28
D1,week,fixed_0.05,structure_regime,pre_20240613,30,0.0,0.0,0.0,6
D1,week,fixed_0.1,side,-1,86,-284.10249302325553,-413.9924796212595,-129.23785444674576,33
D1,week,fixed_0.1,side,1,87,-140.80720517240525,-302.4143045547282,14.118842665140921,33
D1,week,fixed_0.1,volatility,high,78,-66.70346217948963,-183.01516488009705,62.59607713838407,23
D1,week,fixed_0.1,volatility,low,95,-331.37022315788465,-484.87738059708124,-187.81382916144275,24
D1,week,fixed_0.1,session,10to19,4,-763.1360624999894,-1083.7687749999911,-442.5033499999877,2
D1,week,fixed_0.1,session,before10,169,-198.99702366863477,-301.85820736571065,-83.78637100081531,33
D1,week,fixed_0.1,trend,down,93,-135.0910086021465,-229.21398432733,-46.32612343749219,23
D1,week,fixed_0.1,trend,up,80,-301.4947181249951,-503.4483728256121,-91.31872185818054,19
D1,week,fixed_0.1,structure_regime,post_20240613,143,-222.11654615384214,-323.03808220995745,-113.89361736290228,28
D1,week,fixed_0.1,structure_regime,pre_20240613,30,-164.01250499999358,-527.9568151514982,201.72330732288188,6
D1,week,fixed_0.2,side,-1,86,-357.45801279069434,-804.5189494065079,204.8142841867714,33
D1,week,fixed_0.2,side,1,87,-105.81094022987803,-519.8994857192043,378.2531481083118,33
D1,week,fixed_0.2,volatility,high,78,-44.86049871795089,-534.51755307983,714.7600879913799,23
D1,week,fixed_0.2,volatility,low,95,-383.6612842105151,-837.0652269160896,68.41769855509916,24
D1,week,fixed_0.2,session,10to19,4,-1381.860187499978,-1878.7136749999806,-885.0066999999754,2
D1,week,fixed_0.2,session,before10,169,-203.66568136094187,-553.6218661258893,211.27269157291238,33
D1,week,fixed_0.2,trend,down,93,-77.4405774193543,-577.1662253353641,552.9442506627603,23
D1,week,fixed_0.2,trend,up,80,-409.3120899999893,-802.6976716390673,7.668081978051261,19
D1,week,fixed_0.2,structure_regime,post_20240613,143,-194.165889860136,-571.0658652459563,224.6821270291218,28
D1,week,fixed_0.2,structure_regime,pre_20240613,30,-406.0406216666552,-958.2356790322323,37.82285862068746,6
D1,week,fixed_0.5,side,-1,86,-878.8490279069724,-1597.5499170534047,-76.48220033422191,33
D1,week,fixed_0.5,side,1,87,-51.98937126435364,-848.7083385586488,830.1690030000185,33
D1,week,fixed_0.5,volatility,high,78,-71.3121391025633,-804.6693148926106,853.3260294181563,23
D1,week,fixed_0.5,volatility,low,95,-784.6499457894574,-1632.0557747938308,1.4553728684962293,24
D1,week,fixed_0.5,session,10to19,4,-3183.7082749999463,-4154.899799999956,-2212.516749999937,2
D1,week,fixed_0.5,session,before10,169,-398.63466627218116,-955.0155869473587,199.81056285597677,33
D1,week,fixed_0.5,trend,down,93,-335.8555392473082,-1003.4205000742957,366.45242684576056,23
D1,week,fixed_0.5,trend,up,80,-610.8690818749844,-1400.905673504076,129.82094994847012,19
D1,week,fixed_0.5,structure_regime,post_20240613,143,-471.8073940559353,-1074.3052007820668,141.67378298035666,28
D1,week,fixed_0.5,structure_regime,pre_20240613,30,-421.1878116666549,-1447.867713235277,616.5692122954471,6
D1,week,price_0.0005,side,-1,86,-15.919210465116869,-48.99134436473267,9.832121753813908,33
D1,week,price_0.0005,side,1,87,30.95738160919791,-4.1020583996077695,94.9373528769902,33
D1,week,price_0.0005,volatility,high,78,16.071236538458006,-20.274453080361784,70.45114382227244,23
D1,week,price_0.0005,volatility,low,95,0.7440384210572933,-18.102586100395413,16.84425149039038,24
D1,week,price_0.0005,session,10to19,4,0.0,0.0,0.0,2
D1,week,price_0.0005,session,before10,169,7.83574023668738,-13.856105181880627,34.181567287360586,33
D1,week,price_0.0005,trend,down,93,0.0340505376341518,-22.436882562952082,19.167275266484868,23
D1,week,price_0.0005,trend,up,80,16.51341750000239,-15.489207174295958,66.37988440341829,19
D1,week,price_0.0005,structure_regime,post_20240613,143,9.26042027972145,-17.941629073069148,38.94643455951462,28
D1,week,price_0.0005,structure_regime,pre_20240613,30,0.0,0.0,0.0,6
D1,week,price_0.001,side,-1,86,-201.76144767441613,-349.9511795124903,-28.896712040417306,33
D1,week,price_0.001,side,1,87,-119.78762758620086,-248.74903178779215,10.161343924772734,33
D1,week,price_0.001,volatility,high,78,-36.614896794874184,-172.63207448160634,93.33956614971318,23
D1,week,price_0.001,volatility,low,95,-262.28469631577974,-422.9995320340797,-111.43445275625349,24
D1,week,price_0.001,session,10to19,4,-763.1360624999894,-1083.7687749999911,-442.5033499999877,2
D1,week,price_0.001,session,before10,169,-146.2749340236645,-258.13834523770623,-30.430860942301013,33
D1,week,price_0.001,trend,down,93,-89.02447526881564,-189.1365128933102,-1.415219450104243,23
D1,week,price_0.001,trend,up,80,-243.67164874999258,-437.79308881936174,-28.267579843741135,19
D1,week,price_0.001,structure_regime,post_20240613,143,-160.43799265733827,-276.2096529491005,-46.989872579621604,28
D1,week,price_0.001,structure_regime,pre_20240613,30,-161.0125049999963,-526.087601515145,204.85723589430802,6
D1,week,price_0.002,side,-1,86,-345.74601220930305,-798.4487566482555,235.7768219234439,33
D1,week,price_0.002,side,1,87,-388.9191385057415,-564.5594405994956,-208.11454961194434,33
D1,week,price_0.002,volatility,high,78,8.160827564099318,-469.05094192278835,765.4927258288967,23
D1,week,price_0.002,volatility,low,95,-675.8596489473614,-914.4782399465832,-467.5781907212152,24
D1,week,price_0.002,session,10to19,4,-1381.860187499978,-1878.7136749999806,-885.0066999999754,2
D1,week,price_0.002,session,before10,169,-343.44781863905126,-602.8209299361441,-22.569061562001995,33
D1,week,price_0.002,trend,down,93,-184.5579591397828,-557.6320769299655,370.64881661626345,23
D1,week,price_0.002,trend,up,80,-580.0778987499972,-860.5813908835537,-280.71960398529126,19
D1,week,price_0.002,structure_regime,post_20240613,143,-361.11826363636067,-635.0705730659223,10.406551897485176,28
D1,week,price_0.002,structure_regime,pre_20240613,30,-397.67368000000016,-926.9454982758623,48.504431481479195,6
D1,week,price_0.005,side,-1,86,-842.5835354651132,-1558.064779922578,-23.015034065928777,33
D1,week,price_0.005,side,1,87,-135.53707873561805,-829.0327449542634,712.9056556244504,33
D1,week,price_0.005,volatility,high,78,-311.2289211538453,-943.7170989192615,619.9912492980842,23
D1,week,price_0.005,volatility,low,95,-631.3479373684063,-1458.7617336565565,146.9035198752097,24
D1,week,price_0.005,session,10to19,4,-2663.9231749999517,-3757.4273499999604,-1570.4189999999437,2
D1,week,price_0.005,session,before10,169,-435.49240946744794,-962.2362065530201,158.04800414015926,33
D1,week,price_0.005,trend,down,93,-429.48001612902755,-1034.8690421025372,273.74026691855306,23
D1,week,price_0.005,trend,up,80,-553.903354999987,-1313.6666465938035,119.46824676545482,19
D1,week,price_0.005,structure_regime,post_20240613,143,-526.6009195804104,-1098.9957413520915,59.64205508323452,28
D1,week,price_0.005,structure_regime,pre_20240613,30,-298.3326133333278,-1238.6856441176344,623.0868090909006,6
D1,week,q_0.5,side,-1,86,212.568947674423,64.63182589761,357.3743348075383,33
D1,week,q_0.5,side,1,87,136.2876471264379,-5.2231423098774865,276.57921634577235,33
D1,week,q_0.5,volatility,high,78,160.0800314102499,28.920762019925604,285.3726991419912,23
D1,week,q_0.5,volatility,low,95,185.807498421063,37.27435612995402,320.2932320681572,24
D1,week,q_0.5,session,10to19,4,297.67524999999114,-199.59440000000632,794.9448999999886,2
D1,week,q_0.5,session,before10,169,171.28552544379,61.37220432217824,269.7754733266264,33
D1,week,q_0.5,trend,down,93,160.39080591397715,35.807862216488,282.0502041608121,23
D1,week,q_0.5,trend,up,80,190.2701231250075,1.0351985694478398,367.95908305871694,19
D1,week,q_0.5,structure_regime,post_20240613,143,175.39153986014088,48.588394134544544,273.99304735150287,28
D1,week,q_0.5,structure_regime,pre_20240613,30,168.56548666667751,-26.908193750006564,353.9629342857405,6
D1,week,q_0.75,side,-1,86,-709.0948767441805,-1261.7188096936159,-47.44357729995415,33
D1,week,q_0.75,side,1,87,1.1731408046116798,-501.70526820137303,564.6274329450657,33
D1,week,q_0.75,volatility,high,78,-55.228146794869595,-708.7258067019147,850.0707545368329,23
D1,week,q_0.75,volatility,low,95,-595.4979021052472,-1047.7476202751725,-170.6080456467814,24
D1,week,q_0.75,session,10to19,4,-1900.7871124999633,-2673.6585749999704,-1127.915649999956,2
D1,week,q_0.75,session,before10,169,-315.24821124259444,-690.6169859126568,93.27539884183881,33
D1,week,q_0.75,trend,down,93,-53.69841935483172,-644.6005684584675,631.7741441835929,23
D1,week,q_0.75,trend,up,80,-698.5767893749871,-1094.8248161139945,-307.1075206997671,19
D1,week,q_0.75,structure_regime,post_20240613,143,-327.05861083915056,-728.9513691590787,129.45926679738008,28
D1,week,q_0.75,structure_regime,pre_20240613,30,-470.35715999999314,-1008.8771656249849,-103.13388820760056,6
D1,week,q_0.9,side,-1,86,-808.2338965116201,-1941.5820158251747,315.03968014197807,33
D1,week,q_0.9,side,1,87,-90.605876436764,-1171.4448031014026,1002.6526882805986,33
D1,week,q_0.9,volatility,high,78,15.772551282054897,-918.5393779408317,1039.4784011634977,23
D1,week,q_0.9,volatility,low,95,-827.5903721052432,-1923.7766183606043,234.22784090612282,24
D1,week,q_0.9,session,10to19,4,-4731.637674999913,-6322.437349999938,-3140.837999999887,2
D1,week,q_0.9,session,before10,169,-345.9424594674447,-955.976754896704,289.6852233523845,33
D1,week,q_0.9,trend,down,93,-137.27620698924127,-898.1823573653098,604.1187901801385,23
D1,week,q_0.9,trend,up,80,-807.8017387499797,-1927.236551411291,214.24694972400147,19
D1,week,q_0.9,structure_regime,post_20240613,143,-516.3475304195682,-1200.480679072223,143.76802085263853,28
D1,week,q_0.9,structure_regime,pre_20240613,30,-118.43764999998524,-1491.777978571414,1052.930970142068,6
D1,week,selected_atrD,side,-1,86,-296.26100406976184,-607.5663303720667,-21.961516716856966,33
D1,week,selected_atrD,side,1,87,-183.11056091953566,-424.05858680007066,25.46345020354963,33
D1,week,selected_atrD,volatility,high,78,-67.41579423077164,-184.6350770506391,48.62651029301472,23
D1,week,selected_atrD,volatility,low,95,-380.53298105262036,-732.2757800565054,-94.53735313046633,24
D1,week,selected_atrD,session,10to19,4,-365.22159999998064,-1127.915649999956,397.47244999999475,2
D1,week,selected_atrD,session,before10,169,-236.37975591715505,-446.96839542190673,-68.51796705346177,33
D1,week,selected_atrD,trend,down,93,-213.24963494623566,-496.74339329846,-0.1062989300282396,23
D1,week,selected_atrD,trend,up,80,-269.7106137499901,-596.7162049589617,40.139617138903496,19
D1,week,selected_atrD,structure_regime,post_20240613,143,-179.1472027971985,-410.7527025489541,6.589842529997411,28
D1,week,selected_atrD,structure_regime,pre_20240613,30,-526.367171666658,-1068.470053030288,-103.96090344825988,6
D1,week,selected_atrH,side,-1,86,-208.89326744185917,-534.6241049022997,127.73371970051012,33
D1,week,selected_atrH,side,1,87,-127.38637873562598,-365.3378006587852,88.58525041100657,33
D1,week,selected_atrH,volatility,high,78,-61.33569935897479,-183.1137118980584,60.44134923420855,23
D1,week,selected_atrH,volatility,low,95,-255.40264631578228,-619.2979741321714,53.209835172109734,24
D1,week,selected_atrH,session,10to19,4,-243.7671249999903,-885.0066999999754,397.47244999999475,2
D1,week,selected_atrH,session,before10,169,-166.10868313609106,-375.62889071437814,24.69349272804988,33
D1,week,selected_atrH,trend,down,93,-195.244805913977,-454.06658387031945,13.092819124055449,23
D1,week,selected_atrH,trend,up,80,-136.1208624999937,-510.43060270833047,223.17043145380634,19
D1,week,selected_atrH,structure_regime,post_20240613,143,-106.41756748251433,-333.6490215856348,108.28874897810708,28
D1,week,selected_atrH,structure_regime,pre_20240613,30,-460.99079333332674,-1060.3766453124922,-53.45294333332921,6
D1,week,selected_combo,side,-1,28,-86.84959464285417,-860.4171862857157,832.5195207823544,14
D1,week,selected_combo,side,1,24,-645.4440645833255,-1102.8648858482104,-164.60670667853577,12
D1,week,selected_combo,volatility,high,27,-183.59568518518668,-557.7289920186802,199.01160748737112,13
D1,week,selected_combo,volatility,low,25,-518.6145079999874,-1478.1178435236811,449.2511627111177,9
D1,week,selected_combo,session,10to19,4,-442.5033499999877,-885.0066999999754,0.0,2
D1,week,selected_combo,session,before10,48,-336.50901666666203,-788.2941757539113,219.6567162321531,17
D1,week,selected_combo,trend,down,20,-726.9500399999962,-1109.1299235293984,90.9091099999986,10
D1,week,selected_combo,trend,up,32,-105.73266874999382,-704.8676083355483,506.98892889240506,11
D1,week,selected_combo,structure_regime,post_20240613,52,-344.66242692307173,-772.7573775743617,208.13917288588755,17
D1,week,selected_fixed,side,-1,86,-145.32886337209047,-754.7739207026895,458.28029497448915,33
D1,week,selected_fixed,side,1,87,-268.5787413793026,-669.7544252111775,79.06138684978593,33
D1,week,selected_fixed,volatility,high,78,-52.93331282051788,-336.2536246618332,185.35932197634855,23
D1,week,selected_fixed,volatility,low,95,-334.0614142105127,-966.591839115181,225.98249135147196,24
D1,week,selected_fixed,session,10to19,4,-708.7859249999742,-2212.516749999937,794.9448999999886,2
D1,week,selected_fixed,session,before10,169,-195.44076360946275,-537.7163308730469,136.52799399493196,33
D1,week,selected_fixed,trend,down,93,-213.70205698924556,-710.9816709736303,165.6317890009386,23
D1,week,selected_fixed,trend,up,80,-199.87926812499072,-795.8497703094765,383.01051437298486,19
D1,week,selected_fixed,structure_regime,post_20240613,143,-162.44054825174442,-568.0516565700583,183.1119244174612,28
D1,week,selected_fixed,structure_regime,pre_20240613,30,-421.1878116666549,-1447.867713235277,616.5692122954471,6
D1,week,selected_price,side,-1,86,-141.63370174418736,-413.4450405547911,194.39621158650095,33
D1,week,selected_price,side,1,87,-73.07047816091453,-278.963881721055,116.84676822198189,33
D1,week,selected_price,volatility,high,78,11.32402948717364,-63.25653971509972,89.1316650535619,23
D1,week,selected_price,volatility,low,95,-204.43057105262338,-566.2815279741246,110.96763545358053,24
D1,week,selected_price,session,10to19,4,-221.25167499999384,-442.5033499999877,0.0,2
D1,week,selected_price,session,before10,169,-104.45339201183256,-297.545234572169,75.73049743210423,33
D1,week,selected_price,trend,down,93,-97.84564193548455,-249.99575878464256,20.625150798802828,23
D1,week,selected_price,trend,up,80,-117.97481562499516,-530.3344865387538,240.68392385864914,19
D1,week,selected_price,structure_regime,post_20240613,143,-67.04651433566323,-165.4703654318941,16.796229654434804,28
D1,week,selected_price,structure_regime,pre_20240613,30,-298.3326133333278,-1238.6856441176344,623.0868090909006,6
D1,week,selected_q,side,-1,86,-393.75354825580763,-1317.7067667891167,500.031106213286,33
D1,week,selected_q,side,1,87,221.08654080460863,-618.5170015006571,1018.7230201539162,33
D1,week,selected_q,volatility,high,78,5.953391025639996,-454.6349124228393,433.9196782944417,23
D1,week,selected_q,volatility,low,95,-158.8699010526151,-1002.8973552999789,604.0028257331151,24
D1,week,selected_q,session,10to19,4,-1172.9465499999492,-3140.837999999887,794.9448999999886,2
D1,week,selected_q,session,before10,169,-58.79579822484444,-482.0597430926024,313.12322715341116,33
D1,week,selected_q,trend,down,93,-94.42454408601584,-705.653651177619,511.53724817546964,23
D1,week,selected_q,trend,up,80,-73.08491874998799,-850.0780532814002,636.0190888571468,19
D1,week,selected_q,structure_regime,post_20240613,143,-77.44857762237031,-514.435164124371,323.46637391857644,28
D1,week,selected_q,structure_regime,pre_20240613,30,-118.43764999998524,-1491.777978571414,1052.930970142068,6
H1,four_weeks,atrD_0.025,side,-1,844,117.84492292654473,2.259621235414464,233.4211545649582,32
H1,four_weeks,atrD_0.025,side,1,900,116.04600105554535,10.818300436576349,211.89832876661558,32
H1,four_weeks,atrD_0.025,volatility,high,842,88.8640857482121,9.660637376320267,178.61712694686818,22
H1,four_weeks,atrD_0.025,volatility,low,902,143.1030550997782,21.392010160048752,255.72055035807944,24
H1,four_weeks,atrD_0.025,session,10to19,1238,158.462653311793,51.24258494027144,257.824679605129,32
H1,four_weeks,atrD_0.025,session,after19,493,7.08672454360081,-201.49079496071144,204.18061665248467,31
H1,four_weeks,atrD_0.025,session,before10,13,325.5381461538191,75.80668333347482,470.1075699999186,3
H1,four_weeks,atrD_0.025,trend,down,927,114.46247286946844,-9.228093803402858,226.156104888479,22
H1,four_weeks,atrD_0.025,trend,up,817,119.70110593634918,27.84716419252437,213.22831671392518,22
H1,four_weeks,atrD_0.025,structure_regime,post_20240613,1472,135.50764211956172,64.2111038607728,201.09168904051765,27
H1,four_weeks,atrD_0.025,structure_regime,pre_20240613,272,16.30612757352842,-289.4532619516708,259.8997288888942,5
H1,four_weeks,atrD_0.05,side,-1,844,214.4791861966848,68.60852925829903,366.39842866762206,32
H1,four_weeks,atrD_0.05,side,1,900,155.15889583332395,42.291016391524536,277.11588174064985,32
H1,four_weeks,atrD_0.05,volatility,high,842,310.3668425178086,119.68503819606039,497.0959305671783,22
H1,four_weeks,atrD_0.05,volatility,low,902,65.78110643015383,1.2411663986304118,139.4603676572733,24
H1,four_weeks,atrD_0.05,session,10to19,1238,39.9883743941788,-59.57536454417447,135.0932150294223,32
H1,four_weeks,atrD_0.05,session,after19,493,549.8848326572019,194.27561543781493,947.2828371403763,31
H1,four_weeks,atrD_0.05,session,before10,13,4.969953846134208,-69.62363333322476,95.52974999999932,3
H1,four_weeks,atrD_0.05,trend,down,927,227.16888128370582,73.40936050834195,390.29397634510565,22
H1,four_weeks,atrD_0.05,trend,up,817,134.73425514075672,5.6235501187153645,278.7920420391698,22
H1,four_weeks,atrD_0.05,structure_regime,post_20240613,1472,204.07313603939727,89.96150350143884,320.8869583359156,27
H1,four_weeks,atrD_0.05,structure_regime,pre_20240613,272,74.51390863970857,-71.19097203064382,204.32589535713737,5
H1,four_weeks,atrD_0.1,side,-1,844,438.91874798578493,26.190818150394474,865.6201657567584,32
H1,four_weeks,atrD_0.1,side,1,900,323.8143534999911,101.41369815948885,536.2389683383549,32
H1,four_weeks,atrD_0.1,volatility,high,842,597.2542435273067,170.98679961872543,1003.1974574911446,22
H1,four_weeks,atrD_0.1,volatility,low,902,176.2663729490048,-59.99831505802594,431.6772462515944,24
H1,four_weeks,atrD_0.1,session,10to19,1238,203.54790363489357,-120.87608965971182,535.6788616548172,32
H1,four_weeks,atrD_0.1,session,after19,493,809.6367905679449,324.16159099552976,1313.233004911905,31
H1,four_weeks,atrD_0.1,session,before10,13,825.9306923076464,-544.4359000000173,2702.3733199999356,3
H1,four_weeks,atrD_0.1,trend,down,927,618.5687918554413,260.80924916878536,984.9106872796599,22
H1,four_weeks,atrD_0.1,trend,up,817,108.28282913096743,-233.4013732977885,406.7493077718067,22
H1,four_weeks,atrD_0.1,structure_regime,post_20240613,1472,400.8011808084187,104.46300071370109,676.6596755188956,27
H1,four_weeks,atrD_0.1,structure_regime,pre_20240613,272,264.3419238970664,-263.09209061370296,828.9295285740807,5
H1,four_weeks,atrD_0.25,side,-1,844,347.5818701421832,-97.42076606015537,781.992009287932,32
H1,four_weeks,atrD_0.25,side,1,900,541.6230377777671,195.37936849897983,868.3435507592505,32
H1,four_weeks,atrD_0.25,volatility,high,842,791.6116247030808,186.18254734506405,1448.5947780125477,22
H1,four_weeks,atrD_0.25,volatility,low,902,126.69938403547559,-168.78696639797982,439.3063417584756,24
H1,four_weeks,atrD_0.25,session,10to19,1238,132.4882313004809,-266.43293479849444,526.1655830369667,32
H1,four_weeks,atrD_0.25,session,after19,493,1237.9476503042542,598.7209254237091,1889.5279236016768,31
H1,four_weeks,atrD_0.25,session,before10,13,499.32388076925685,-545.852439999994,1817.6582666668055,3
H1,four_weeks,atrD_0.25,trend,down,927,736.5736425026894,235.95544787005898,1246.0019519720001,22
H1,four_weeks,atrD_0.25,trend,up,817,119.97070477356161,-304.22607166465974,495.04326248807644,22
H1,four_weeks,atrD_0.25,structure_regime,post_20240613,1472,460.34439898097315,86.0288884639193,849.2026143671563,27
H1,four_weeks,atrD_0.25,structure_regime,pre_20240613,272,379.3855775735313,-55.318297955388694,804.6050049090927,5
H1,four_weeks,atrH_0.1,side,-1,844,136.1505013625626,-0.6740558943798443,277.5432794996423,32
H1,four_weeks,atrH_0.1,side,1,900,77.3614406666615,-41.72884118008513,188.7981897563372,32
H1,four_weeks,atrH_0.1,volatility,high,842,90.6123108076001,-37.415425042974135,239.33071247654615,22
H1,four_weeks,atrH_0.1,volatility,low,902,120.00083597560855,-3.980681520939475,218.65249166549998,24
H1,four_weeks,atrH_0.1,session,10to19,1238,85.41665363489258,-33.007155453861856,205.8318700614977,32
H1,four_weeks,atrH_0.1,session,after19,493,151.7564482758658,-68.82953896075533,350.26918210446365,31
H1,four_weeks,atrH_0.1,session,before10,13,305.7364269230238,25.33201666667325,470.1075699999186,3
H1,four_weeks,atrH_0.1,trend,down,927,116.6787006472484,-28.89319983305339,272.3318407996095,22
H1,four_weeks,atrH_0.1,trend,up,817,93.4824531823732,-12.392408891400246,191.24263815646202,22
H1,four_weeks,atrH_0.1,structure_regime,post_20240613,1472,112.19954330842317,11.865987530247533,212.80790761061792,27
H1,four_weeks,atrH_0.1,structure_regime,pre_20240613,272,71.24482352940902,-131.4237352770402,263.3824091911753,5
H1,four_weeks,atrH_0.25,side,-1,844,160.11037695497572,-29.831488018200247,373.6425079698364,32
H1,four_weeks,atrH_0.25,side,1,900,222.21536016666073,54.06515766745376,388.9430313651941,32
H1,four_weeks,atrH_0.25,volatility,high,842,381.15766413301475,146.9579310241157,642.7906118993026,22
H1,four_weeks,atrH_0.25,volatility,low,902,15.734178603099567,-88.8388797623573,128.07613404306275,24
H1,four_weeks,atrH_0.25,session,10to19,1238,69.42214923262942,-81.55705208932855,232.66798731121733,32
H1,four_weeks,atrH_0.25,session,after19,493,508.518916835697,138.91060198011783,897.0401964149771,31
H1,four_weeks,atrH_0.25,session,before10,13,-116.72803461536051,-357.149899999856,-7.2586499999724765,3
H1,four_weeks,atrH_0.25,trend,down,927,237.37656715209943,84.9037880536496,394.39073115451146,22
H1,four_weeks,atrH_0.25,trend,up,817,140.8554523255789,-105.11872388479263,401.8639832213097,22
H1,four_weeks,atrH_0.25,structure_regime,post_20240613,1472,211.05821902173477,50.15367780982236,376.3720324489867,27
H1,four_weeks,atrH_0.25,structure_regime,pre_20240613,272,89.88707316176665,-88.37621590038063,271.369887407416,5
H1,four_weeks,atrH_0.5,side,-1,844,440.0282514218043,35.430233769737086,845.2570912964158,32
H1,four_weeks,atrH_0.5,side,1,900,388.8184607222139,134.8131492847766,626.202561157321,32
H1,four_weeks,atrH_0.5,volatility,high,842,683.8685602137724,236.09149957126368,1142.0534644436652,22
H1,four_weeks,atrH_0.5,volatility,low,902,161.31167533259304,-109.69053785779586,420.1451133887741,24
H1,four_weeks,atrH_0.5,session,10to19,1238,122.7757893780264,-199.0067405563322,455.104615634055,32
H1,four_weeks,atrH_0.5,session,after19,493,1139.6573952332626,497.2063394043432,1824.158043361882,31
H1,four_weeks,atrH_0.5,session,before10,13,574.8412115384805,-1084.5740999998845,2312.971409999966,3
H1,four_weeks,atrH_0.5,trend,down,927,679.9227939050694,280.2622518432814,1041.3163488570258,22
H1,four_weeks,atrH_0.5,trend,up,817,111.42231199509929,-249.10250632504824,438.71239455148924,22
H1,four_weeks,atrH_0.5,structure_regime,post_20240613,1472,400.7257471807015,81.46952895157216,688.1987605213299,27
H1,four_weeks,atrH_0.5,structure_regime,pre_20240613,272,483.2799963235398,118.72788327138394,887.7447518518641,5
H1,four_weeks,atrH_1,side,-1,844,318.721508471565,-184.2994377046455,806.3116768870256,32
H1,four_weeks,atrH_1,side,1,900,418.21123416665904,57.63265200987054,769.5401121589251,32
H1,four_weeks,atrH_1,volatility,high,842,619.0108542161427,54.34722511948217,1151.7774609986106,22
H1,four_weeks,atrH_1,volatility,low,902,137.67619140798428,-181.25899943675358,436.4945472429917,24
H1,four_weeks,atrH_1,session,10to19,1238,111.37756409531342,-298.25945317620716,491.94102763918306,32
H1,four_weeks,atrH_1,session,after19,493,1037.1540747464414,368.5908267157305,1738.1538758247625,31
H1,four_weeks,atrH_1,session,before10,13,-293.17840769228127,-1961.6610333331462,691.9458399999694,3
H1,four_weeks,atrH_1,trend,down,927,632.1644806903936,111.40341442009203,1138.7077830966145,22
H1,four_weeks,atrH_1,trend,up,817,72.67391713586169,-326.4331613965963,433.07742207785094,22
H1,four_weeks,atrH_1,structure_regime,post_20240613,1472,344.5134956861365,6.9206869555454364,678.8279695252326,27
H1,four_weeks,atrH_1,structure_regime,pre_20240613,272,508.33528768382723,161.30551784387208,847.7934989090924,5
H1,four_weeks,combo_0.25_1,side,-1,843,160.30030622775743,-29.832433573261692,374.92847457758876,32
H1,four_weeks,combo_0.25_1,side,1,899,222.55787291434305,54.188229818673285,389.1394840142277,32
H1,four_weeks,combo_0.25_1,volatility,high,842,381.15766413301475,146.9579310241157,642.7906118993026,22
H1,four_weeks,combo_0.25_1,volatility,low,900,15.864369666661716,-88.94925086671054,128.32947684109283,24
H1,four_weeks,combo_0.25_1,session,10to19,1237,69.47827061438579,-81.55887253275591,233.03388127167526,32
H1,four_weeks,combo_0.25_1,session,after19,493,508.518916835697,138.91060198011783,897.0401964149771,31
H1,four_weeks,combo_0.25_1,session,before10,12,-119.31340416666247,-492.87304999991557,-7.2586499999724765,3
H1,four_weeks,combo_0.25_1,trend,down,927,237.37656715209943,84.9037880536496,394.39073115451146,22
H1,four_weeks,combo_0.25_1,trend,up,815,141.30626766870884,-105.17103762841906,404.1306974181721,22
H1,four_weeks,combo_0.25_1,structure_regime,post_20240613,1470,211.4036748299274,50.2602306966245,376.9465767978164,27
H1,four_weeks,combo_0.25_1,structure_regime,pre_20240613,272,89.88707316176665,-88.37621590038063,271.369887407416,5
H1,four_weeks,combo_0.5_2,side,-1,843,439.6350039145939,35.427277964317355,845.3463285309201,32
H1,four_weeks,combo_0.5_2,side,1,899,389.24245155727726,135.45213844345946,626.0584508738973,32
H1,four_weeks,combo_0.5_2,volatility,high,842,683.6838557007084,236.08758413319723,1142.045370386986,22
H1,four_weeks,combo_0.5_2,volatility,low,900,160.977184166665,-109.62098309675673,419.7385914538191,24
H1,four_weeks,combo_0.5_2,session,10to19,1237,122.12560238479914,-199.0067405563322,454.7606263519047,32
H1,four_weeks,combo_0.5_2,session,after19,493,1139.6573952332626,497.2063394043432,1824.158043361882,31
H1,four_weeks,combo_0.5_2,session,before10,12,635.0671875000007,-1552.9258999999456,2312.971409999966,3
H1,four_weeks,combo_0.5_2,trend,down,927,679.9227939050694,280.2622518432814,1041.3163488570258,22
H1,four_weeks,combo_0.5_2,trend,up,815,110.73968380367572,-249.29490476774475,439.4535276266829,22
H1,four_weeks,combo_0.5_2,structure_regime,post_20240613,1470,400.7408933673416,81.56762333374368,688.6485530958154,27
H1,four_weeks,combo_0.5_2,structure_regime,pre_20240613,272,483.2799963235398,118.72788327138394,887.7447518518641,5
H1,four_weeks,combo_1_2,side,-1,843,318.51806992882655,-184.2994377046455,806.5484400129787,32
H1,four_weeks,combo_1_2,side,1,899,418.9822399888683,58.305376136813216,770.8908514477328,32
H1,four_weeks,combo_1_2,volatility,high,842,619.0108542161427,54.34722511948217,1151.7774609986106,22
H1,four_weeks,combo_1_2,volatility,low,900,137.74291938889021,-183.64251822881505,437.2499144238329,24
H1,four_weeks,combo_1_2,session,10to19,1237,111.07130489086333,-298.64219494120454,491.94480095116273,32
H1,four_weeks,combo_1_2,session,after19,493,1037.1540747464414,368.5908267157305,1738.1538758247625,31
H1,four_weeks,combo_1_2,session,before10,12,-294.6996916666833,-2805.0300499999908,691.9458399999694,3
H1,four_weeks,combo_1_2,trend,down,927,632.1644806903936,111.40341442009203,1138.7077830966145,22
H1,four_weeks,combo_1_2,trend,up,815,72.5880896932496,-327.17856476155623,432.9517483465834,22
H1,four_weeks,combo_1_2,structure_regime,post_20240613,1470,344.8357608503349,7.0920818260592196,679.6799529414905,27
H1,four_weeks,combo_1_2,structure_regime,pre_20240613,272,508.33528768382723,161.30551784387208,847.7934989090924,5
H1,four_weeks,fixed_0,side,-1,844,-210.11361563980464,-549.1962960845358,81.48518943415446,32
H1,four_weeks,fixed_0,side,1,900,-33.19235000000892,-281.9278476277029,205.4897281172735,32
H1,four_weeks,fixed_0,volatility,high,842,-269.2762131235195,-616.8813313538715,42.910557527524986,22
H1,four_weeks,fixed_0,volatility,low,902,21.642533093126634,-221.49686708788,248.04698728161378,24
H1,four_weeks,fixed_0,session,10to19,1238,-9.69733869143648,-211.59302053446493,184.38951553290818,32
H1,four_weeks,fixed_0,session,after19,493,-415.2852038539651,-861.8285458001671,2.13645875359051,31
H1,four_weeks,fixed_0,session,before10,13,733.2233999999925,393.56323999993367,1177.7788299999336,3
H1,four_weeks,fixed_0,trend,down,927,-362.69594093852226,-641.6186089748841,-77.8635978815196,22
H1,four_weeks,fixed_0,trend,up,817,157.90713665851533,-108.17729276624877,371.06408548607544,22
H1,four_weeks,fixed_0,structure_regime,post_20240613,1472,-143.65236406250352,-371.2057752941474,81.74877514342727,27
H1,four_weeks,fixed_0,structure_regime,pre_20240613,272,15.614975367654123,-510.5222730337093,480.4909292135225,5
H1,four_weeks,fixed_0.01,side,-1,844,-55.034269372028874,-349.70514388879764,208.30404004481653,32
H1,four_weeks,fixed_0.01,side,1,900,22.09877733332149,-233.07964491284702,269.42282990797673,32
H1,four_weeks,fixed_0.01,volatility,high,842,-138.62630665083435,-491.9627659190015,171.2054826744376,22
H1,four_weeks,fixed_0.01,volatility,low,902,99.95934196230542,-139.64140209178888,316.4530376634333,24
H1,four_weeks,fixed_0.01,session,10to19,1238,134.31529087237055,-72.90284769774334,319.76109620492656,32
H1,four_weeks,fixed_0.01,session,after19,493,-405.0488344827565,-817.6939555064771,-57.26531748022535,31
H1,four_weeks,fixed_0.01,session,before10,13,526.6708884616248,392.8004600001092,737.2236900000069,3
H1,four_weeks,fixed_0.01,trend,down,927,-215.69877723840744,-482.9160898333573,38.942437095982996,22
H1,four_weeks,fixed_0.01,trend,up,817,212.23101927784657,-55.771316716020955,430.4702607815089,22
H1,four_weeks,fixed_0.01,structure_regime,post_20240613,1472,-33.97606793478599,-266.9460465811483,182.6873705136129,27
H1,four_weeks,fixed_0.01,structure_regime,pre_20240613,272,86.22333915441892,-482.57477678437095,462.9892346591031,5
H1,four_weeks,fixed_0.03,side,-1,844,115.05266558057248,-18.14650478996432,233.90063480640003,32
H1,four_weeks,fixed_0.03,side,1,900,65.97971199998888,-86.52271258448887,209.68138910278782,32
H1,four_weeks,fixed_0.03,volatility,high,842,-31.59211033254629,-220.63577564368373,159.1524063150292,22
H1,four_weeks,fixed_0.03,volatility,low,902,202.9786557095312,97.34656877593652,307.079708521388,24
H1,four_weeks,fixed_0.03,session,10to19,1238,145.04793788367994,37.84704674599779,244.31167208398583,32
H1,four_weeks,fixed_0.03,session,after19,493,-54.23918367140396,-345.0355628836402,161.61237020702526,31
H1,four_weeks,fixed_0.03,session,before10,13,281.2893076922747,75.80668333347482,374.57781999991965,3
H1,four_weeks,fixed_0.03,trend,down,927,77.71102103559143,-100.21917055107775,251.96209560138234,22
H1,four_weeks,fixed_0.03,trend,up,817,103.36361572827406,-35.53768315318663,215.09773177377218,22
H1,four_weeks,fixed_0.03,structure_regime,post_20240613,1472,89.60297499999518,-55.10871472597827,215.72505296601355,27
H1,four_weeks,fixed_0.03,structure_regime,pre_20240613,272,90.4066593750009,-51.01709007093654,254.9316126894058,5
H1,four_weeks,fixed_0.05,side,-1,844,0.0,0.0,0.0,32
H1,four_weeks,fixed_0.05,side,1,900,0.0,0.0,0.0,32
H1,four_weeks,fixed_0.05,volatility,high,842,0.0,0.0,0.0,22
H1,four_weeks,fixed_0.05,volatility,low,902,0.0,0.0,0.0,24
H1,four_weeks,fixed_0.05,session,10to19,1238,0.0,0.0,0.0,32
H1,four_weeks,fixed_0.05,session,after19,493,0.0,0.0,0.0,31
H1,four_weeks,fixed_0.05,session,before10,13,0.0,0.0,0.0,3
H1,four_weeks,fixed_0.05,trend,down,927,0.0,0.0,0.0,22
H1,four_weeks,fixed_0.05,trend,up,817,0.0,0.0,0.0,22
H1,four_weeks,fixed_0.05,structure_regime,post_20240613,1472,0.0,0.0,0.0,27
H1,four_weeks,fixed_0.05,structure_regime,pre_20240613,272,0.0,0.0,0.0,5
H1,four_weeks,fixed_0.1,side,-1,844,246.76300941943373,33.86626358102219,476.11171161930264,32
H1,four_weeks,fixed_0.1,side,1,900,413.8914866666558,181.52209975867711,634.7630277332468,32
H1,four_weeks,fixed_0.1,volatility,high,842,348.34553289785345,127.31969848139359,583.9210376088295,22
H1,four_weeks,fixed_0.1,volatility,low,902,318.6955424057647,19.148455466988988,590.358995479491,24
H1,four_weeks,fixed_0.1,session,10to19,1238,133.552973020997,-103.42453528227959,383.66038011033953,32
H1,four_weeks,fixed_0.1,session,after19,493,823.1331218052687,375.9091382089559,1257.4717067574506,31
H1,four_weeks,fixed_0.1,session,before10,13,740.5467923077392,-577.7172666665707,2520.3659000000143,3
H1,four_weeks,fixed_0.1,trend,down,927,461.6783268608344,247.25928696149413,689.3018180474539,22
H1,four_weeks,fixed_0.1,trend,up,817,187.01898280293616,-104.79655482118231,448.5123983841368,22
H1,four_weeks,fixed_0.1,structure_regime,post_20240613,1472,292.76240315896075,88.40511702701508,472.6568646659132,27
H1,four_weeks,fixed_0.1,structure_regime,pre_20240613,272,550.8237518382431,33.23092193309787,1057.1236472727303,5
H1,four_weeks,fixed_0.2,side,-1,844,436.28353856635033,-48.521659837042456,905.1710575220371,32
H1,four_weeks,fixed_0.2,side,1,900,441.70137455554703,125.27828790274903,760.2560483780719,32
H1,four_weeks,fixed_0.2,volatility,high,842,765.7637293349097,277.7416122720928,1238.2474722275751,22
H1,four_weeks,fixed_0.2,volatility,low,902,134.12581324833502,-195.72016380499917,468.8712619935566,24
H1,four_weeks,fixed_0.2,session,10to19,1238,127.59231478190348,-234.98237649099357,507.38567994401114,32
H1,four_weeks,fixed_0.2,session,after19,493,1218.5837468559755,621.7554582174099,1857.87013554499,31
H1,four_weeks,fixed_0.2,session,before10,13,541.0362115384378,-722.1019800000479,1980.4745000000487,3
H1,four_weeks,fixed_0.2,trend,down,927,704.1828937971893,263.43587801125216,1112.2658191242456,22
H1,four_weeks,fixed_0.2,trend,up,817,138.2827430844521,-220.7546612500828,477.95094560320496,22
H1,four_weeks,fixed_0.2,structure_regime,post_20240613,1472,436.51791002037436,86.29598138198165,759.4046906628236,27
H1,four_weeks,fixed_0.2,structure_regime,pre_20240613,272,452.9418386029451,44.73467862454194,875.6030062963046,5
H1,four_weeks,fixed_0.5,side,-1,844,311.6820883293839,-264.0123207935192,886.6499761042913,32
H1,four_weeks,fixed_0.5,side,1,900,745.8032651666578,258.2254424654692,1283.2421149470651,32
H1,four_weeks,fixed_0.5,volatility,high,842,618.8434234560506,-120.78245454773304,1406.9075610309249,22
H1,four_weeks,fixed_0.5,volatility,low,902,458.1113732261615,-11.289199477570135,899.8873553795329,24
H1,four_weeks,fixed_0.5,session,10to19,1238,187.08559244749264,-350.80577426922196,695.8217553151601,32
H1,four_weeks,fixed_0.5,session,after19,493,1393.6333810344752,716.1846783115947,2068.766140675786,31
H1,four_weeks,fixed_0.5,session,before10,13,1200.7231461538533,818.3006500001017,1771.1797399999464,3
H1,four_weeks,fixed_0.5,trend,down,927,613.8159046925518,-5.23060561059736,1268.1571144292698,22
H1,four_weeks,fixed_0.5,trend,up,817,447.09336297429206,-181.6978171573199,946.0704054727923,22
H1,four_weeks,fixed_0.5,structure_regime,post_20240613,1472,503.3447470787988,38.091235386714054,972.905836012211,27
H1,four_weeks,fixed_0.5,structure_regime,pre_20240613,272,710.8792408088248,184.32855964286324,1387.1501749999866,5
H1,four_weeks,price_0.0005,side,-1,844,48.837708293837885,14.323831527085417,87.24423234899157,32
H1,four_weeks,price_0.0005,side,1,900,58.39713861111011,-10.788829820602386,130.47322008714178,32
H1,four_weeks,price_0.0005,volatility,high,842,40.08884364607839,-1.0623620583355171,85.01597599364638,22
H1,four_weeks,price_0.0005,volatility,low,902,66.54284279379186,18.037375677204242,125.79280612291751,24
H1,four_weeks,price_0.0005,session,10to19,1238,57.71712528271391,15.827809352137521,105.92245139795857,32
H1,four_weeks,price_0.0005,session,after19,493,42.87770405679134,-51.27757649544164,146.36830745231615,31
H1,four_weeks,price_0.0005,session,before10,13,91.07241153848638,0.0,141.25852000006526,3
H1,four_weeks,price_0.0005,trend,down,927,40.1987572815503,0.3087017545094449,94.21277019077512,22
H1,four_weeks,price_0.0005,trend,up,817,69.17038255814091,15.684240235616668,134.50070072543082,22
H1,four_weeks,price_0.0005,structure_regime,post_20240613,1472,63.7068278192923,23.648810966201555,107.43039103051275,27
H1,four_weeks,price_0.0005,structure_regime,pre_20240613,272,0.0,0.0,0.0,5
H1,four_weeks,price_0.001,side,-1,844,137.29758270142784,-65.94328102932836,357.77679757908993,32
H1,four_weeks,price_0.001,side,1,900,386.2307573333254,189.9710135792326,570.8745789260138,32
H1,four_weeks,price_0.001,volatility,high,842,283.0597891330171,70.98334406717082,491.00419364188474,22
H1,four_weeks,price_0.001,volatility,low,902,249.6125265521037,-11.790528674977255,503.72000580899726,24
H1,four_weeks,price_0.001,session,10to19,1238,143.54529563812244,-68.64167776488937,357.5685507239857,32
H1,four_weeks,price_0.001,session,after19,493,553.2885885395589,181.4875786948171,928.4512558462778,31
H1,four_weeks,price_0.001,session,before10,13,1000.4993269230615,-590.9986333332514,2965.704769999937,3
H1,four_weeks,price_0.001,trend,down,927,340.74188673139025,129.83946640490421,552.5028086339194,22
H1,four_weeks,price_0.001,trend,up,817,180.68434810281406,-87.18689106303964,428.609140029387,22
H1,four_weeks,price_0.001,structure_regime,post_20240613,1472,210.6351678668456,39.73212006795436,361.7710182051667,27
H1,four_weeks,price_0.001,structure_regime,pre_20240613,272,564.0877731617692,46.86869330855549,1070.0220730909125,5
H1,four_weeks,price_0.002,side,-1,844,439.5425363151682,-1.8450463697886936,881.2283633220791,32
H1,four_weeks,price_0.002,side,1,900,270.37940222221584,12.94741645182748,522.9162107342682,32
H1,four_weeks,price_0.002,volatility,high,842,649.7747532066492,247.0582981668121,1060.3293506343982,22
H1,four_weeks,price_0.002,volatility,low,902,74.50667455653847,-218.6695038822532,361.07050541217666,24
H1,four_weeks,price_0.002,session,10to19,1238,88.46316397415043,-253.15095839243065,436.2678199555618,32
H1,four_weeks,price_0.002,session,after19,493,1000.9113900608475,485.8073896963517,1547.3709849212403,31
H1,four_weeks,price_0.002,session,before10,13,872.9731038461666,-614.4647900000022,2179.4335666667894,3
H1,four_weeks,price_0.002,trend,down,927,563.3766877562018,202.23586069536043,888.5591309711391,22
H1,four_weeks,price_0.002,trend,up,817,112.68687037943351,-203.64805819219941,401.28270449482255,22
H1,four_weeks,price_0.002,structure_regime,post_20240613,1472,334.26177999320333,46.96546136417735,588.632908912832,27
H1,four_weeks,price_0.002,structure_regime,pre_20240613,272,449.56625919117977,-52.80649256505297,958.5142291071363,5
H1,four_weeks,price_0.005,side,-1,844,313.79034490521303,-230.72751860616748,826.9989402689814,32
H1,four_weeks,price_0.005,side,1,900,670.5029712222133,256.40427369912175,1084.9080800511724,32
H1,four_weeks,price_0.005,volatility,high,842,616.6440640736278,-49.72730006351288,1284.0351418251498,22
H1,four_weeks,price_0.005,volatility,low,902,387.0037951773804,-27.63445844713148,774.4057955775045,24
H1,four_weeks,price_0.005,session,10to19,1238,150.0930441841651,-349.9086658244689,611.267529572052,32
H1,four_weeks,price_0.005,session,after19,493,1376.2551177484681,724.6286895305747,2006.5771018075516,31
H1,four_weeks,price_0.005,session,before10,13,306.366419230813,-1051.6708399999777,1196.245450000012,3
H1,four_weeks,price_0.005,trend,down,927,594.6110511326813,6.226686879821416,1165.1112974160399,22
H1,four_weeks,price_0.005,trend,up,817,388.11172680538095,-165.6922589342757,820.7160167523075,22
H1,four_weeks,price_0.005,structure_regime,post_20240613,1472,466.1534840692879,45.022748855021725,853.1543287859429,27
H1,four_weeks,price_0.005,structure_regime,pre_20240613,272,669.5360170955881,256.5861558928596,1368.6139424632274,5
H1,four_weeks,q_0.5,side,-1,844,476.6274665284385,-18.57758520885044,963.9960671016037,32
H1,four_weeks,q_0.5,side,1,900,327.6243468333258,10.261080328746816,635.1092285589042,32
H1,four_weeks,q_0.5,volatility,high,842,635.0671821852684,106.66365555264498,1127.0966875824683,22
H1,four_weeks,q_0.5,volatility,low,902,180.05424223946707,-106.86966204233617,470.84624223138206,24
H1,four_weeks,q_0.5,session,10to19,1238,163.33152928109686,-199.15074861284089,508.2976848432169,32
H1,four_weeks,q_0.5,session,after19,493,1003.0861494928946,364.76867462703547,1682.5565451491643,31
H1,four_weeks,q_0.5,session,before10,13,31.506842307719825,-1550.954099999896,1200.3878600000003,3
H1,four_weeks,q_0.5,trend,down,927,713.5337216828428,242.60624456545983,1139.1997847095697,22
H1,four_weeks,q_0.5,trend,up,817,43.68388482252136,-362.83966836909,406.9270532404668,22
H1,four_weeks,q_0.5,structure_regime,post_20240613,1472,370.676499320648,46.516410117102254,698.7169718105188,27
H1,four_weeks,q_0.5,structure_regime,pre_20240613,272,556.9841430147113,207.1066663568862,899.2279292727295,5
H1,four_weeks,q_0.75,side,-1,844,-345.70584081753424,-1142.4432161312081,375.24772932314266,32
H1,four_weeks,q_0.75,side,1,900,778.6944418333229,-180.38197039601624,1686.668452105664,32
H1,four_weeks,q_0.75,volatility,high,842,297.2066671021293,-583.8220877411569,1193.1880031809371,22
H1,four_weeks,q_0.75,volatility,low,902,176.05460565410058,-419.0010825750785,725.4755236057475,24
H1,four_weeks,q_0.75,session,10to19,1238,-240.30413836833884,-904.0320975866343,423.2179145292314,32
H1,four_weeks,q_0.75,session,after19,493,1403.390919675446,600.3107039381991,2193.876312240426,31
H1,four_weeks,q_0.75,session,before10,13,1128.774453846161,-2043.5220500000098,5249.362009999963,3
H1,four_weeks,q_0.75,trend,down,927,430.46551429341514,-146.27950341439396,1098.1946322992715,22
H1,four_weeks,q_0.75,trend,up,817,12.249371175025134,-913.8662821866027,813.7098649706448,22
H1,four_weeks,q_0.75,structure_regime,post_20240613,1472,119.694893987766,-496.9325250263087,696.7017302245135,27
H1,four_weeks,q_0.75,structure_regime,pre_20240613,272,856.0970001838238,294.65251784386965,1435.4350618181734,5
H1,four_weeks,q_0.9,side,-1,844,-756.0814550355434,-1806.2964374434905,210.90558735051866,32
H1,four_weeks,q_0.9,side,1,900,1098.4410641666561,-69.1559493888765,2170.3553204032255,32
H1,four_weeks,q_0.9,volatility,high,842,153.67429602136892,-759.919809583841,1093.4633752387742,22
H1,four_weeks,q_0.9,volatility,low,902,245.08919340354677,-381.149801973249,829.0473191317026,24
H1,four_weeks,q_0.9,session,10to19,1238,-317.662593820681,-1033.2663313230314,370.3197617786505,32
H1,four_weeks,q_0.9,session,after19,493,1493.63524097362,644.9467163508365,2362.92889057513,31
H1,four_weeks,q_0.9,session,before10,13,566.7943884615459,-3733.144370000017,3684.1091599999563,3
H1,four_weeks,q_0.9,trend,down,927,469.5757201725961,-109.99772051460329,1097.4307648607594,22
H1,four_weeks,q_0.9,trend,up,817,-103.83412839657858,-997.4357258560196,622.5984526231381,22
H1,four_weeks,q_0.9,structure_regime,post_20240613,1472,13.72475842390739,-575.8307580257523,599.3556464017179,27
H1,four_weeks,q_0.9,structure_regime,pre_20240613,272,1214.1961959558826,417.7880788389604,1966.934427999997,5
H1,four_weeks,selected_atrD,side,-1,844,347.5818701421832,-97.42076606015537,781.992009287932,32
H1,four_weeks,selected_atrD,side,1,900,541.6230377777671,195.37936849897983,868.3435507592505,32
H1,four_weeks,selected_atrD,volatility,high,842,791.6116247030808,186.18254734506405,1448.5947780125477,22
H1,four_weeks,selected_atrD,volatility,low,902,126.69938403547559,-168.78696639797982,439.3063417584756,24
H1,four_weeks,selected_atrD,session,10to19,1238,132.4882313004809,-266.43293479849444,526.1655830369667,32
H1,four_weeks,selected_atrD,session,after19,493,1237.9476503042542,598.7209254237091,1889.5279236016768,31
H1,four_weeks,selected_atrD,session,before10,13,499.32388076925685,-545.852439999994,1817.6582666668055,3
H1,four_weeks,selected_atrD,trend,down,927,736.5736425026894,235.95544787005898,1246.0019519720001,22
H1,four_weeks,selected_atrD,trend,up,817,119.97070477356161,-304.22607166465974,495.04326248807644,22
H1,four_weeks,selected_atrD,structure_regime,post_20240613,1472,460.34439898097315,86.0288884639193,849.2026143671563,27
H1,four_weeks,selected_atrD,structure_regime,pre_20240613,272,379.3855775735313,-55.318297955388694,804.6050049090927,5
H1,four_weeks,selected_atrH,side,-1,844,318.721508471565,-184.2994377046455,806.3116768870256,32
H1,four_weeks,selected_atrH,side,1,900,418.21123416665904,57.63265200987054,769.5401121589251,32
H1,four_weeks,selected_atrH,volatility,high,842,619.0108542161427,54.34722511948217,1151.7774609986106,22
H1,four_weeks,selected_atrH,volatility,low,902,137.67619140798428,-181.25899943675358,436.4945472429917,24
H1,four_weeks,selected_atrH,session,10to19,1238,111.37756409531342,-298.25945317620716,491.94102763918306,32
H1,four_weeks,selected_atrH,session,after19,493,1037.1540747464414,368.5908267157305,1738.1538758247625,31
H1,four_weeks,selected_atrH,session,before10,13,-293.17840769228127,-1961.6610333331462,691.9458399999694,3
H1,four_weeks,selected_atrH,trend,down,927,632.1644806903936,111.40341442009203,1138.7077830966145,22
H1,four_weeks,selected_atrH,trend,up,817,72.67391713586169,-326.4331613965963,433.07742207785094,22
H1,four_weeks,selected_atrH,structure_regime,post_20240613,1472,344.5134956861365,6.9206869555454364,678.8279695252326,27
H1,four_weeks,selected_atrH,structure_regime,pre_20240613,272,508.33528768382723,161.30551784387208,847.7934989090924,5
H1,four_weeks,selected_combo,side,-1,843,318.51806992882655,-184.2994377046455,806.5484400129787,32
H1,four_weeks,selected_combo,side,1,899,418.9822399888683,58.305376136813216,770.8908514477328,32
H1,four_weeks,selected_combo,volatility,high,842,619.0108542161427,54.34722511948217,1151.7774609986106,22
H1,four_weeks,selected_combo,volatility,low,900,137.74291938889021,-183.64251822881505,437.2499144238329,24
H1,four_weeks,selected_combo,session,10to19,1237,111.07130489086333,-298.64219494120454,491.94480095116273,32
H1,four_weeks,selected_combo,session,after19,493,1037.1540747464414,368.5908267157305,1738.1538758247625,31
H1,four_weeks,selected_combo,session,before10,12,-294.6996916666833,-2805.0300499999908,691.9458399999694,3
H1,four_weeks,selected_combo,trend,down,927,632.1644806903936,111.40341442009203,1138.7077830966145,22
H1,four_weeks,selected_combo,trend,up,815,72.5880896932496,-327.17856476155623,432.9517483465834,22
H1,four_weeks,selected_combo,structure_regime,post_20240613,1470,344.8357608503349,7.0920818260592196,679.6799529414905,27
H1,four_weeks,selected_combo,structure_regime,pre_20240613,272,508.33528768382723,161.30551784387208,847.7934989090924,5
H1,four_weeks,selected_fixed,side,-1,844,311.6820883293839,-264.0123207935192,886.6499761042913,32
H1,four_weeks,selected_fixed,side,1,900,745.8032651666578,258.2254424654692,1283.2421149470651,32
H1,four_weeks,selected_fixed,volatility,high,842,618.8434234560506,-120.78245454773304,1406.9075610309249,22
H1,four_weeks,selected_fixed,volatility,low,902,458.1113732261615,-11.289199477570135,899.8873553795329,24
H1,four_weeks,selected_fixed,session,10to19,1238,187.08559244749264,-350.80577426922196,695.8217553151601,32
H1,four_weeks,selected_fixed,session,after19,493,1393.6333810344752,716.1846783115947,2068.766140675786,31
H1,four_weeks,selected_fixed,session,before10,13,1200.7231461538533,818.3006500001017,1771.1797399999464,3
H1,four_weeks,selected_fixed,trend,down,927,613.8159046925518,-5.23060561059736,1268.1571144292698,22
H1,four_weeks,selected_fixed,trend,up,817,447.09336297429206,-181.6978171573199,946.0704054727923,22
H1,four_weeks,selected_fixed,structure_regime,post_20240613,1472,503.3447470787988,38.091235386714054,972.905836012211,27
H1,four_weeks,selected_fixed,structure_regime,pre_20240613,272,710.8792408088248,184.32855964286324,1387.1501749999866,5
H1,four_weeks,selected_price,side,-1,844,313.79034490521303,-230.72751860616748,826.9989402689814,32
H1,four_weeks,selected_price,side,1,900,670.5029712222133,256.40427369912175,1084.9080800511724,32
H1,four_weeks,selected_price,volatility,high,842,616.6440640736278,-49.72730006351288,1284.0351418251498,22
H1,four_weeks,selected_price,volatility,low,902,387.0037951773804,-27.63445844713148,774.4057955775045,24
H1,four_weeks,selected_price,session,10to19,1238,150.0930441841651,-349.9086658244689,611.267529572052,32
H1,four_weeks,selected_price,session,after19,493,1376.2551177484681,724.6286895305747,2006.5771018075516,31
H1,four_weeks,selected_price,session,before10,13,306.366419230813,-1051.6708399999777,1196.245450000012,3
H1,four_weeks,selected_price,trend,down,927,594.6110511326813,6.226686879821416,1165.1112974160399,22
H1,four_weeks,selected_price,trend,up,817,388.11172680538095,-165.6922589342757,820.7160167523075,22
H1,four_weeks,selected_price,structure_regime,post_20240613,1472,466.1534840692879,45.022748855021725,853.1543287859429,27
H1,four_weeks,selected_price,structure_regime,pre_20240613,272,669.5360170955881,256.5861558928596,1368.6139424632274,5
H1,four_weeks,selected_q,side,-1,844,-756.0814550355434,-1806.2964374434905,210.90558735051866,32
H1,four_weeks,selected_q,side,1,900,1098.4410641666561,-69.1559493888765,2170.3553204032255,32
H1,four_weeks,selected_q,volatility,high,842,153.67429602136892,-759.919809583841,1093.4633752387742,22
H1,four_weeks,selected_q,volatility,low,902,245.08919340354677,-381.149801973249,829.0473191317026,24
H1,four_weeks,selected_q,session,10to19,1238,-317.662593820681,-1033.2663313230314,370.3197617786505,32
H1,four_weeks,selected_q,session,after19,493,1493.63524097362,644.9467163508365,2362.92889057513,31
H1,four_weeks,selected_q,session,before10,13,566.7943884615459,-3733.144370000017,3684.1091599999563,3
H1,four_weeks,selected_q,trend,down,927,469.5757201725961,-109.99772051460329,1097.4307648607594,22
H1,four_weeks,selected_q,trend,up,817,-103.83412839657858,-997.4357258560196,622.5984526231381,22
H1,four_weeks,selected_q,structure_regime,post_20240613,1472,13.72475842390739,-575.8307580257523,599.3556464017179,27
H1,four_weeks,selected_q,structure_regime,pre_20240613,272,1214.1961959558826,417.7880788389604,1966.934427999997,5
H1,intraday,atrD_0.025,side,-1,78,-247.99875512818622,-684.6805942543422,135.86853636086806,28
H1,intraday,atrD_0.025,side,1,98,129.6899112244688,57.78050415757257,197.24543488979873,30
H1,intraday,atrD_0.025,volatility,high,64,13.473936718727801,-33.306764127804854,48.29530296285247,20
H1,intraday,atrD_0.025,volatility,low,112,-66.93413883927825,-398.2525049930185,225.266653580487,24
H1,intraday,atrD_0.025,session,10to19,159,-65.85423616352237,-322.425104164266,132.98977882722926,33
H1,intraday,atrD_0.025,session,before10,17,225.678349999969,172.234226470511,295.46701818181265,4
H1,intraday,atrD_0.025,trend,down,72,-31.97889444446225,-398.08275219312196,172.81059636910769,21
H1,intraday,atrD_0.025,trend,up,104,-41.65203076922407,-339.883905375005,170.1326938780809,20
H1,intraday,atrD_0.025,structure_regime,post_20240613,143,-92.74471993007087,-366.0573608138748,120.51927051962453,27
H1,intraday,atrD_0.025,structure_regime,pre_20240613,33,200.85464696968347,105.02152361108692,289.730832696426,6
H1,intraday,atrD_0.05,side,-1,78,229.39311282051392,-59.6691263872414,815.5019392745124,28
H1,intraday,atrD_0.05,side,1,98,12.176787244891425,-31.00965651897356,61.39634776240838,30
H1,intraday,atrD_0.05,volatility,high,64,293.53597968746595,-64.59868179437362,789.3063222187786,20
H1,intraday,atrD_0.05,volatility,low,112,2.6757611607287606,-24.622401116204887,39.663227792373355,24
H1,intraday,atrD_0.05,session,10to19,159,120.59319088050047,-31.850328954440943,401.48164219599084,33
H1,intraday,atrD_0.05,session,before10,17,-5.195847058831051,-63.84877058815533,68.23553571428523,4
H1,intraday,atrD_0.05,trend,down,72,-7.016395833340727,-60.65942253815794,55.47613287976656,21
H1,intraday,atrD_0.05,trend,up,104,188.37661971153827,-31.612023185856245,585.5708350846983,20
H1,intraday,atrD_0.05,structure_regime,post_20240613,143,134.22246118879946,-34.29744217602485,420.6964439452001,27
H1,intraday,atrD_0.05,structure_regime,pre_20240613,33,-3.2673939393598253,-64.77528948526444,77.65165000004313,6
H1,intraday,atrD_0.1,side,-1,78,212.88484871795234,-278.9527231512381,888.3451952634724,28
H1,intraday,atrD_0.1,side,1,98,283.12922857142354,-186.81278861310753,1000.3070927387663,30
H1,intraday,atrD_0.1,volatility,high,64,514.1901890624862,16.29111362958255,934.1303432225944,20
H1,intraday,atrD_0.1,volatility,low,112,102.17420089286318,-274.5523006547367,688.5778429130571,24
H1,intraday,atrD_0.1,session,10to19,159,208.17566761006617,-161.55877542119157,712.6644408474536,33
H1,intraday,atrD_0.1,session,before10,17,661.8677323528982,-649.3323214286004,2391.7128449999414,4
H1,intraday,atrD_0.1,trend,down,72,352.036976388886,-214.51275620427455,1213.3340783348265,21
H1,intraday,atrD_0.1,trend,up,104,182.7405798076923,-267.9215695519968,585.0598130356856,20
H1,intraday,atrD_0.1,structure_regime,post_20240613,143,382.9576391608282,-66.87550153365284,944.0897734666731,27
H1,intraday,atrD_0.1,structure_regime,pre_20240613,33,-315.4927212120801,-443.56798181815566,-177.71416111101905,6
H1,intraday,atrD_0.25,side,-1,78,655.3445557692496,-297.7799147728081,1917.2701694911875,28
H1,intraday,atrD_0.25,side,1,98,716.7669112244942,13.263817771880936,1537.3689857058798,30
H1,intraday,atrD_0.25,volatility,high,64,1721.0782429687492,922.866920408992,2399.386915180254,20
H1,intraday,atrD_0.25,volatility,low,112,100.0984383928744,-484.1188556143675,922.1048571833619,24
H1,intraday,atrD_0.25,session,10to19,159,661.363328616358,-1.881111808296297,1415.2595224507177,33
H1,intraday,atrD_0.25,session,before10,17,953.1331411765277,-352.5139357141657,1867.0860950000133,4
H1,intraday,atrD_0.25,trend,down,72,1040.1259562500086,-42.375325153310804,2317.9270022534774,21
H1,intraday,atrD_0.25,trend,up,104,446.8361903846277,-316.8670985295914,1267.170291470587,20
H1,intraday,atrD_0.25,structure_regime,post_20240613,143,951.9749996503563,230.5945935647446,1825.9711137463792,27
H1,intraday,atrD_0.25,structure_regime,pre_20240613,33,-447.64825151512304,-1254.8343066666355,653.7336430556029,6
H1,intraday,atrH_0.1,side,-1,78,-231.9371326923046,-668.0762524334707,152.8570394384464,28
H1,intraday,atrH_0.1,side,1,98,106.12889846937601,18.563058345472296,181.04297741816237,30
H1,intraday,atrH_0.1,volatility,high,64,18.431140624982262,-49.50935977983372,75.22280027085802,20
H1,intraday,atrH_0.1,volatility,low,112,-79.19694017856945,-405.4367274571835,208.7923067875506,24
H1,intraday,atrH_0.1,session,10to19,159,-74.98847987421394,-334.4529055899585,130.44048300384773,33
H1,intraday,atrH_0.1,session,before10,17,248.98258823524156,153.528635294052,328.69769999997544,4
H1,intraday,atrH_0.1,trend,down,72,-50.49309930556425,-403.7519002952018,161.55094995185704,21
H1,intraday,atrH_0.1,trend,up,104,-38.990011057695064,-333.2957272427001,175.92452537747033,20
H1,intraday,atrH_0.1,structure_regime,post_20240613,143,-96.20404090909669,-368.8105485294532,120.88337215306335,27
H1,intraday,atrH_0.1,structure_regime,pre_20240613,33,183.83980454545184,107.49095622427578,252.52737931033062,6
H1,intraday,atrH_0.25,side,-1,78,245.30018910255953,-151.67227065574536,865.8727768796508,28
H1,intraday,atrH_0.25,side,1,98,-10.970061734698549,-132.24580801796398,160.04766845637295,30
H1,intraday,atrH_0.25,volatility,high,64,498.6385703124877,-64.80137747209515,981.2162634176274,20
H1,intraday,atrH_0.25,volatility,low,112,-123.70106964285739,-161.92062538147218,-80.84751558290408,24
H1,intraday,atrH_0.25,session,10to19,159,126.67615408804352,-111.08812896088891,436.1532068021634,33
H1,intraday,atrH_0.25,session,before10,17,-122.53881176469044,-204.14434999992892,-63.40303181825568,4
H1,intraday,atrH_0.25,trend,down,72,128.9035715277798,-139.94451194709603,475.51863199677723,21
H1,intraday,atrH_0.25,trend,up,104,84.39703413460613,-157.29317165817892,496.1055069589763,20
H1,intraday,atrH_0.25,structure_regime,post_20240613,143,154.12062797201756,-110.66161235254958,498.02428692568725,27
H1,intraday,atrH_0.25,structure_regime,pre_20240613,33,-120.63336666664641,-189.48550666396375,-57.68662205881092,6
H1,intraday,atrH_0.5,side,-1,78,372.8999403846175,-254.48558915032774,1283.753546381952,28
H1,intraday,atrH_0.5,side,1,98,360.5516484693877,-240.70442115995667,1170.0711905583007,30
H1,intraday,atrH_0.5,volatility,high,64,898.3911687499852,173.54844588330846,1672.8308670312426,20
H1,intraday,atrH_0.5,volatility,low,112,61.81448303572422,-376.3952843229081,771.2790674616487,24
H1,intraday,atrH_0.5,session,10to19,159,353.9158207547149,-168.52159300819176,974.3684835909695,33
H1,intraday,atrH_0.5,session,before10,17,479.2730235294412,-812.6907214284895,2067.2965674999805,4
H1,intraday,atrH_0.5,trend,down,72,609.0213743055584,-241.6818025833203,1834.0078738936377,21
H1,intraday,atrH_0.5,trend,up,104,197.79536490384572,-335.62555374796824,730.334136257182,20
H1,intraday,atrH_0.5,structure_regime,post_20240613,143,470.99532482517014,-59.124790904792825,1198.64250213159,27
H1,intraday,atrH_0.5,structure_regime,pre_20240613,33,-88.85074393936812,-772.5256361110957,943.1002496736701,6
H1,intraday,atrH_1,side,-1,78,390.0236256410422,-545.1177367866235,1646.6969854292347,28
H1,intraday,atrH_1,side,1,98,239.9817193877586,-483.4708169124829,1101.4999583689532,30
H1,intraday,atrH_1,volatility,high,64,1177.394277343741,248.94750958207354,2020.9284513424325,20
H1,intraday,atrH_1,volatility,low,112,-191.18912901783733,-790.2891712211203,632.3461454234783,24
H1,intraday,atrH_1,session,10to19,159,306.51589056604485,-347.9752303568976,1051.5412403504465,33
H1,intraday,atrH_1,session,before10,17,306.11910000002956,-1655.7766571427487,1679.4461299999741,4
H1,intraday,atrH_1,trend,down,72,568.8257618055616,-493.84170084611554,1951.7849723121944,21
H1,intraday,atrH_1,trend,up,104,124.85188894231939,-726.2186768327277,951.0417129847749,20
H1,intraday,atrH_1,structure_regime,post_20240613,143,514.1298716783264,-219.54602637235422,1400.222043407639,27
H1,intraday,atrH_1,structure_regime,pre_20240613,33,-593.3491015151218,-1417.0426527777329,552.53706351355,6
H1,intraday,combo_0.25_1,side,-1,78,245.30018910255953,-151.67227065574536,865.8727768796508,28
H1,intraday,combo_0.25_1,side,1,96,-10.305858854174176,-134.80291506580463,163.64419926504988,30
H1,intraday,combo_0.25_1,volatility,high,64,498.6385703124877,-64.80137747209515,981.2162634176274,20
H1,intraday,combo_0.25_1,volatility,low,110,-125.17105636363902,-163.7465124107159,-81.91496450983955,24
H1,intraday,combo_0.25_1,session,10to19,159,126.67615408804352,-111.08812896088891,436.1532068021634,33
H1,intraday,combo_0.25_1,session,before10,15,-133.16374666666673,-246.91776999997782,-73.45795249999114,4
H1,intraday,combo_0.25_1,trend,down,71,130.71911478873446,-142.39795874400895,480.3957862415763,21
H1,intraday,combo_0.25_1,trend,up,103,86.04849660192987,-158.08575467518153,499.6829178390438,20
H1,intraday,combo_0.25_1,structure_regime,post_20240613,141,156.91456312055496,-112.64112617495829,502.03470387435425,27
H1,intraday,combo_0.25_1,structure_regime,pre_20240613,33,-120.63336666664641,-189.48550666396375,-57.68662205881092,6
H1,intraday,combo_0.5_2,side,-1,78,372.8999403846175,-254.48558915032774,1283.753546381952,28
H1,intraday,combo_0.5_2,side,1,96,375.46261302083076,-240.86654054455803,1199.8336792346956,30
H1,intraday,combo_0.5_2,volatility,high,64,895.9611499999852,173.4876954145585,1672.7495352702629,20
H1,intraday,combo_0.5_2,volatility,low,110,70.80993272728068,-375.92279789994006,781.3170159176915,24
H1,intraday,combo_0.5_2,session,10to19,159,352.93769999999796,-169.42417140104894,973.4858788146983,33
H1,intraday,combo_0.5_2,session,before10,15,600.9007933333509,-964.5929099999332,2308.288250000005,4
H1,intraday,combo_0.5_2,trend,down,71,627.711816197186,-241.16508773150937,1844.7482123151235,21
H1,intraday,combo_0.5_2,trend,up,103,199.64142961164777,-341.0057294171499,729.3295095640514,20
H1,intraday,combo_0.5_2,structure_regime,post_20240613,141,482.71404787233394,-56.47773815084728,1219.6491611992672,27
H1,intraday,combo_0.5_2,structure_regime,pre_20240613,33,-88.85074393936812,-772.5256361110957,943.1002496736701,6
H1,intraday,combo_1_2,side,-1,78,390.0236256410422,-545.1177367866235,1646.6969854292347,28
H1,intraday,combo_1_2,side,1,96,270.28261979166456,-456.0905363820568,1143.8684552114594,30
H1,intraday,combo_1_2,volatility,high,64,1177.394277343741,248.94750958207354,2020.9284513424325,20
H1,intraday,combo_1_2,volatility,low,110,-172.58417681816658,-778.7126799572349,669.1331647318782,24
H1,intraday,combo_1_2,session,10to19,159,306.51589056604485,-347.9752303568976,1051.5412403504465,33
H1,intraday,combo_1_2,session,before10,15,508.86317999999693,-1832.3027199999583,1833.031944999973,4
H1,intraday,combo_1_2,trend,down,71,607.175420422541,-471.69470757781727,2001.1638786138508,21
H1,intraday,combo_1_2,trend,up,103,128.73319854369592,-730.8294371241192,951.0417129847749,20
H1,intraday,combo_1_2,structure_regime,post_20240613,141,538.648898226951,-201.59773823990759,1426.8379750478605,27
H1,intraday,combo_1_2,structure_regime,pre_20240613,33,-593.3491015151218,-1417.0426527777329,552.53706351355,6
H1,intraday,fixed_0,side,-1,78,-298.3098025640447,-994.3027762784421,271.89552718888723,28
H1,intraday,fixed_0,side,1,98,-202.15774132652854,-782.8588807754351,310.74612670571753,30
H1,intraday,fixed_0,volatility,high,64,-332.43973359376156,-1212.5289749553965,134.99015512642828,20
H1,intraday,fixed_0,volatility,low,112,-194.67393124995124,-695.6584813263864,310.2182859269828,24
H1,intraday,fixed_0,session,10to19,159,-321.99825031443294,-788.1907831412553,128.66516421584427,33
H1,intraday,fixed_0,session,before10,17,477.53520882350284,102.52330294110467,807.830942857178,4
H1,intraday,fixed_0,trend,down,72,-162.7320131944359,-910.3548509920457,338.90451806329037,21
H1,intraday,fixed_0,trend,up,104,-301.5665221153452,-911.9518220922035,176.66170196894458,20
H1,intraday,fixed_0,structure_regime,post_20240613,143,-267.20361993005497,-680.669003632488,97.9285352204161,27
H1,intraday,fixed_0,structure_regime,pre_20240613,33,-147.56077575749762,-1827.8530483332408,692.4640971429405,6
H1,intraday,fixed_0.01,side,-1,78,-90.54275128203048,-544.3218638715207,326.16662660625394,28
H1,intraday,fixed_0.01,side,1,98,215.1147984693798,-11.686420800256752,375.76212098055623,30
H1,intraday,fixed_0.01,volatility,high,64,21.596179687450494,-308.6855032538221,196.81809037767667,20
H1,intraday,fixed_0.01,volatility,low,112,112.8282156250358,-238.606844440657,428.1299138584268,24
H1,intraday,fixed_0.01,session,10to19,159,44.96596132075079,-250.95859354559198,289.6088365744102,33
H1,intraday,fixed_0.01,session,before10,17,404.0781058824391,182.32756176481428,625.1278928572727,4
H1,intraday,fixed_0.01,trend,down,72,108.05811666667793,-293.4750734595601,341.7414986769456,21
H1,intraday,fixed_0.01,trend,up,104,59.98780048076948,-279.4169526756974,343.0234615963251,20
H1,intraday,fixed_0.01,structure_regime,post_20240613,143,4.838294055935271,-316.21188939534164,247.61827544901791,27
H1,intraday,fixed_0.01,structure_regime,pre_20240613,33,403.84968484854824,247.9842277778824,561.0710513889366,6
H1,intraday,fixed_0.03,side,-1,78,-216.53913012816403,-664.7681693969981,182.59530228370878,28
H1,intraday,fixed_0.03,side,1,98,37.88667244896221,-158.20545624120797,153.39571160544529,30
H1,intraday,fixed_0.03,volatility,high,64,-44.27549843751912,-368.82019787808156,116.76604800722423,20
H1,intraday,fixed_0.03,volatility,low,112,-92.35291383926139,-420.40306649110784,191.2460152947043,24
H1,intraday,fixed_0.03,session,10to19,159,-101.75129119495443,-379.94597894019216,124.2305500622746,33
H1,intraday,fixed_0.03,session,before10,17,176.54688529407417,136.7795624999101,271.8306545454368,4
H1,intraday,fixed_0.03,trend,down,72,-13.150090972229654,-386.9719654274434,181.03247289295686,21
H1,intraday,fixed_0.03,trend,up,104,-117.59953557690349,-444.9156337311092,143.81105793311153,20
H1,intraday,fixed_0.03,structure_regime,post_20240613,143,-135.30564195804294,-434.8772217369144,101.92587107180472,27
H1,intraday,fixed_0.03,structure_regime,pre_20240613,33,187.01662272732256,112.28652281571152,253.1328953125567,6
H1,intraday,fixed_0.05,side,-1,78,0.0,0.0,0.0,28
H1,intraday,fixed_0.05,side,1,98,0.0,0.0,0.0,30
H1,intraday,fixed_0.05,volatility,high,64,0.0,0.0,0.0,20
H1,intraday,fixed_0.05,volatility,low,112,0.0,0.0,0.0,24
H1,intraday,fixed_0.05,session,10to19,159,0.0,0.0,0.0,33
H1,intraday,fixed_0.05,session,before10,17,0.0,0.0,0.0,4
H1,intraday,fixed_0.05,trend,down,72,0.0,0.0,0.0,21
H1,intraday,fixed_0.05,trend,up,104,0.0,0.0,0.0,20
H1,intraday,fixed_0.05,structure_regime,post_20240613,143,0.0,0.0,0.0,27
H1,intraday,fixed_0.05,structure_regime,pre_20240613,33,0.0,0.0,0.0,6
H1,intraday,fixed_0.1,side,-1,78,369.3563250000046,-210.27146902127916,1251.7328807710933,28
H1,intraday,fixed_0.1,side,1,98,208.19810204081273,-240.66698173155302,919.3798982685996,30
H1,intraday,fixed_0.1,volatility,high,64,433.93704374998873,-25.86681562276044,924.5070607890768,20
H1,intraday,fixed_0.1,volatility,low,112,191.43961205357797,-242.1337899455994,856.4811874569492,24
H1,intraday,fixed_0.1,session,10to19,159,245.8760578616299,-160.0128179568149,751.8847182008483,33
H1,intraday,fixed_0.1,session,before10,17,595.2302441176971,-666.859564285641,2250.2018050000247,4
H1,intraday,fixed_0.1,trend,down,72,212.8350020833376,-229.82808889014876,1069.6897793590447,21
H1,intraday,fixed_0.1,trend,up,104,325.85660769230486,-185.75595689307286,812.1684382786626,20
H1,intraday,fixed_0.1,structure_regime,post_20240613,143,332.7174982517436,-96.46349685309308,885.0608414606343,27
H1,intraday,fixed_0.1,structure_regime,pre_20240613,33,49.53348787880828,-582.2140986111003,1001.7366736111611,6
H1,intraday,fixed_0.2,side,-1,78,199.62336410257404,-477.2413573293934,1127.9742785971416,28
H1,intraday,fixed_0.2,side,1,98,362.20619999999803,-323.02346136165977,1190.4946464382715,30
H1,intraday,fixed_0.2,volatility,high,64,926.8013695312436,295.78677822429205,1656.0637474913337,20
H1,intraday,fixed_0.2,volatility,low,112,-73.64694330356272,-592.6513444319127,544.6806853214717,24
H1,intraday,fixed_0.2,session,10to19,159,268.3264905660417,-263.56458744200944,885.4796057779737,33
H1,intraday,fixed_0.2,session,before10,17,494.28929411764256,-687.862049999996,1690.3917974999913,4
H1,intraday,fixed_0.2,trend,down,72,507.34717430556043,-425.70971996313466,1794.5958585192025,21
H1,intraday,fixed_0.2,trend,up,104,139.78686009615578,-406.0298234880936,625.9546016349991,20
H1,intraday,fixed_0.2,structure_regime,post_20240613,143,473.4615433566401,-47.36626233065533,1161.145868306754,27
H1,intraday,fixed_0.2,structure_regime,pre_20240613,33,-504.1869909090598,-1242.2372848432215,550.5432830414649,6
H1,intraday,fixed_0.5,side,-1,78,1065.6416948718079,-81.32529930214076,2447.151065940485,28
H1,intraday,fixed_0.5,side,1,98,1283.8850627551067,447.29966407894324,2163.7555917450545,30
H1,intraday,fixed_0.5,volatility,high,64,2001.4387804687428,1080.3675950506579,2818.830415645137,20
H1,intraday,fixed_0.5,volatility,low,112,721.8634500000172,-117.05459120422266,1608.6727946925105,24
H1,intraday,fixed_0.5,session,10to19,159,1041.0708295597537,272.07321046040084,1791.1391209650224,33
H1,intraday,fixed_0.5,session,before10,17,2553.5603794118006,811.918975000084,3864.5227500000024,4
H1,intraday,fixed_0.5,trend,down,72,1539.1862847222255,331.814874315498,2928.92962806596,21
H1,intraday,fixed_0.5,trend,up,104,943.4555370192425,-209.6304412297847,1890.4838402660077,20
H1,intraday,fixed_0.5,structure_regime,post_20240613,143,1431.709192657345,655.2943764739457,2235.9672849441604,27
H1,intraday,fixed_0.5,structure_regime,pre_20240613,33,127.46587272730757,-1650.830458207339,1828.6678516406478,6
H1,intraday,price_0.0005,side,-1,78,10.340074358951123,-0.3194196571385587,25.37054310173902,28
H1,intraday,price_0.0005,side,1,98,29.465954081631228,0.6540321239953834,59.28600545128236,30
H1,intraday,price_0.0005,volatility,high,64,12.549305468731598,-17.65516186274596,38.85594944073211,20
H1,intraday,price_0.0005,volatility,low,112,25.8128013392788,4.168121943103947,56.50887932036488,24
H1,intraday,price_0.0005,session,10to19,159,18.6806411949543,0.1433765265702318,41.69628937995974,33
H1,intraday,price_0.0005,session,before10,17,42.58631470590083,0.0,83.96324250001537,4
H1,intraday,price_0.0005,trend,down,72,23.770869444429266,-3.913055993668777,56.20677021512308,21
H1,intraday,price_0.0005,trend,up,104,19.064295192299433,-3.681540540561941,48.27220441176283,20
H1,intraday,price_0.0005,structure_regime,post_20240613,143,25.833491608377958,4.2296178446614725,50.33765596830274,27
H1,intraday,price_0.0005,structure_regime,pre_20240613,33,0.0,0.0,0.0,6
H1,intraday,price_0.001,side,-1,78,421.6713544871918,-163.11984692570965,1290.5633662109663,28
H1,intraday,price_0.001,side,1,98,249.94402193877102,-217.12362435300295,965.145995426698,30
H1,intraday,price_0.001,volatility,high,64,440.3452664062445,-42.37845040536269,961.0879979521094,20
H1,intraday,price_0.001,volatility,low,112,260.7391316964363,-179.30503595101092,938.2338628955214,24
H1,intraday,price_0.001,session,10to19,159,279.2767201257904,-131.76777975695634,793.85168876787,33
H1,intraday,price_0.001,session,before10,17,763.5224294117551,-576.6208642856748,2511.340372499946,4
H1,intraday,price_0.001,trend,down,72,242.83083819444684,-196.86028738683177,1120.9540747318913,21
H1,intraday,price_0.001,trend,up,104,383.66403317308016,-147.14299707426227,861.272734467652,20
H1,intraday,price_0.001,structure_regime,post_20240613,143,391.66715104894683,-50.11549950611176,954.424839897278,27
H1,intraday,price_0.001,structure_regime,pre_20240613,33,41.711430303064056,-585.7895571428263,995.0883157143153,6
H1,intraday,price_0.002,side,-1,78,202.59368012822,-464.6104872680042,1117.1530854166638,28
H1,intraday,price_0.002,side,1,98,239.48377857143743,-325.57013339523076,952.388205492471,30
H1,intraday,price_0.002,volatility,high,64,624.0180898437509,34.11226044320617,1192.1973230202918,20
H1,intraday,price_0.002,volatility,low,112,-5.941432142839582,-514.3938561249738,624.3414938618923,24
H1,intraday,price_0.002,session,10to19,159,170.27248773585907,-316.169453761469,738.9374661910063,33
H1,intraday,price_0.002,session,before10,17,717.5524588235538,-392.39358571429864,1963.8736250000063,4
H1,intraday,price_0.002,trend,down,72,282.8692652777855,-410.0584919124899,1327.109482310856,21
H1,intraday,price_0.002,trend,up,104,181.78009855770645,-390.5064330706356,664.4345433092745,20
H1,intraday,price_0.002,structure_regime,post_20240613,143,376.9748905594493,-116.09183180402265,1011.8810913228142,27
H1,intraday,price_0.002,structure_regime,pre_20240613,33,-443.505818181795,-1184.2474557338403,566.104927513546,6
H1,intraday,price_0.005,side,-1,78,1027.3464621794985,-72.45207084294313,2384.102876569548,28
H1,intraday,price_0.005,side,1,98,978.9589515306167,146.05961262413086,1878.9629183471545,30
H1,intraday,price_0.005,volatility,high,64,1567.019855468745,549.6685047250082,2459.551541562334,20
H1,intraday,price_0.005,volatility,low,112,676.6225941964432,-110.76718065989692,1568.5689876081783,24
H1,intraday,price_0.005,session,10to19,159,832.8801371069221,101.99037849949394,1564.4878472072503,33
H1,intraday,price_0.005,session,before10,17,2567.238794117688,922.1270300000913,3799.8988318181887,4
H1,intraday,price_0.005,trend,down,72,1262.093765972222,46.19605118481039,2720.7264440144263,21
H1,intraday,price_0.005,trend,up,104,819.2331745192437,-230.7182171492311,1705.3586210479918,20
H1,intraday,price_0.005,structure_regime,post_20240613,143,1191.902530069932,397.50148853925646,2010.056908996829,27
H1,intraday,price_0.005,structure_regime,pre_20240613,33,170.57392424245512,-1534.7945600435255,1837.5476131932069,6
H1,intraday,q_0.5,side,-1,78,-298.3098025640447,-994.3027762784421,271.89552718888723,28
H1,intraday,q_0.5,side,1,98,-202.15774132652854,-782.8588807754351,310.74612670571753,30
H1,intraday,q_0.5,volatility,high,64,-332.43973359376156,-1212.5289749553965,134.99015512642828,20
H1,intraday,q_0.5,volatility,low,112,-194.67393124995124,-695.6584813263864,310.2182859269828,24
H1,intraday,q_0.5,session,10to19,159,-321.99825031443294,-788.1907831412553,128.66516421584427,33
H1,intraday,q_0.5,session,before10,17,477.53520882350284,102.52330294110467,807.830942857178,4
H1,intraday,q_0.5,trend,down,72,-162.7320131944359,-910.3548509920457,338.90451806329037,21
H1,intraday,q_0.5,trend,up,104,-301.5665221153452,-911.9518220922035,176.66170196894458,20
H1,intraday,q_0.5,structure_regime,post_20240613,143,-267.20361993005497,-680.669003632488,97.9285352204161,27
H1,intraday,q_0.5,structure_regime,pre_20240613,33,-147.56077575749762,-1827.8530483332408,692.4640971429405,6
H1,intraday,q_0.75,side,-1,78,397.65889679488055,-220.3941539780901,1283.7824529687462,28
H1,intraday,q_0.75,side,1,98,349.52284030612356,-265.1705144706778,1146.4184475826287,30
H1,intraday,q_0.75,volatility,high,64,882.1570421874957,202.79968926137835,1621.1847408297251,20
H1,intraday,q_0.75,volatility,low,112,78.68376428572375,-388.53792098108585,749.9658793611185,24
H1,intraday,q_0.75,session,10to19,159,354.55784056604244,-154.19871511609665,954.7279278910946,33
H1,intraday,q_0.75,session,before10,17,523.2903323529436,-711.0074499999797,2148.1296899999966,4
H1,intraday,q_0.75,trend,down,72,597.2282597222278,-256.17279903751603,1811.1584583917936,21
H1,intraday,q_0.75,trend,up,104,214.1365153846191,-331.8663469178207,703.505842401042,20
H1,intraday,q_0.75,structure_regime,post_20240613,143,505.51178216782984,-13.383161561471233,1188.9085679059085,27
H1,intraday,q_0.75,structure_regime,pre_20240613,33,-212.6531075757238,-905.153152059103,817.65888472226,6
H1,intraday,q_0.9,side,-1,78,685.9933621794995,-350.4028965192152,2019.109485788763,28
H1,intraday,q_0.9,side,1,98,1313.6395525510216,427.1573596241934,2248.7573221619623,30
H1,intraday,q_0.9,volatility,high,64,2144.5223328124935,1162.1073992745855,3002.2807066757846,20
H1,intraday,q_0.9,volatility,low,112,401.7386526785848,-356.27380657670057,1318.445369889619,24
H1,intraday,q_0.9,session,10to19,159,913.3096512578651,187.2499395439152,1728.0125978291912,33
H1,intraday,q_0.9,session,before10,17,2178.113167647091,429.67090294125256,4342.154157142873,4
H1,intraday,q_0.9,trend,down,72,1620.761079861121,383.91281599609886,3075.4889538551356,21
H1,intraday,q_0.9,trend,up,104,630.2823139423112,-320.0248635205381,1450.3575609257937,20
H1,intraday,q_0.9,structure_regime,post_20240613,143,1340.9964559440589,605.0317872820511,2239.051673196425,27
H1,intraday,q_0.9,structure_regime,pre_20240613,33,-288.43438787876715,-1684.9782609374904,1025.9598455882665,6
H1,intraday,selected_atrD,side,-1,78,114.44086538464298,-762.3489799858199,1250.3422911268622,28
H1,intraday,selected_atrD,side,1,98,590.7985704081633,-78.2091495584044,1419.771536646999,30
H1,intraday,selected_atrD,volatility,high,64,1282.4350710937501,448.94157697350465,2153.1810229158023,20
H1,intraday,selected_atrD,volatility,low,112,-136.17140312498094,-718.5215288084398,578.0125129212212,24
H1,intraday,selected_atrD,session,10to19,159,318.37348427673703,-302.9027139188287,1023.59314424854,33
H1,intraday,selected_atrD,session,before10,17,953.1331411765277,-352.5139357141657,1867.0860950000133,4
H1,intraday,selected_atrD,trend,down,72,336.62520208334286,-571.2504658876718,1606.3341905167397,21
H1,intraday,selected_atrD,trend,up,104,409.49646971155255,-334.0328011106549,1210.997292862102,20
H1,intraday,selected_atrD,structure_regime,post_20240613,143,570.6086692307778,-84.72675915838765,1353.1607182726286,27
H1,intraday,selected_atrD,structure_regime,pre_20240613,33,-447.64825151512304,-1254.8343066666355,653.7336430556029,6
H1,intraday,selected_atrH,side,-1,78,117.4625320512897,-653.114420463977,1152.5837796675314,28
H1,intraday,selected_atrH,side,1,98,296.31900867346843,-354.098838216134,1129.6902118387816,30
H1,intraday,selected_atrH,volatility,high,64,1103.2683703124817,269.7841743653624,1965.3268046913531,20
H1,intraday,selected_atrH,volatility,low,112,-289.35567276784207,-823.8790969909267,427.59584622375354,24
H1,intraday,selected_atrH,session,10to19,159,207.53028710691825,-337.9340848953718,853.9158520453582,33
H1,intraday,selected_atrH,session,before10,17,306.11910000002956,-1655.7766571427487,1679.4461299999741,4
H1,intraday,selected_atrH,trend,down,72,498.3100465277751,-402.00724702288744,1775.5073384641312,21
H1,intraday,selected_atrH,trend,up,104,22.33670192308362,-712.3958772234192,703.8164326536375,20
H1,intraday,selected_atrH,structure_regime,post_20240613,143,404.0689559440526,-230.38061751804628,1227.798074925802,27
H1,intraday,selected_atrH,structure_regime,pre_20240613,33,-593.3491015151218,-1417.0426527777329,552.53706351355,6
H1,intraday,selected_combo,side,-1,78,193.68276858974724,-566.89401952016,1221.8012594159093,28
H1,intraday,selected_combo,side,1,96,293.77211718749464,-385.37438947335767,1119.9617765602422,30
H1,intraday,selected_combo,volatility,high,64,1101.9516874999806,263.2941670833103,1958.1344258686283,20
H1,intraday,selected_combo,volatility,low,110,-247.41389818180892,-796.5979653623851,510.03770841161634,24
H1,intraday,selected_combo,session,10to19,159,224.38007232704297,-347.832435352022,879.4123691428914,33
H1,intraday,selected_combo,session,before10,15,508.86317999999693,-1832.3027199999583,1833.031944999973,4
H1,intraday,selected_combo,trend,down,71,530.0839640845066,-380.0644044242602,1817.4089947618681,21
H1,intraday,selected_combo,trend,up,103,55.08172572815346,-710.9978189257682,756.3311237170417,20
H1,intraday,selected_combo,structure_regime,post_20240613,141,446.0276563829702,-217.65932240000177,1269.8277004424415,27
H1,intraday,selected_combo,structure_regime,pre_20240613,33,-593.3491015151218,-1417.0426527777329,552.53706351355,6
H1,intraday,selected_fixed,side,-1,78,1065.6416948718079,-81.32529930214076,2447.151065940485,28
H1,intraday,selected_fixed,side,1,98,1283.8850627551067,447.29966407894324,2163.7555917450545,30
H1,intraday,selected_fixed,volatility,high,64,2001.4387804687428,1080.3675950506579,2818.830415645137,20
H1,intraday,selected_fixed,volatility,low,112,721.8634500000172,-117.05459120422266,1608.6727946925105,24
H1,intraday,selected_fixed,session,10to19,159,1041.0708295597537,272.07321046040084,1791.1391209650224,33
H1,intraday,selected_fixed,session,before10,17,2553.5603794118006,811.918975000084,3864.5227500000024,4
H1,intraday,selected_fixed,trend,down,72,1539.1862847222255,331.814874315498,2928.92962806596,21
H1,intraday,selected_fixed,trend,up,104,943.4555370192425,-209.6304412297847,1890.4838402660077,20
H1,intraday,selected_fixed,structure_regime,post_20240613,143,1431.709192657345,655.2943764739457,2235.9672849441604,27
H1,intraday,selected_fixed,structure_regime,pre_20240613,33,127.46587272730757,-1650.830458207339,1828.6678516406478,6
H1,intraday,selected_price,side,-1,78,1027.3464621794985,-72.45207084294313,2384.102876569548,28
H1,intraday,selected_price,side,1,98,978.9589515306167,146.05961262413086,1878.9629183471545,30
H1,intraday,selected_price,volatility,high,64,1567.019855468745,549.6685047250082,2459.551541562334,20
H1,intraday,selected_price,volatility,low,112,676.6225941964432,-110.76718065989692,1568.5689876081783,24
H1,intraday,selected_price,session,10to19,159,832.8801371069221,101.99037849949394,1564.4878472072503,33
H1,intraday,selected_price,session,before10,17,2567.238794117688,922.1270300000913,3799.8988318181887,4
H1,intraday,selected_price,trend,down,72,1262.093765972222,46.19605118481039,2720.7264440144263,21
H1,intraday,selected_price,trend,up,104,819.2331745192437,-230.7182171492311,1705.3586210479918,20
H1,intraday,selected_price,structure_regime,post_20240613,143,1191.902530069932,397.50148853925646,2010.056908996829,27
H1,intraday,selected_price,structure_regime,pre_20240613,33,170.57392424245512,-1534.7945600435255,1837.5476131932069,6
H1,intraday,selected_q,side,-1,78,685.9933621794995,-350.4028965192152,2019.109485788763,28
H1,intraday,selected_q,side,1,98,1313.6395525510216,427.1573596241934,2248.7573221619623,30
H1,intraday,selected_q,volatility,high,64,2144.5223328124935,1162.1073992745855,3002.2807066757846,20
H1,intraday,selected_q,volatility,low,112,401.7386526785848,-356.27380657670057,1318.445369889619,24
H1,intraday,selected_q,session,10to19,159,913.3096512578651,187.2499395439152,1728.0125978291912,33
H1,intraday,selected_q,session,before10,17,2178.113167647091,429.67090294125256,4342.154157142873,4
H1,intraday,selected_q,trend,down,72,1620.761079861121,383.91281599609886,3075.4889538551356,21
H1,intraday,selected_q,trend,up,104,630.2823139423112,-320.0248635205381,1450.3575609257937,20
H1,intraday,selected_q,structure_regime,post_20240613,143,1340.9964559440589,605.0317872820511,2239.051673196425,27
H1,intraday,selected_q,structure_regime,pre_20240613,33,-288.43438787876715,-1684.9782609374904,1025.9598455882665,6
H1,two_weeks,atrD_0.025,side,-1,911,104.48912804610708,-3.5393325862204303,209.79257357872248,33
H1,two_weeks,atrD_0.025,side,1,969,99.12799953559764,-4.035992664968328,195.0647949734222,33
H1,two_weeks,atrD_0.025,volatility,high,887,90.50275828635357,15.135342122449787,183.81722421726283,24
H1,two_weeks,atrD_0.025,volatility,low,993,111.75093716012289,-11.851831871994829,237.28124329254925,25
H1,two_weeks,atrD_0.025,session,10to19,1327,150.03757027129004,44.684278906108865,246.4256880898142,33
H1,two_weeks,atrD_0.025,session,after19,539,-24.042084693884668,-226.31485497699722,171.34683099177664,33
H1,two_weeks,atrD_0.025,session,before10,14,364.53250714282956,274.7198125000973,470.1075699999186,3
H1,two_weeks,atrD_0.025,trend,down,1001,107.8916385614382,-19.297461043002276,223.79969289688492,23
H1,two_weeks,atrD_0.025,trend,up,879,94.70431968145394,-9.891104437754576,201.83139605508612,22
H1,two_weeks,atrD_0.025,structure_regime,post_20240613,1588,110.21245610831126,29.432321180850746,184.2616406816333,28
H1,two_weeks,atrD_0.025,structure_regime,pre_20240613,292,55.572763356162305,-239.79739259257443,321.0333255707716,6
H1,two_weeks,atrD_0.05,side,-1,911,194.4379176180055,51.356426998190926,349.35256205263147,33
H1,two_weeks,atrD_0.05,side,1,969,139.9967946852353,33.24141365243563,252.8716137189606,33
H1,two_weeks,atrD_0.05,volatility,high,887,281.1627617812806,96.98891320753833,470.0101205966137,24
H1,two_weeks,atrD_0.05,volatility,low,993,63.84538499496489,3.409923850848439,135.25316333333782,25
H1,two_weeks,atrD_0.05,session,10to19,1327,35.967442125091125,-57.70616790169759,127.68443425439179,33
H1,two_weeks,atrD_0.05,session,after19,539,491.6445860853438,167.58407723468787,848.7790723023563,33
H1,two_weeks,atrD_0.05,session,before10,14,4.614957142838908,-52.21772499991857,95.52974999999932,3
H1,two_weeks,atrD_0.05,trend,down,1001,211.67453491508192,58.98935662492003,371.0184686946604,23
H1,two_weeks,atrD_0.05,trend,up,879,114.79366046643803,-9.309845407522026,256.6406316667095,22
H1,two_weeks,atrD_0.05,structure_regime,post_20240613,1588,180.66771700251545,74.51081043199638,295.9056801042953,28
H1,two_weeks,atrD_0.05,structure_regime,pre_20240613,292,88.66267945206008,-42.09176730157778,224.3398076492473,6
H1,two_weeks,atrD_0.1,side,-1,911,428.00305137212206,42.59248948242804,849.095109918129,33
H1,two_weeks,atrD_0.1,side,1,969,331.58663003095177,131.3136296933637,529.7510378228367,33
H1,two_weeks,atrD_0.1,volatility,high,887,578.695262401344,179.65025882253468,980.9201501205605,24
H1,two_weeks,atrD_0.1,volatility,low,993,199.31070146022466,-20.649167535719407,427.0104709120278,25
H1,two_weeks,atrD_0.1,session,10to19,1327,169.8574201582513,-150.00830003803782,501.28629170865554,33
H1,two_weeks,atrD_0.1,session,after19,539,885.0484451762457,402.0889127161848,1406.4961176780082,33
H1,two_weeks,atrD_0.1,session,before10,14,626.8796999999633,-898.5227249999922,2702.3733199999356,3
H1,two_weeks,atrD_0.1,trend,down,1001,559.5701615884063,217.3406823228546,899.1223503874216,23
H1,two_weeks,atrD_0.1,trend,up,879,171.88679470989823,-140.55450583909496,441.43241588621595,22
H1,two_weeks,atrD_0.1,structure_regime,post_20240613,1588,406.10681545969356,148.74028464641773,664.1406646743031,28
H1,two_weeks,atrD_0.1,structure_regime,pre_20240613,292,227.1253470890478,-254.07819348589672,753.0514666101757,6
H1,two_weeks,atrD_0.25,side,-1,911,358.2093108671827,-50.25586146394225,772.3121615290277,33
H1,two_weeks,atrD_0.25,side,1,969,625.0737857585059,299.80444237346484,960.1152536134534,33
H1,two_weeks,atrD_0.25,volatility,high,887,785.2835167418192,222.53319757840066,1408.6541851313157,24
H1,two_weeks,atrD_0.25,volatility,low,993,237.13867195367774,-70.89499976922995,552.3141380755566,25
H1,two_weeks,atrD_0.25,session,10to19,1327,147.7908303692521,-231.67756390406703,521.7919052325325,33
H1,two_weeks,atrD_0.25,session,after19,539,1362.1680219851532,727.4529317413663,2090.793970284934,33
H1,two_weeks,atrD_0.25,session,before10,14,121.29891785718142,-545.852439999994,753.4995699999785,3
H1,two_weeks,atrD_0.25,trend,down,1001,736.696630119874,294.18437779738764,1177.5240643495545,23
H1,two_weeks,atrD_0.25,trend,up,879,221.37867332195867,-212.15382692182723,585.7174267632579,22
H1,two_weeks,atrD_0.25,structure_regime,post_20240613,1588,493.89489826825826,149.31762012535572,841.847928990825,28
H1,two_weeks,atrD_0.25,structure_regime,pre_20240613,292,505.8906922945258,25.716992769225392,1015.2960128352538,6
H1,two_weeks,atrH_0.1,side,-1,911,121.06301783754277,-15.10556962369738,261.47575744790765,33
H1,two_weeks,atrH_0.1,side,1,969,63.45560067079399,-55.99257584355009,171.24327013314223,33
H1,two_weeks,atrH_0.1,volatility,high,887,91.44278652762051,-27.62215192445207,224.2163735875911,24
H1,two_weeks,atrH_0.1,volatility,low,993,91.30627860020287,-35.129167729725665,204.95312239052848,25
H1,two_weeks,atrH_0.1,session,10to19,1327,80.73041401657761,-35.68705894309514,192.8373876676234,33
H1,two_weeks,atrH_0.1,session,after19,539,109.73654870130443,-88.68581202108409,305.02892233617297,33
H1,two_weeks,atrH_0.1,session,before10,14,392.83051071423193,309.60792999993936,470.1075699999186,3
H1,two_weeks,atrH_0.1,trend,down,1001,108.21870734265907,-32.88579129312895,248.90332089067275,23
H1,two_weeks,atrH_0.1,trend,up,879,72.18425511945286,-38.86545248384674,179.64925471336912,22
H1,two_weeks,atrH_0.1,structure_regime,post_20240613,1588,89.26796379093274,-16.820012210059016,192.35457819745733,28
H1,two_weeks,atrH_0.1,structure_regime,pre_20240613,292,102.80602671232748,-91.26098933862923,314.51120273972515,6
H1,two_weeks,atrH_0.25,side,-1,911,131.29206097694757,-45.61959220623961,333.6454070281282,33
H1,two_weeks,atrH_0.25,side,1,969,213.14841006191494,55.764020874494236,375.6942546355962,33
H1,two_weeks,atrH_0.25,volatility,high,887,337.1337760992083,100.36672826749127,580.1011010819293,24
H1,two_weeks,atrH_0.25,volatility,low,993,27.301326787509545,-77.23681842937377,126.46944427560211,25
H1,two_weeks,atrH_0.25,session,10to19,1327,50.55813134890482,-101.91788243246575,202.07018138753816,33
H1,two_weeks,atrH_0.25,session,after19,539,483.4410038033355,150.04117963714862,844.2644311168199,33
H1,two_weeks,atrH_0.25,session,before10,14,-108.39031785712048,-267.862424999892,-7.2586499999724765,3
H1,two_weeks,atrH_0.25,trend,down,1001,200.67272957042664,48.57716656030546,341.1233284578915,23
H1,two_weeks,atrH_0.25,trend,up,879,142.5193112627961,-97.17568484532462,387.63565545266835,22
H1,two_weeks,atrH_0.25,structure_regime,post_20240613,1588,191.61681057934112,46.079466492034456,345.4731749839702,28
H1,two_weeks,atrH_0.25,structure_regime,pre_20240613,292,74.86432089041452,-118.29297787339881,236.180941616768,6
H1,two_weeks,atrH_0.5,side,-1,911,422.33614418222066,41.055648153294534,837.9607749685073,33
H1,two_weeks,atrH_0.5,side,1,969,390.95365712073743,153.45878428343374,636.8702173032971,33
H1,two_weeks,atrH_0.5,volatility,high,887,626.8468824126226,190.30941828019542,1058.4753430612734,24
H1,two_weeks,atrH_0.5,volatility,low,993,209.03236294058544,-24.314288503134463,452.48806545041816,25
H1,two_weeks,atrH_0.5,session,10to19,1327,98.26950109268957,-224.7339342142129,419.47326379072064,33
H1,two_weeks,atrH_0.5,session,after19,539,1163.6935269016662,587.7174806856956,1833.829881442476,33
H1,two_weeks,atrH_0.5,session,before10,14,424.84872500002217,-1194.6939749998974,2312.971409999966,3
H1,two_weeks,atrH_0.5,trend,down,1001,628.3054077422587,236.87200397957818,988.8587496376172,23
H1,two_weeks,atrH_0.5,trend,up,879,153.18385432309074,-187.02421796660502,455.3514126922742,22
H1,two_weeks,atrH_0.5,structure_regime,post_20240613,1588,375.94132701510955,88.27473569710942,658.8892811582929,28
H1,two_weeks,atrH_0.5,structure_regime,pre_20240613,292,570.5051157534374,202.41142383335304,1019.5889656503592,6
H1,two_weeks,atrH_1,side,-1,911,303.1441172338102,-156.63323913260652,758.6915143016587,33
H1,two_weeks,atrH_1,side,1,969,492.94649984519543,176.79302074686592,804.2699053550289,33
H1,two_weeks,atrH_1,volatility,high,887,630.868990924455,121.26918043627605,1144.934394677365,24
H1,two_weeks,atrH_1,volatility,low,993,195.61798006042685,-83.6797585942934,495.83760992246937,25
H1,two_weeks,atrH_1,session,10to19,1327,113.79135621703122,-255.4587737554645,470.66238154773714,33
H1,two_weeks,atrH_1,session,after19,539,1132.362412523181,503.7178733314972,1819.0117309260797,33
H1,two_weeks,atrH_1,session,before10,14,-536.7872071428216,-2397.171174999821,691.9458399999694,3
H1,two_weeks,atrH_1,trend,down,1001,631.6973607392567,161.59523148600704,1074.6890192186222,23
H1,two_weeks,atrH_1,trend,up,879,138.22570085324176,-242.5316074270272,457.7351031672603,22
H1,two_weeks,atrH_1,structure_regime,post_20240613,1588,363.58035113349723,50.0277817551793,679.2288616072242,28
H1,two_weeks,atrH_1,structure_regime,pre_20240613,292,604.3282587328832,226.48655060975864,1025.745586590042,6
H1,two_weeks,combo_0.25_1,side,-1,910,131.43633796703213,-45.66069333770465,334.24321480673683,33
H1,two_weeks,combo_0.25_1,side,1,968,213.45714147726787,56.0725567689502,375.90417285165563,33
H1,two_weeks,combo_0.25_1,volatility,high,887,337.1337760992083,100.36672826749127,580.1011010819293,24
H1,two_weeks,combo_0.25_1,volatility,low,991,27.442907265385177,-77.2326771369083,126.74822270270637,25
H1,two_weeks,combo_0.25_1,session,10to19,1326,50.59625965308951,-101.9218142099741,202.3726656546093,33
H1,two_weeks,combo_0.25_1,session,after19,539,483.4410038033355,150.04117963714862,844.2644311168199,33
H1,two_weeks,combo_0.25_1,session,before10,13,-110.13544999999613,-328.582033333277,-7.2586499999724765,3
H1,two_weeks,combo_0.25_1,trend,down,1001,200.67272957042664,48.57716656030546,341.1233284578915,23
H1,two_weeks,combo_0.25_1,trend,up,877,142.94205039908493,-97.17630972269691,388.17389955633166,22
H1,two_weeks,combo_0.25_1,structure_regime,post_20240613,1586,191.91248348044988,46.15988524002818,346.4303175451386,28
H1,two_weeks,combo_0.25_1,structure_regime,pre_20240613,292,74.86432089041452,-118.29297787339881,236.180941616768,6
H1,two_weeks,combo_0.5_2,side,-1,910,421.95240818681634,39.57199158172649,838.2357016189911,33
H1,two_weeks,combo_0.5_2,side,1,968,391.34963124999416,153.46669535807612,636.3126910942013,33
H1,two_weeks,combo_0.5_2,volatility,high,887,626.6715484780116,190.11995912138866,1058.2904064436461,24
H1,two_weeks,combo_0.5_2,volatility,low,991,208.82489505550046,-25.17459476682426,452.75652456666614,25
H1,two_weeks,combo_0.5_2,session,10to19,1326,97.64447273755572,-225.65650105258226,419.46382617333285,33
H1,two_weeks,combo_0.5_2,session,after19,539,1163.6935269016662,587.7174806856956,1833.829881442476,33
H1,two_weeks,combo_0.5_2,session,before10,13,468.9040500000056,-1543.6351333332757,2312.971409999966,3
H1,two_weeks,combo_0.5_2,trend,down,1001,628.3054077422587,236.87200397957818,988.8587496376172,23
H1,two_weeks,combo_0.5_2,trend,up,877,152.644722177875,-187.9125483394331,454.7897237049234,22
H1,two_weeks,combo_0.5_2,structure_regime,post_20240613,1586,375.9241114123541,87.99363286442005,659.8895268664179,28
H1,two_weeks,combo_0.5_2,structure_regime,pre_20240613,292,570.5051157534374,202.41142383335304,1019.5889656503592,6
H1,two_weeks,combo_1_2,side,-1,910,302.93853912088025,-157.30693254353685,758.8201105575811,33
H1,two_weeks,combo_1_2,side,1,968,493.73975346073746,177.29396715577397,804.298562385866,33
H1,two_weeks,combo_1_2,volatility,high,887,630.868990924455,121.26918043627605,1144.934394677365,24
H1,two_weeks,combo_1_2,volatility,low,991,195.79551664985195,-85.20986820759471,496.7495846201023,25
H1,two_weeks,combo_1_2,session,10to19,1326,113.50747322775291,-255.4587737554645,470.6075822160915,33
H1,two_weeks,combo_1_2,session,after19,539,1132.362412523181,503.7178733314972,1819.0117309260797,33
H1,two_weeks,combo_1_2,session,before10,13,-556.9306076923111,-3104.5872333332754,691.9458399999694,3
H1,two_weeks,combo_1_2,trend,down,1001,631.6973607392567,161.59523148600704,1074.6890192186222,23
H1,two_weeks,combo_1_2,trend,up,877,138.29543198403522,-243.47206716715922,458.51624005280735,22
H1,two_weeks,combo_1_2,structure_regime,post_20240613,1586,363.9030897856198,50.40702371378588,679.9401659541287,28
H1,two_weeks,combo_1_2,structure_regime,pre_20240613,292,604.3282587328832,226.48655060975864,1025.745586590042,6
H1,two_weeks,fixed_0,side,-1,911,-154.3526879253513,-458.77015026707534,118.07427792422548,33
H1,two_weeks,fixed_0,side,1,969,-84.41824726522718,-333.3806468256449,145.43804310207324,33
H1,two_weeks,fixed_0,volatility,high,887,-218.74176600902254,-529.2511655542829,67.0923383932958,24
H1,two_weeks,fixed_0,volatility,low,993,-28.592783333330527,-265.800795726317,207.81457379315378,25
H1,two_weeks,fixed_0,session,10to19,1327,-14.948209193667433,-200.50942295271915,159.19129536201646,33
H1,two_weeks,fixed_0,session,after19,539,-398.7837723562213,-817.871566096852,-15.576944578034277,33
H1,two_weeks,fixed_0,session,before10,14,883.1533285714132,393.56323999993367,1177.7788299999336,3
H1,two_weeks,fixed_0,trend,down,1001,-358.5104780719349,-596.7183930328945,-125.47449691177404,23
H1,two_weeks,fixed_0,trend,up,879,155.23595932879033,-93.51763834529437,363.2231289561107,22
H1,two_weeks,fixed_0,structure_regime,post_20240613,1588,-124.42332229219345,-342.80421987630035,94.96681831768187,28
H1,two_weeks,fixed_0,structure_regime,pre_20240613,292,-85.04227568492121,-608.6402057894608,337.813294531535,6
H1,two_weeks,fixed_0.01,side,-1,911,-15.66801119647728,-272.0711146146409,229.65371282328474,33
H1,two_weeks,fixed_0.01,side,1,969,8.845172445811745,-226.46541707943553,230.74863659067208,33
H1,two_weeks,fixed_0.01,volatility,high,887,-104.469218320182,-407.74118538244807,192.7217072262703,24
H1,two_weeks,fixed_0.01,volatility,low,993,87.57463298086824,-130.5235484364915,301.23078258051953,25
H1,two_weeks,fixed_0.01,session,10to19,1327,145.2564413715143,-29.29603885683878,311.56150503090544,33
H1,two_weeks,fixed_0.01,session,after19,539,-384.53689897959134,-749.2933833406328,-60.18446568640317,33
H1,two_weeks,fixed_0.01,session,before10,14,629.1074821429316,392.8004600001092,789.3460000001155,3
H1,two_weeks,fixed_0.01,trend,down,1001,-183.8500722277726,-407.51851518892323,42.232299021414754,23
H1,two_weeks,fixed_0.01,trend,up,879,202.87979089874986,-46.70335541089442,422.51547992153996,22
H1,two_weeks,fixed_0.01,structure_regime,post_20240613,1588,-28.149785138540942,-230.44569096918767,177.7714355511295,28
H1,two_weeks,fixed_0.01,structure_regime,pre_20240613,292,133.55915308220497,-394.70726027872655,535.3702324201207,6
H1,two_weeks,fixed_0.03,side,-1,911,106.39160032931126,-24.905459477259946,217.61158398753074,33
H1,two_weeks,fixed_0.03,side,1,969,55.04972394220188,-87.73774816612932,189.9211963051997,33
H1,two_weeks,fixed_0.03,volatility,high,887,-15.992470462236726,-197.2835958532199,165.98570222502102,24
H1,two_weeks,fixed_0.03,volatility,low,993,165.6105253776437,46.13132125211651,283.3803956306887,25
H1,two_weeks,fixed_0.03,session,10to19,1327,142.91530052750414,44.06045686377889,233.85270896147819,33
H1,two_weeks,fixed_0.03,session,after19,539,-81.46733506493754,-345.0000049216613,132.68751590338536,33
H1,two_weeks,fixed_0.03,session,before10,14,323.44429999996686,274.7198125000973,374.57781999991965,3
H1,two_weeks,fixed_0.03,trend,down,1001,74.3055732267692,-113.98840399701454,233.75517777066312,23
H1,two_weeks,fixed_0.03,trend,up,879,86.33225437997751,-51.822364005794576,210.02574350180296,22
H1,two_weeks,fixed_0.03,structure_regime,post_20240613,1588,72.10577515742759,-64.60666866134379,195.35611289397656,28
H1,two_weeks,fixed_0.03,structure_regime,pre_20240613,292,122.47246386986693,-35.39067687297891,319.3281217081989,6
H1,two_weeks,fixed_0.05,side,-1,911,0.0,0.0,0.0,33
H1,two_weeks,fixed_0.05,side,1,969,0.0,0.0,0.0,33
H1,two_weeks,fixed_0.05,volatility,high,887,0.0,0.0,0.0,24
H1,two_weeks,fixed_0.05,volatility,low,993,0.0,0.0,0.0,25
H1,two_weeks,fixed_0.05,session,10to19,1327,0.0,0.0,0.0,33
H1,two_weeks,fixed_0.05,session,after19,539,0.0,0.0,0.0,33
H1,two_weeks,fixed_0.05,session,before10,14,0.0,0.0,0.0,3
H1,two_weeks,fixed_0.05,trend,down,1001,0.0,0.0,0.0,23
H1,two_weeks,fixed_0.05,trend,up,879,0.0,0.0,0.0,22
H1,two_weeks,fixed_0.05,structure_regime,post_20240613,1588,0.0,0.0,0.0,28
H1,two_weeks,fixed_0.05,structure_regime,pre_20240613,292,0.0,0.0,0.0,6
H1,two_weeks,fixed_0.1,side,-1,911,231.56709593853174,17.565515408655166,445.7212655037923,33
H1,two_weeks,fixed_0.1,side,1,969,402.17812105262266,186.03565856000478,614.3548737907196,33
H1,two_weeks,fixed_0.1,volatility,high,887,309.5757850056288,79.95303947219291,538.826938326727,24
H1,two_weeks,fixed_0.1,volatility,low,993,328.37311419939687,74.06578543504922,574.8526674134407,25
H1,two_weeks,fixed_0.1,session,10to19,1327,96.98561529766124,-119.58170087910251,335.9934872371115,33
H1,two_weeks,fixed_0.1,session,after19,539,861.413705194799,422.7504320741776,1316.1920416613934,33
H1,two_weeks,fixed_0.1,session,before10,14,547.5946500000495,-923.4837499999072,2520.3659000000143,3
H1,two_weeks,fixed_0.1,trend,down,1001,393.00021213785703,153.5430092018118,625.5909424385667,23
H1,two_weeks,fixed_0.1,trend,up,879,235.8077489761081,-51.982465634423804,467.41576668333124,22
H1,two_weeks,fixed_0.1,structure_regime,post_20240613,1588,289.6716947103217,107.91851612266252,457.77491172123996,28
H1,two_weeks,fixed_0.1,structure_regime,pre_20240613,292,481.74511130138006,-56.84427802235198,951.705053559336,6
H1,two_weeks,fixed_0.2,side,-1,911,401.175244072448,-45.03532744931338,867.8587682969762,33
H1,two_weeks,fixed_0.2,side,1,969,487.82225103198607,195.0144309810434,788.1469082607233,33
H1,two_weeks,fixed_0.2,volatility,high,887,735.5556320180318,280.03042402726027,1186.668164248848,24
H1,two_weeks,fixed_0.2,volatility,low,993,187.04185599194403,-109.89635788097942,528.1733230373322,25
H1,two_weeks,fixed_0.2,session,10to19,1327,105.85812125094161,-251.12860628150958,482.4698432121413,33
H1,two_weeks,fixed_0.2,session,after19,539,1289.0587052875608,731.2681219782727,1902.742400100891,33
H1,two_weeks,fixed_0.2,session,before10,14,206.71711071427606,-722.1019800000479,940.5114299999568,3
H1,two_weeks,fixed_0.2,trend,down,1001,664.0063874625336,257.3584439044006,1040.1068256988365,23
H1,two_weeks,fixed_0.2,trend,up,879,197.38340699658548,-153.7688685921584,523.6871128526975,22
H1,two_weeks,fixed_0.2,structure_regime,post_20240613,1588,421.62492770780426,117.97544847684686,717.1737212243737,28
H1,two_weeks,fixed_0.2,structure_regime,pre_20240613,292,577.5000801369919,155.36214537367673,1123.5663093498797,6
H1,two_weeks,fixed_0.5,side,-1,911,372.26665856201976,-221.3170711508546,905.7947006937579,33
H1,two_weeks,fixed_0.5,side,1,969,808.9479660474656,349.678408974251,1296.3419518499152,33
H1,two_weeks,fixed_0.5,volatility,high,887,621.1403156144243,-39.59849481870926,1345.1626616567771,24
H1,two_weeks,fixed_0.5,volatility,low,993,576.0866516616312,109.06183702438385,1029.9145598366824,25
H1,two_weeks,fixed_0.5,session,10to19,1327,202.1218340617915,-325.5952900934549,684.470077836591,33
H1,two_weeks,fixed_0.5,session,after19,539,1569.4512785714219,877.9011365892145,2345.8908717996237,33
H1,two_weeks,fixed_0.5,session,before10,14,632.5422928571697,-1074.726712499853,1771.1797399999464,3
H1,two_weeks,fixed_0.5,trend,down,1001,621.7222957542419,88.7161443883178,1150.0552057843204,23
H1,two_weeks,fixed_0.5,trend,up,879,569.580758816835,-60.67737188102969,1048.338729796658,22
H1,two_weeks,fixed_0.5,structure_regime,post_20240613,1588,555.5980275188876,114.17863868885651,983.6974581227503,28
H1,two_weeks,fixed_0.5,structure_regime,pre_20240613,292,824.3693059931533,313.12047423730104,1473.6328507905152,6
H1,two_weeks,price_0.0005,side,-1,911,25.00500828759594,-34.50753974917098,73.18049452264569,33
H1,two_weeks,price_0.0005,side,1,969,57.309512693497794,-6.992694709394061,127.81725349191564,33
H1,two_weeks,price_0.0005,volatility,high,887,41.31011798196028,2.213978767947274,83.22996336179867,24
H1,two_weeks,price_0.0005,volatility,low,993,41.964154783484894,-23.219874993765373,109.0975082812223,25
H1,two_weeks,price_0.0005,session,10to19,1327,40.46201785983544,-15.332770742092888,94.31928232525493,33
H1,two_weeks,price_0.0005,session,after19,539,43.479482931349395,-41.985598029214984,151.14439026301903,33
H1,two_weeks,price_0.0005,session,before10,14,84.56723928573736,0.0,141.25852000006526,3
H1,two_weeks,price_0.0005,trend,down,1001,23.144264485512288,-41.79023022374719,86.25713385056345,23
H1,two_weeks,price_0.0005,trend,up,879,62.73614516496185,12.960897604006567,125.37717833717176,22
H1,two_weeks,price_0.0005,structure_regime,post_20240613,1588,49.31516394836226,0.6480909483546846,94.76691938327849,28
H1,two_weeks,price_0.0005,structure_regime,pre_20240613,292,0.0,0.0,0.0,6
H1,two_weeks,price_0.001,side,-1,911,115.16305570801897,-84.38445510456755,327.9933597838775,33
H1,two_weeks,price_0.001,side,1,969,383.5229740454017,197.99915066019568,560.9731669855871,33
H1,two_weeks,price_0.001,volatility,high,887,251.93772874859096,39.86326877474307,457.375988463981,24
H1,two_weeks,price_0.001,volatility,low,993,254.86257824773355,32.634050961265075,476.6592414465508,25
H1,two_weeks,price_0.001,session,10to19,1327,114.29356537302027,-82.21671662287233,318.26143443935433,33
H1,two_weeks,price_0.001,session,after19,539,581.4439827458289,224.39795554447173,969.5523121485545,33
H1,two_weeks,price_0.001,session,before10,14,820.1026892857045,-824.5123749999225,2965.704769999937,3
H1,two_weeks,price_0.001,trend,down,1001,293.84002852147864,77.91650421170543,511.8940299266597,23
H1,two_weeks,price_0.001,trend,up,879,207.52381916951023,-51.165023895904,430.15524728233754,22
H1,two_weeks,price_0.001,structure_regime,post_20240613,1588,207.4801365869,57.45840047650867,354.6115219597634,28
H1,two_weeks,price_0.001,structure_regime,pre_20240613,292,503.66044075343285,-45.2493952177875,970.1939566978184,6
H1,two_weeks,price_0.002,side,-1,911,407.7089021953921,-6.421799506305074,847.4453165290041,33
H1,two_weeks,price_0.002,side,1,969,320.1912227038142,81.79522972634643,575.2172370781383,33
H1,two_weeks,price_0.002,volatility,high,887,609.7616229988708,216.32351930619672,1013.6357765868734,24
H1,two_weeks,price_0.002,volatility,low,993,141.822301208459,-135.2268111220027,423.7692661086388,25
H1,two_weeks,price_0.002,session,10to19,1327,73.17081036171855,-270.7014190271503,429.03288559545143,33
H1,two_weeks,price_0.002,session,after19,539,1069.9955951762472,545.3323702069931,1635.343010236699,33
H1,two_weeks,price_0.002,session,before10,14,561.6295392857365,-614.4647900000022,1576.5347199999617,3
H1,two_weeks,price_0.002,trend,down,1001,532.3634732767233,177.29415259538115,864.4624718155553,23
H1,two_weeks,price_0.002,trend,up,879,169.27448003412746,-133.05325480046375,437.6173348230042,22
H1,two_weeks,price_0.002,structure_regime,post_20240613,1588,320.65063246221433,75.69573149928443,563.4029702358481,28
H1,two_weeks,price_0.002,structure_regime,pre_20240613,292,590.7359601027457,47.01603663214005,1203.7120017241443,6
H1,two_weeks,price_0.005,side,-1,911,352.11694055982485,-166.64082852915766,831.929518594205,33
H1,two_weeks,price_0.005,side,1,969,724.5074154282704,331.8399297046275,1098.0793804721043,33
H1,two_weeks,price_0.005,volatility,high,887,646.3931125140865,26.808620557747986,1256.7896442976637,24
H1,two_weeks,price_0.005,volatility,low,993,452.64403585095613,46.950910062974195,839.1572261717324,25
H1,two_weeks,price_0.005,session,10to19,1327,157.90400365485968,-333.81337302581534,589.5125312913497,33
H1,two_weeks,price_0.005,session,after19,539,1513.2150673469291,841.5870304857602,2269.8268736719647,33
H1,two_weeks,price_0.005,session,before10,14,-166.80826785708334,-1051.6708399999777,1196.245450000012,3
H1,two_weeks,price_0.005,trend,down,1001,595.8240467032934,90.46042069261195,1086.2782780806112,23
H1,two_weeks,price_0.005,trend,up,879,485.1039222411806,-74.48486388802404,903.2069240534753,22
H1,two_weeks,price_0.005,structure_regime,post_20240613,1588,509.70911240553784,124.29423198590767,891.9824852742497,28
H1,two_weeks,price_0.005,structure_regime,pre_20240613,292,730.8498215753434,332.1231778048985,1361.8807678082128,6
H1,two_weeks,q_0.5,side,-1,911,439.8823018660869,16.685422107725188,884.8112442876194,33
H1,two_weeks,q_0.5,side,1,969,431.2003578431314,131.70101896402113,738.957052741187,33
H1,two_weeks,q_0.5,volatility,high,887,599.6950865276158,145.4464369903771,1053.4548770523904,24
H1,two_weeks,q_0.5,volatility,low,993,288.65698086606676,11.551042634641938,580.6324406738737,25
H1,two_weeks,q_0.5,session,10to19,1327,167.61253560663442,-198.025916539306,505.5520197698675,33
H1,two_weeks,q_0.5,session,after19,539,1113.3107715213282,511.8144728217578,1776.141526961182,33
H1,two_weeks,q_0.5,session,before10,14,-280.74406071429314,-1960.7033999999492,1328.4756299999783,3
H1,two_weeks,q_0.5,trend,down,1001,688.9091466533432,289.78994265467026,1035.4941660999395,23
H1,two_weeks,q_0.5,trend,up,879,146.72112394767117,-236.5000038562815,475.92343628041465,22
H1,two_weeks,q_0.5,structure_regime,post_20240613,1588,374.3892716624668,70.88873262635896,664.7272139024032,28
H1,two_weeks,q_0.5,structure_regime,pre_20240613,292,767.2457546232957,432.092881833919,1115.132572202112,6
H1,two_weeks,q_0.75,side,-1,911,-29.009430790338474,-756.1645435643443,644.7865369596514,33
H1,two_weeks,q_0.75,side,1,969,872.9158156346671,110.9820390256493,1597.8545941697132,33
H1,two_weeks,q_0.75,volatility,high,887,293.81964706876283,-451.2705182878364,1117.3383616873962,24
H1,two_weeks,q_0.75,volatility,low,993,562.7490503021162,-37.69538623514987,1159.805288194794,25
H1,two_weeks,q_0.75,session,10to19,1327,-109.87672279578118,-715.4971349410162,472.5398620248629,33
H1,two_weeks,q_0.75,session,after19,539,1767.3403755101956,978.7651070891527,2557.388057450146,33
H1,two_weeks,q_0.75,session,before10,14,902.6987607143097,-2225.3810999998523,5849.538609999958,3
H1,two_weeks,q_0.75,trend,down,1001,547.7630219780185,23.51820182139918,1098.415365810357,23
H1,two_weeks,q_0.75,trend,up,879,308.4380533560836,-591.3913919147427,1015.2865105458279,22
H1,two_weeks,q_0.75,structure_regime,post_20240613,1588,312.58384077455526,-248.93278066107277,834.5105777749144,28
H1,two_weeks,q_0.75,structure_regime,pre_20240613,292,1106.317447773974,590.7968069486426,2010.99900684932,6
H1,two_weeks,q_0.9,side,-1,911,-360.2206940175605,-1342.0104548360318,493.3357618624025,33
H1,two_weeks,q_0.9,side,1,969,1125.724418059847,151.02480228328608,2055.6397654471352,33
H1,two_weeks,q_0.9,volatility,high,887,367.3042698421559,-497.78118217051673,1288.8427345907794,24
H1,two_weeks,q_0.9,volatility,low,993,439.94664803625545,-220.19324920544867,1094.9114701128983,25
H1,two_weeks,q_0.9,session,10to19,1327,-164.43345128108587,-821.2873114238954,475.6937462948509,33
H1,two_weeks,q_0.9,session,after19,539,1799.7043912801385,967.5964023409185,2658.7407828273163,33
H1,two_weeks,q_0.9,session,before10,14,773.4594142857504,-3132.8892600000167,5378.283799999961,3
H1,two_weeks,q_0.9,trend,down,1001,547.5099195804162,-46.281066306548205,1203.3802260400037,23
H1,two_weeks,q_0.9,trend,up,879,244.15071598406985,-683.6049811168734,1017.7416913352731,22
H1,two_weeks,q_0.9,structure_regime,post_20240613,1588,270.1891599496182,-342.8366667095062,874.6000772197041,28
H1,two_weeks,q_0.9,structure_regime,pre_20240613,292,1142.484667294522,589.7016658805118,1800.728228538817,6
H1,two_weeks,selected_atrD,side,-1,911,358.2093108671827,-50.25586146394225,772.3121615290277,33
H1,two_weeks,selected_atrD,side,1,969,625.0737857585059,299.80444237346484,960.1152536134534,33
H1,two_weeks,selected_atrD,volatility,high,887,785.2835167418192,222.53319757840066,1408.6541851313157,24
H1,two_weeks,selected_atrD,volatility,low,993,237.13867195367774,-70.89499976922995,552.3141380755566,25
H1,two_weeks,selected_atrD,session,10to19,1327,147.7908303692521,-231.67756390406703,521.7919052325325,33
H1,two_weeks,selected_atrD,session,after19,539,1362.1680219851532,727.4529317413663,2090.793970284934,33
H1,two_weeks,selected_atrD,session,before10,14,121.29891785718142,-545.852439999994,753.4995699999785,3
H1,two_weeks,selected_atrD,trend,down,1001,736.696630119874,294.18437779738764,1177.5240643495545,23
H1,two_weeks,selected_atrD,trend,up,879,221.37867332195867,-212.15382692182723,585.7174267632579,22
H1,two_weeks,selected_atrD,structure_regime,post_20240613,1588,493.89489826825826,149.31762012535572,841.847928990825,28
H1,two_weeks,selected_atrD,structure_regime,pre_20240613,292,505.8906922945258,25.716992769225392,1015.2960128352538,6
H1,two_weeks,selected_atrH,side,-1,911,303.1441172338102,-156.63323913260652,758.6915143016587,33
H1,two_weeks,selected_atrH,side,1,969,492.94649984519543,176.79302074686592,804.2699053550289,33
H1,two_weeks,selected_atrH,volatility,high,887,630.868990924455,121.26918043627605,1144.934394677365,24
H1,two_weeks,selected_atrH,volatility,low,993,195.61798006042685,-83.6797585942934,495.83760992246937,25
H1,two_weeks,selected_atrH,session,10to19,1327,113.79135621703122,-255.4587737554645,470.66238154773714,33
H1,two_weeks,selected_atrH,session,after19,539,1132.362412523181,503.7178733314972,1819.0117309260797,33
H1,two_weeks,selected_atrH,session,before10,14,-536.7872071428216,-2397.171174999821,691.9458399999694,3
H1,two_weeks,selected_atrH,trend,down,1001,631.6973607392567,161.59523148600704,1074.6890192186222,23
H1,two_weeks,selected_atrH,trend,up,879,138.22570085324176,-242.5316074270272,457.7351031672603,22
H1,two_weeks,selected_atrH,structure_regime,post_20240613,1588,363.58035113349723,50.0277817551793,679.2288616072242,28
H1,two_weeks,selected_atrH,structure_regime,pre_20240613,292,604.3282587328832,226.48655060975864,1025.745586590042,6
H1,two_weeks,selected_combo,side,-1,910,302.93853912088025,-157.30693254353685,758.8201105575811,33
H1,two_weeks,selected_combo,side,1,968,493.73975346073746,177.29396715577397,804.298562385866,33
H1,two_weeks,selected_combo,volatility,high,887,630.868990924455,121.26918043627605,1144.934394677365,24
H1,two_weeks,selected_combo,volatility,low,991,195.79551664985195,-85.20986820759471,496.7495846201023,25
H1,two_weeks,selected_combo,session,10to19,1326,113.50747322775291,-255.4587737554645,470.6075822160915,33
H1,two_weeks,selected_combo,session,after19,539,1132.362412523181,503.7178733314972,1819.0117309260797,33
H1,two_weeks,selected_combo,session,before10,13,-556.9306076923111,-3104.5872333332754,691.9458399999694,3
H1,two_weeks,selected_combo,trend,down,1001,631.6973607392567,161.59523148600704,1074.6890192186222,23
H1,two_weeks,selected_combo,trend,up,877,138.29543198403522,-243.47206716715922,458.51624005280735,22
H1,two_weeks,selected_combo,structure_regime,post_20240613,1586,363.9030897856198,50.40702371378588,679.9401659541287,28
H1,two_weeks,selected_combo,structure_regime,pre_20240613,292,604.3282587328832,226.48655060975864,1025.745586590042,6
H1,two_weeks,selected_fixed,side,-1,911,372.26665856201976,-221.3170711508546,905.7947006937579,33
H1,two_weeks,selected_fixed,side,1,969,808.9479660474656,349.678408974251,1296.3419518499152,33
H1,two_weeks,selected_fixed,volatility,high,887,621.1403156144243,-39.59849481870926,1345.1626616567771,24
H1,two_weeks,selected_fixed,volatility,low,993,576.0866516616312,109.06183702438385,1029.9145598366824,25
H1,two_weeks,selected_fixed,session,10to19,1327,202.1218340617915,-325.5952900934549,684.470077836591,33
H1,two_weeks,selected_fixed,session,after19,539,1569.4512785714219,877.9011365892145,2345.8908717996237,33
H1,two_weeks,selected_fixed,session,before10,14,632.5422928571697,-1074.726712499853,1771.1797399999464,3
H1,two_weeks,selected_fixed,trend,down,1001,621.7222957542419,88.7161443883178,1150.0552057843204,23
H1,two_weeks,selected_fixed,trend,up,879,569.580758816835,-60.67737188102969,1048.338729796658,22
H1,two_weeks,selected_fixed,structure_regime,post_20240613,1588,555.5980275188876,114.17863868885651,983.6974581227503,28
H1,two_weeks,selected_fixed,structure_regime,pre_20240613,292,824.3693059931533,313.12047423730104,1473.6328507905152,6
H1,two_weeks,selected_price,side,-1,911,352.11694055982485,-166.64082852915766,831.929518594205,33
H1,two_weeks,selected_price,side,1,969,724.5074154282704,331.8399297046275,1098.0793804721043,33
H1,two_weeks,selected_price,volatility,high,887,646.3931125140865,26.808620557747986,1256.7896442976637,24
H1,two_weeks,selected_price,volatility,low,993,452.64403585095613,46.950910062974195,839.1572261717324,25
H1,two_weeks,selected_price,session,10to19,1327,157.90400365485968,-333.81337302581534,589.5125312913497,33
H1,two_weeks,selected_price,session,after19,539,1513.2150673469291,841.5870304857602,2269.8268736719647,33
H1,two_weeks,selected_price,session,before10,14,-166.80826785708334,-1051.6708399999777,1196.245450000012,3
H1,two_weeks,selected_price,trend,down,1001,595.8240467032934,90.46042069261195,1086.2782780806112,23
H1,two_weeks,selected_price,trend,up,879,485.1039222411806,-74.48486388802404,903.2069240534753,22
H1,two_weeks,selected_price,structure_regime,post_20240613,1588,509.70911240553784,124.29423198590767,891.9824852742497,28
H1,two_weeks,selected_price,structure_regime,pre_20240613,292,730.8498215753434,332.1231778048985,1361.8807678082128,6
H1,two_weeks,selected_q,side,-1,911,-360.2206940175605,-1342.0104548360318,493.3357618624025,33
H1,two_weeks,selected_q,side,1,969,1125.724418059847,151.02480228328608,2055.6397654471352,33
H1,two_weeks,selected_q,volatility,high,887,367.3042698421559,-497.78118217051673,1288.8427345907794,24
H1,two_weeks,selected_q,volatility,low,993,439.94664803625545,-220.19324920544867,1094.9114701128983,25
H1,two_weeks,selected_q,session,10to19,1327,-164.43345128108587,-821.2873114238954,475.6937462948509,33
H1,two_weeks,selected_q,session,after19,539,1799.7043912801385,967.5964023409185,2658.7407828273163,33
H1,two_weeks,selected_q,session,before10,14,773.4594142857504,-3132.8892600000167,5378.283799999961,3
H1,two_weeks,selected_q,trend,down,1001,547.5099195804162,-46.281066306548205,1203.3802260400037,23
H1,two_weeks,selected_q,trend,up,879,244.15071598406985,-683.6049811168734,1017.7416913352731,22
H1,two_weeks,selected_q,structure_regime,post_20240613,1588,270.1891599496182,-342.8366667095062,874.6000772197041,28
H1,two_weeks,selected_q,structure_regime,pre_20240613,292,1142.484667294522,589.7016658805118,1800.728228538817,6
H1,week,atrD_0.025,side,-1,947,78.20839028511614,-44.22489775699229,193.4127177846166,33
H1,week,atrD_0.025,side,1,1008,100.6675185515807,2.340406594590609,191.5781710842481,33
H1,week,atrD_0.025,volatility,high,926,86.4432900647901,14.396084091084203,174.3291900421893,24
H1,week,atrD_0.025,volatility,low,1029,92.79855947522127,-46.56413802748695,232.21340128164758,25
H1,week,atrD_0.025,session,10to19,1373,146.64183590677519,45.8270901328798,242.08816709427862,33
H1,week,atrD_0.025,session,after19,567,-54.46316384480361,-267.61224935415277,161.38999416161536,33
H1,week,atrD_0.025,session,before10,15,338.505166666643,214.60033000008406,470.1075699999186,3
H1,week,atrD_0.025,trend,down,1044,79.97331484674363,-51.11977895979116,198.67842369837587,24
H1,week,atrD_0.025,trend,up,911,101.03629374313718,8.485837313487085,194.84171248087867,23
H1,week,atrD_0.025,structure_regime,post_20240613,1663,93.03348238123802,-0.9254253558229519,174.74421310076167,28
H1,week,atrD_0.025,structure_regime,pre_20240613,292,71.30658595890236,-225.19068814640366,317.9996575892782,6
H1,week,atrD_0.05,side,-1,947,160.8947926082409,27.617352869120634,306.01756146251637,33
H1,week,atrD_0.05,side,1,1008,130.9159249999932,24.11885466094718,242.30389116664395,33
H1,week,atrD_0.05,volatility,high,926,242.91034103671257,61.05997770288757,422.6697745349251,24
H1,week,atrD_0.05,volatility,low,1029,57.72171545189647,-1.735176994427155,128.88248350804415,25
H1,week,atrD_0.05,session,10to19,1373,15.966079024032247,-68.32463339871514,96.5740854919543,33
H1,week,atrD_0.05,session,after19,567,462.9585959435645,152.33041911295703,807.7616343303811,33
H1,week,atrD_0.05,session,before10,15,-5.888626666675191,-72.36193999990937,95.52974999999932,3
H1,week,atrD_0.05,trend,down,1044,183.0508459291175,44.84109466458557,338.3563095474665,24
H1,week,atrD_0.05,trend,up,911,102.33319193194141,-29.24238701860745,244.23531814905127,23
H1,week,atrD_0.05,structure_regime,post_20240613,1663,155.47271112447132,53.18377234402591,271.8033680225808,28
H1,week,atrD_0.05,structure_regime,pre_20240613,292,88.28596712329275,-42.09176730157778,223.53476048519147,6
H1,week,atrD_0.1,side,-1,947,365.90503505808215,-16.87453143438024,787.8095482698328,33
H1,week,atrD_0.1,side,1,1008,305.2983594245948,118.6759547270031,492.51434013140175,33
H1,week,atrD_0.1,volatility,high,926,500.2753550215894,119.55299814861772,890.5259379495402,24
H1,week,atrD_0.1,volatility,low,1029,185.61500072886633,-22.669092326916875,404.0649691076739,25
H1,week,atrD_0.1,session,10to19,1373,133.17417123088106,-166.1852851617292,448.99297281588537,33
H1,week,atrD_0.1,session,after19,567,816.4293171075773,374.54367282872147,1289.9191200995886,33
H1,week,atrD_0.1,session,before10,15,565.9503066666307,-776.2304199999994,2702.3733199999356,3
H1,week,atrD_0.1,trend,down,1044,506.9572441570835,156.842971009968,840.453191398738,24
H1,week,atrD_0.1,trend,up,911,137.20027618002229,-169.59406731289357,409.3187162349086,23
H1,week,atrD_0.1,structure_regime,post_20240613,1663,353.76892408297863,108.25395120929922,599.6154760034593,28
H1,week,atrD_0.1,structure_regime,pre_20240613,292,225.80511558219837,-257.36217024646027,751.7446611864467,6
H1,week,atrD_0.25,side,-1,947,225.366864149952,-180.39183099430917,636.3894838966226,33
H1,week,atrD_0.25,side,1,1008,660.0367785218174,355.0314902133238,985.4687923795989,33
H1,week,atrD_0.25,volatility,high,926,758.4999615010729,201.51614069366698,1375.2648909069308,24
H1,week,atrD_0.25,volatility,low,1029,171.39798712342346,-105.09413662951567,444.9703631883892,25
H1,week,atrD_0.25,session,10to19,1373,81.74350487982359,-291.14382402199607,443.1933190365172,33
H1,week,atrD_0.25,session,after19,567,1349.3652029100492,784.0708051387504,1983.5850881979286,33
H1,week,atrD_0.25,session,before10,15,94.37272333337933,-545.852439999994,753.4995699999785,3
H1,week,atrD_0.25,trend,down,1044,679.9628869731748,259.13102415475925,1107.3100388685243,24
H1,week,atrD_0.25,trend,up,911,185.35481789242792,-250.7093129403789,543.8059627814356,23
H1,week,atrD_0.25,structure_regime,post_20240613,1663,467.774586800959,145.47456826781527,793.7172325105024,28
H1,week,atrD_0.25,structure_regime,pre_20240613,292,345.3094357876767,-40.32615193777385,702.3034566101679,6
H1,week,atrH_0.1,side,-1,947,98.18652909187202,-47.02291174019419,243.3995007621247,33
H1,week,atrH_0.1,side,1,1008,73.78074429563378,-33.49550199632631,173.77773601931455,33
H1,week,atrH_0.1,volatility,high,926,95.44122343412458,-14.636715785183116,222.56948018918757,24
H1,week,atrH_0.1,volatility,low,1029,76.74932983479327,-60.02445066788297,202.0566125684859,25
H1,week,atrH_0.1,session,10to19,1373,83.40140826656868,-30.078367772838643,193.48534741244188,33
H1,week,atrH_0.1,session,after19,567,83.54453298060595,-138.39479442099346,297.09934417886416,33
H1,week,atrH_0.1,session,before10,15,364.91663666661856,309.60792999993936,470.1075699999186,3
H1,week,atrH_0.1,trend,down,1044,83.7019841954045,-62.70641379556506,230.99105616287198,24
H1,week,atrH_0.1,trend,up,911,87.78129725576217,-1.044137564002866,181.14653378004553,23
H1,week,atrH_0.1,structure_regime,post_20240613,1663,79.75345598316417,-34.5852772756094,186.26760028736638,28
H1,week,atrH_0.1,structure_regime,pre_20240613,292,118.91656164383431,-71.74556181505588,311.5154625746607,6
H1,week,atrH_0.25,side,-1,947,122.49026726504741,-52.146011495743245,320.69336865352017,33
H1,week,atrH_0.25,side,1,1008,174.92942723213827,31.486445968501435,320.37014199384,33
H1,week,atrH_0.25,volatility,high,926,290.9237214362825,62.47834050608008,522.0990097661603,24
H1,week,atrH_0.25,volatility,low,1029,22.285500194361205,-77.2106275498127,116.2185610839001,25
H1,week,atrH_0.25,session,10to19,1373,29.05586274581004,-114.60102559331509,171.33795281943677,33
H1,week,atrH_0.25,session,after19,567,448.1549373015831,125.9341196481777,790.1724341823327,33
H1,week,atrH_0.25,session,before10,15,-111.36021666663729,-244.87769999988814,-7.2586499999724765,3
H1,week,atrH_0.25,trend,down,1044,174.9528410919518,25.276830093186103,324.653591283527,24
H1,week,atrH_0.25,trend,up,911,120.39119610318065,-103.3495762452309,367.14246940416126,23
H1,week,atrH_0.25,structure_regime,post_20240613,1663,163.08901554419378,25.65554718192113,310.53341285010083,28
H1,week,atrH_0.25,structure_regime,pre_20240613,292,72.29490719178423,-128.2368113965693,237.27304101796562,6
H1,week,atrH_0.5,side,-1,947,320.6437187434037,-48.01514339043176,731.506085239623,33
H1,week,atrH_0.5,side,1,1008,318.2390412202321,86.45937272791687,561.6638080341039,33
H1,week,atrH_0.5,volatility,high,926,522.0127543736457,102.29947652603275,934.4064607758403,24
H1,week,atrH_0.5,volatility,low,1029,137.07555359572535,-99.62611441836488,377.49441742489586,25
H1,week,atrH_0.5,session,10to19,1373,6.791477021120865,-307.82962627390435,324.8758150286848,33
H1,week,atrH_0.5,session,after19,567,1074.8660252204552,564.6288993976652,1673.5992487123794,33
H1,week,atrH_0.5,session,before10,15,377.3880633333522,-1013.1674199999234,2312.971409999966,3
H1,week,atrH_0.5,trend,down,1044,510.78704573754874,140.8204908914787,874.5069986146622,24
H1,week,atrH_0.5,trend,up,911,100.07999939626394,-239.0345546013573,419.87367932917346,23
H1,week,atrH_0.5,structure_regime,post_20240613,1663,296.8314446181562,24.08454019823093,573.7483981461038,28
H1,week,atrH_0.5,structure_regime,pre_20240613,292,447.95843424658796,92.98415244497586,819.7994994827726,6
H1,week,atrH_1,side,-1,947,184.78169202745792,-256.9700919402429,646.887223444741,33
H1,week,atrH_1,side,1,1008,509.4417567460259,213.21553641661862,807.0489293655631,33
H1,week,atrH_1,volatility,high,926,603.5048313714814,105.82603171783757,1103.8721605354735,24
H1,week,atrH_1,volatility,low,1029,126.00590796890648,-143.61702941472745,393.7949344366077,25
H1,week,atrH_1,session,10to19,1373,56.31231329206186,-305.3768239539732,397.05987220815075,33
H1,week,atrH_1,session,after19,567,1091.3355338624256,526.4903266580927,1699.9557891960892,33
H1,week,atrH_1,session,before10,15,-506.56671333329956,-1934.432899999855,691.9458399999694,3
H1,week,atrH_1,trend,down,1044,581.9325339559356,149.05484881005302,998.1357952458862,24
H1,week,atrH_1,trend,up,911,88.87814237102076,-301.9320017752381,417.61902398811804,23
H1,week,atrH_1,structure_regime,post_20240613,1663,332.6076828322276,37.60488767268151,630.0092553212525,28
H1,week,atrH_1,structure_regime,pre_20240613,292,463.6266321917881,148.2076601587357,742.5918219596014,6
H1,week,combo_0.25_1,side,-1,946,122.61974957716691,-52.146011495743245,321.0373782082796,33
H1,week,combo_0.25_1,side,1,1007,175.18824851042214,31.717393210210275,321.12088132469734,33
H1,week,combo_0.25_1,volatility,high,926,290.9237214362825,62.47834050608008,522.0990097661603,24
H1,week,combo_0.25_1,volatility,low,1027,22.412349853941006,-77.28974104029936,116.50646007888139,25
H1,week,combo_0.25_1,session,10to19,1372,29.07704048833615,-114.77400755029625,171.575256503421,33
H1,week,combo_0.25_1,session,after19,567,448.1549373015831,125.9341196481777,790.1724341823327,33
H1,week,combo_0.25_1,session,before10,14,-113.19283214284444,-284.6712249999259,-7.2586499999724765,3
H1,week,combo_0.25_1,trend,down,1044,174.9528410919518,25.276830093186103,324.653591283527,24
H1,week,combo_0.25_1,trend,up,909,120.75036661165818,-103.3709925801913,368.292098091188,23
H1,week,combo_0.25_1,structure_regime,post_20240613,1661,163.33698762793134,25.674480380079974,311.0693128352145,28
H1,week,combo_0.25_1,structure_regime,pre_20240613,292,72.29490719178423,-128.2368113965693,237.27304101796562,6
H1,week,combo_0.5_2,side,-1,946,320.16708853065876,-48.86123338816174,731.5042529953465,33
H1,week,combo_0.5_2,side,1,1007,318.54747055610096,86.15458243645958,561.5005212158376,33
H1,week,combo_0.5_2,volatility,high,926,521.8448049136026,102.12558527603278,934.1196993377778,24
H1,week,combo_0.5_2,volatility,low,1027,136.7352280915297,-100.49411124306627,377.72668141385725,25
H1,week,combo_0.5_2,session,10to19,1372,6.1207294825064,-307.82962627390435,324.19080708835276,33
H1,week,combo_0.5_2,session,after19,567,1074.8660252204552,564.6288993976652,1673.5992487123794,33
H1,week,combo_0.5_2,session,before10,14,414.9065321428604,-1229.4916499999636,2312.971409999966,3
H1,week,combo_0.5_2,trend,down,1044,510.78704573754874,140.8204908914787,874.5069986146622,24
H1,week,combo_0.5_2,trend,up,909,99.4430064356392,-239.5530385701027,420.1579080729669,23
H1,week,combo_0.5_2,structure_regime,post_20240613,1661,296.7197506321453,24.06802457933396,573.585103383236,28
H1,week,combo_0.5_2,structure_regime,pre_20240613,292,447.95843424658796,92.98415244497586,819.7994994827726,6
H1,week,combo_1_2,side,-1,946,184.4588183403833,-256.9700919402429,647.0532140816937,33
H1,week,combo_1_2,side,1,1007,510.2206691161803,213.21553641661862,808.0741268610104,33
H1,week,combo_1_2,volatility,high,926,603.5048313714814,105.82603171783757,1103.8721605354735,24
H1,week,combo_1_2,volatility,low,1027,126.04165735151331,-145.50167655668142,394.7111757735818,25
H1,week,combo_1_2,session,10to19,1372,55.99605389941753,-305.9509214390715,397.0582574776411,33
H1,week,combo_1_2,session,after19,567,1091.3355338624256,526.4903266580927,1699.9557891960892,33
H1,week,combo_1_2,session,before10,14,-523.1126928571455,-2349.3103749999545,691.9458399999694,3
H1,week,combo_1_2,trend,down,1044,581.9325339559356,149.05484881005302,998.1357952458862,24
H1,week,combo_1_2,trend,up,909,88.83684323432266,-301.9821107266884,418.4348364237597,23
H1,week,combo_1_2,structure_regime,post_20240613,1661,332.87855469596263,37.792217118287084,630.035827019945,28
H1,week,combo_1_2,structure_regime,pre_20240613,292,463.6266321917881,148.2076601587357,742.5918219596014,6
H1,week,fixed_0,side,-1,947,-189.76708611403689,-469.2594010613225,76.28075643979626,33
H1,week,fixed_0,side,1,1008,-109.75541349206853,-351.4137813632728,119.72158871391555,33
H1,week,fixed_0,volatility,high,926,-217.36468012959338,-499.63784703904605,47.964008777410754,24
H1,week,fixed_0,volatility,low,1029,-86.55315213799277,-322.33962328410905,161.06439812505863,25
H1,week,fixed_0,session,10to19,1373,-63.684142425343204,-249.84457405504298,120.24205055967761,33
H1,week,fixed_0,session,after19,567,-379.2891555555583,-788.4033408840943,-26.9766366322018,33
H1,week,fixed_0,session,before10,15,810.1594266666472,393.56323999993367,1177.7788299999336,3
H1,week,fixed_0,trend,down,1044,-398.18966920498576,-637.6492282351269,-163.185726984162,24
H1,week,fixed_0,trend,up,911,137.61484884742825,-85.97298382378067,334.1015781472719,23
H1,week,fixed_0,structure_regime,post_20240613,1663,-162.28792486470294,-367.36477532232783,48.69883200579984,28
H1,week,fixed_0,structure_regime,pre_20240613,292,-70.06187773971578,-594.301909999989,348.54536322192155,6
H1,week,fixed_0.01,side,-1,947,-33.21787238647356,-269.5258404343747,204.02383670836005,33
H1,week,fixed_0.01,side,1,1008,5.164354117054862,-226.1750846920832,223.14304777178518,33
H1,week,fixed_0.01,volatility,high,926,-87.87926630669703,-360.6096347499569,179.1598659278315,24
H1,week,fixed_0.01,volatility,low,1029,53.57098581146963,-167.30444944293268,274.3995357736445,25
H1,week,fixed_0.01,session,10to19,1373,127.47938288419473,-39.35890465459451,289.54193575882255,33
H1,week,fixed_0.01,session,after19,567,-370.29900749559044,-710.4671110514454,-65.73852180897308,33
H1,week,fixed_0.01,session,before10,15,578.5792233334141,392.8004600001092,737.2236900000069,3
H1,week,fixed_0.01,trend,down,1044,-200.62613055555542,-429.82337748802075,17.821710488474213,24
H1,week,fixed_0.01,trend,up,911,201.09991668496232,-18.855494178018688,405.9469000386275,23
H1,week,fixed_0.01,structure_regime,post_20240613,1663,-41.933376488276046,-230.55662751135796,149.19353654766775,28
H1,week,fixed_0.01,structure_regime,pre_20240613,292,148.91626335617772,-396.24036132402296,529.3428351598459,6
H1,week,fixed_0.03,side,-1,947,82.77792085533659,-57.11072497768475,204.1044337862622,33
H1,week,fixed_0.03,side,1,1008,53.218530605151706,-93.6307973497133,187.85729618972482,33
H1,week,fixed_0.03,volatility,high,926,-18.04123099352508,-207.89114772174537,165.40788871453532,24
H1,week,fixed_0.03,volatility,low,1029,144.54922235179876,6.664185315378619,278.3690539232426,25
H1,week,fixed_0.03,session,10to19,1373,133.3034337581921,27.53593316635367,228.58600599384008,33
H1,week,fixed_0.03,session,after19,567,-97.41267592592679,-356.4631592916685,119.72723857123451,33
H1,week,fixed_0.03,session,before10,15,282.8228399999622,162.60033000005714,374.57781999991965,3
H1,week,fixed_0.03,trend,down,1044,35.331413457850665,-161.28859693972518,209.59817394631918,24
H1,week,fixed_0.03,trend,up,911,104.44453814489633,-13.810653245036217,208.9440663752328,23
H1,week,fixed_0.03,structure_regime,post_20240613,1663,55.06237778111578,-90.00969413597626,185.89590618272746,28
H1,week,fixed_0.03,structure_regime,pre_20240613,292,138.58299880137378,0.05481327867920434,318.54520355873234,6
H1,week,fixed_0.05,side,-1,947,0.0,0.0,0.0,33
H1,week,fixed_0.05,side,1,1008,0.0,0.0,0.0,33
H1,week,fixed_0.05,volatility,high,926,0.0,0.0,0.0,24
H1,week,fixed_0.05,volatility,low,1029,0.0,0.0,0.0,25
H1,week,fixed_0.05,session,10to19,1373,0.0,0.0,0.0,33
H1,week,fixed_0.05,session,after19,567,0.0,0.0,0.0,33
H1,week,fixed_0.05,session,before10,15,0.0,0.0,0.0,3
H1,week,fixed_0.05,trend,down,1044,0.0,0.0,0.0,24
H1,week,fixed_0.05,trend,up,911,0.0,0.0,0.0,23
H1,week,fixed_0.05,structure_regime,post_20240613,1663,0.0,0.0,0.0,28
H1,week,fixed_0.05,structure_regime,pre_20240613,292,0.0,0.0,0.0,6
H1,week,fixed_0.1,side,-1,947,200.5759138331612,-9.431411168974458,417.944246322906,33
H1,week,fixed_0.1,side,1,1008,380.2958899801495,174.01468538652918,589.3410477531055,33
H1,week,fixed_0.1,volatility,high,926,260.53211090711966,38.77711700786832,487.41485616857597,24
H1,week,fixed_0.1,volatility,low,1029,322.6733846452882,73.17340459418203,564.9711128214946,25
H1,week,fixed_0.1,session,10to19,1373,77.21614304442616,-140.05696436207714,309.61921725639445,33
H1,week,fixed_0.1,session,after19,567,811.1166574955847,396.9188289621462,1234.2232818346424,33
H1,week,fixed_0.1,session,before10,15,490.8492200000502,-799.5043599999136,2520.3659000000143,3
H1,week,fixed_0.1,trend,down,1044,357.9597145593827,125.34084092724348,592.1525606611686,24
H1,week,fixed_0.1,trend,up,911,219.0710268935224,-60.506239607329235,481.87547218255486,23
H1,week,fixed_0.1,structure_regime,post_20240613,1663,259.535680006008,84.63091757029603,429.3453491780238,28
H1,week,fixed_0.1,structure_regime,pre_20240613,292,485.1911357876818,-57.921194703407544,953.5230926791296,6
H1,week,fixed_0.2,side,-1,947,311.62486700105654,-127.20701772066059,784.2952772261249,33
H1,week,fixed_0.2,side,1,1008,433.1763577876925,163.5443260075104,694.6187689464529,33
H1,week,fixed_0.2,volatility,high,926,668.7488401187842,234.732668177573,1109.19219283735,24
H1,week,fixed_0.2,volatility,low,1029,109.31884523809566,-169.5271613267423,401.35789863829035,25
H1,week,fixed_0.2,session,10to19,1373,45.809382592861795,-288.3137477349485,391.83863359289745,33
H1,week,fixed_0.2,session,after19,567,1175.0313753968173,669.9055982863044,1724.9284585113069,33
H1,week,fixed_0.2,session,before10,15,174.096370000001,-722.1019800000479,940.5114299999568,3
H1,week,fixed_0.2,trend,down,1044,582.6277711685785,199.45242091539808,934.3415904091261,24
H1,week,fixed_0.2,trend,up,911,135.55117958287425,-233.43642896618007,471.75300285786216,23
H1,week,fixed_0.2,structure_regime,post_20240613,1663,371.0957359591058,84.30446194487094,650.3843380060606,28
H1,week,fixed_0.2,structure_regime,pre_20240613,292,392.52845479452594,-3.278513448247533,759.3989894531414,6
H1,week,fixed_0.5,side,-1,947,311.8449863780375,-278.6139043174722,830.0910535577124,33
H1,week,fixed_0.5,side,1,1008,839.971606249994,415.0040820033051,1264.96861736978,33
H1,week,fixed_0.5,volatility,high,926,648.5815021058257,-8.645481318480721,1372.841144417324,24
H1,week,fixed_0.5,volatility,low,1029,526.1633724489806,108.03103509154235,922.4471232802103,25
H1,week,fixed_0.5,session,10to19,1373,158.51222920611653,-329.5139706865211,610.1760464314029,33
H1,week,fixed_0.5,session,after19,567,1612.9703140211593,999.0823190871156,2265.6438592028576,33
H1,week,fixed_0.5,session,before10,15,654.4748300000222,-667.4752999998913,1771.1797399999464,3
H1,week,fixed_0.5,trend,down,1044,621.2175161398437,161.60447178339734,1104.7553972576611,24
H1,week,fixed_0.5,trend,up,911,541.6657457189888,-27.657106197613068,1000.0205988462537,23
H1,week,fixed_0.5,structure_regime,post_20240613,1663,580.3118888153905,175.92279804821877,974.8470660490773,28
H1,week,fixed_0.5,structure_regime,pre_20240613,292,605.992842808223,166.08638467434332,1049.9110099056531,6
H1,week,price_0.0005,side,-1,947,25.5262237592398,-26.420266707431793,70.92138247830792,33
H1,week,price_0.0005,side,1,1008,54.935352182538786,-6.245433806546298,122.18634457811925,33
H1,week,price_0.0005,volatility,high,926,37.70917354211543,0.13115696603797408,78.71325537412032,24
H1,week,price_0.0005,volatility,low,1029,43.37169504373207,-13.01671165855064,106.32682227813275,25
H1,week,price_0.0005,session,10to19,1373,39.125239730518125,-9.00031616129712,89.74796648749846,33
H1,week,price_0.0005,session,after19,567,43.46609065255287,-38.53049040324222,145.99419277735632,33
H1,week,price_0.0005,session,before10,15,78.92942333335486,0.0,141.25852000006526,3
H1,week,price_0.0005,trend,down,1044,24.88325335248864,-29.91608544015893,79.46446687218611,24
H1,week,price_0.0005,trend,up,911,58.80357014270148,10.07801385867123,117.21728751028564,23
H1,week,price_0.0005,structure_regime,post_20240613,1663,47.83413644016788,4.39168077729391,89.74246278311435,28
H1,week,price_0.0005,structure_regime,pre_20240613,292,0.0,0.0,0.0,6
H1,week,price_0.001,side,-1,947,79.47343125660664,-109.79302934119582,286.6743467806149,33
H1,week,price_0.001,side,1,1008,346.5064254960255,170.36418883749516,523.5833614654491,33
H1,week,price_0.001,volatility,high,926,203.8458507559393,-3.785885573309543,413.5489778547524,24
H1,week,price_0.001,volatility,low,1029,229.1336817298351,14.065809044750589,450.4089935052096,25
H1,week,price_0.001,session,10to19,1373,80.64699679533717,-110.36483532929329,288.64382262614373,33
H1,week,price_0.001,session,after19,567,533.3406956790161,199.9470663249059,885.7328516568136,33
H1,week,price_0.001,session,before10,15,760.4876833333358,-674.4343799999035,2965.704769999937,3
H1,week,price_0.001,trend,down,1044,240.27824530651392,38.351476739184015,453.45793337144113,24
H1,week,price_0.001,trend,up,911,190.65787947310602,-60.09202199820684,433.798132873218,23
H1,week,price_0.001,structure_regime,post_20240613,1663,166.30470742633662,16.570158394532633,314.2875171783113,28
H1,week,price_0.001,structure_regime,pre_20240613,292,506.76399948630956,-40.33118399356991,970.2136280939319,6
H1,week,price_0.002,side,-1,947,307.2142364308375,-97.21463243994971,746.36221110288,33
H1,week,price_0.002,side,1,1008,253.4285290674557,30.964770415011664,475.82912322090306,33
H1,week,price_0.002,volatility,high,926,533.0598138228925,160.81564867316857,917.0042628821453,24
H1,week,price_0.002,volatility,low,1029,51.28712497570454,-203.01210900360718,304.7853162933624,25
H1,week,price_0.002,session,10to19,1373,-7.96985021849933,-322.4599592982999,323.5969812213508,33
H1,week,price_0.002,session,after19,567,969.5610402116358,506.1336054579663,1469.726565711755,33
H1,week,price_0.002,session,before10,15,505.9555833333662,-614.4647900000022,1576.5347199999617,3
H1,week,price_0.002,trend,down,1044,445.11042504789293,112.42887820846131,750.1244108807891,24
H1,week,price_0.002,trend,up,911,89.6734966520288,-215.24015904610607,379.70158081860336,23
H1,week,price_0.002,structure_regime,post_20240613,1663,257.85746725796554,23.331099942361053,499.9793599553719,28
H1,week,price_0.002,structure_regime,pre_20240613,292,402.63996969178726,-91.90794371851916,849.9125523728884,6
H1,week,price_0.005,side,-1,947,289.06254736008617,-231.8873676439408,759.6086013386237,33
H1,week,price_0.005,side,1,1008,781.9426568948355,406.5753718329891,1134.4194457424492,33
H1,week,price_0.005,volatility,high,926,640.5946555075542,11.47269552341598,1268.9738238710472,24
H1,week,price_0.005,volatility,low,1029,455.53914431486936,62.32411663345951,807.5181734062203,25
H1,week,price_0.005,session,10to19,1373,166.04805371449353,-310.1389593213365,587.981383413538,33
H1,week,price_0.005,session,after19,567,1473.169496472655,851.5838820352602,2125.5621715455054,33
H1,week,price_0.005,session,before10,15,-88.71011666660827,-1051.6708399999777,1196.245450000012,3
H1,week,price_0.005,trend,down,1044,614.9960143678137,141.2950985628141,1083.8191211347917,24
H1,week,price_0.005,trend,up,911,460.905149835344,-102.48472134642358,868.8488801778756,23
H1,week,price_0.005,structure_regime,post_20240613,1663,541.2129539386619,166.0653079333077,907.1890043779252,28
H1,week,price_0.005,structure_regime,pre_20240613,292,554.4633154109617,196.67658899220044,984.3046783734641,6
H1,week,q_0.5,side,-1,947,348.5315976240841,-120.77310412288419,834.3015826505474,33
H1,week,q_0.5,side,1,1008,323.60714260911794,75.07780770505954,590.1943461093266,33
H1,week,q_0.5,volatility,high,926,572.7531115010758,132.33716905405112,1016.1376670113133,24
H1,week,q_0.5,volatility,low,1029,122.33823270165442,-154.42906380991235,408.4766204439171,25
H1,week,q_0.5,session,10to19,1373,56.11852381646054,-274.0544938942681,383.05220568624185,33
H1,week,q_0.5,session,after19,567,1025.0719799823603,503.0397674471372,1615.731796265271,33
H1,week,q_0.5,session,before10,15,-134.07487666667518,-1406.6822999999847,1489.309659999954,3
H1,week,q_0.5,trend,down,1044,556.0828514367776,185.56032063993007,911.9410707949359,24
H1,week,q_0.5,trend,up,911,83.10090647640267,-260.95386868987555,396.23500542967344,23
H1,week,q_0.5,structure_regime,post_20240613,1663,277.7700319302434,6.277010715421606,551.9989625905542,28
H1,week,q_0.5,structure_regime,pre_20240613,292,665.4926698630268,140.2359771310347,1112.051469686425,6
H1,week,q_0.75,side,-1,947,28.462706599791893,-606.9764862581659,595.480141627068,33
H1,week,q_0.75,side,1,1008,908.1972973214217,291.51385062773363,1497.7612766653658,33
H1,week,q_0.75,volatility,high,926,563.4547086932982,-107.43936118088628,1300.4977189559568,24
H1,week,q_0.75,volatility,low,1029,408.802719727893,-47.01349786599724,852.8307841565414,25
H1,week,q_0.75,session,10to19,1373,50.243517589220275,-464.60821531215765,542.2974805766413,33
H1,week,q_0.75,session,after19,567,1535.3027180775944,897.9736981222421,2149.716862315776,33
H1,week,q_0.75,session,before10,15,194.40453666670547,-1150.3202499998624,2258.576799999983,3
H1,week,q_0.75,trend,down,1044,624.7378914272006,206.53421887523953,1105.4606093254097,24
H1,week,q_0.75,trend,up,911,318.5408344676166,-426.8662158714501,894.4737516427167,23
H1,week,q_0.75,structure_regime,post_20240613,1663,459.39258950691243,-7.750272576990851,885.4421489578843,28
H1,week,q_0.75,structure_regime,pre_20240613,292,611.1204880137014,180.450197727275,1093.361757471263,6
H1,week,q_0.9,side,-1,947,-128.19358949313263,-947.0236422047448,590.940817781642,33
H1,week,q_0.9,side,1,1008,1268.792552430548,421.6854739809761,2095.427750927164,33
H1,week,q_0.9,volatility,high,926,646.8084781317426,-53.6440094442298,1470.6007095295379,24
H1,week,q_0.9,volatility,low,1029,542.856086345969,-45.53579355077877,1105.6349934606437,25
H1,week,q_0.9,session,10to19,1373,91.0956704297156,-493.15761153630575,648.7410001497483,33
H1,week,q_0.9,session,after19,567,1789.5468091710684,1008.9509930748154,2562.2190556120586,33
H1,week,q_0.9,session,before10,15,1186.4111533333694,-2574.886240000012,5313.312979999968,3
H1,week,q_0.9,trend,down,1044,891.2769927681973,383.99625583021276,1498.8788066567904,24
H1,week,q_0.9,trend,up,911,249.23203419319208,-630.0575661660333,897.1517121048886,23
H1,week,q_0.9,structure_regime,post_20240613,1663,509.0856793746213,-37.54851410158849,1045.1226947855337,28
H1,week,q_0.9,structure_regime,pre_20240613,292,1064.8427356164405,627.6006015570986,1504.0418563829746,6
H1,week,selected_atrD,side,-1,947,225.366864149952,-180.39183099430917,636.3894838966226,33
H1,week,selected_atrD,side,1,1008,660.0367785218174,355.0314902133238,985.4687923795989,33
H1,week,selected_atrD,volatility,high,926,758.4999615010729,201.51614069366698,1375.2648909069308,24
H1,week,selected_atrD,volatility,low,1029,171.39798712342346,-105.09413662951567,444.9703631883892,25
H1,week,selected_atrD,session,10to19,1373,81.74350487982359,-291.14382402199607,443.1933190365172,33
H1,week,selected_atrD,session,after19,567,1349.3652029100492,784.0708051387504,1983.5850881979286,33
H1,week,selected_atrD,session,before10,15,94.37272333337933,-545.852439999994,753.4995699999785,3
H1,week,selected_atrD,trend,down,1044,679.9628869731748,259.13102415475925,1107.3100388685243,24
H1,week,selected_atrD,trend,up,911,185.35481789242792,-250.7093129403789,543.8059627814356,23
H1,week,selected_atrD,structure_regime,post_20240613,1663,467.774586800959,145.47456826781527,793.7172325105024,28
H1,week,selected_atrD,structure_regime,pre_20240613,292,345.3094357876767,-40.32615193777385,702.3034566101679,6
H1,week,selected_atrH,side,-1,947,184.78169202745792,-256.9700919402429,646.887223444741,33
H1,week,selected_atrH,side,1,1008,509.4417567460259,213.21553641661862,807.0489293655631,33
H1,week,selected_atrH,volatility,high,926,603.5048313714814,105.82603171783757,1103.8721605354735,24
H1,week,selected_atrH,volatility,low,1029,126.00590796890648,-143.61702941472745,393.7949344366077,25
H1,week,selected_atrH,session,10to19,1373,56.31231329206186,-305.3768239539732,397.05987220815075,33
H1,week,selected_atrH,session,after19,567,1091.3355338624256,526.4903266580927,1699.9557891960892,33
H1,week,selected_atrH,session,before10,15,-506.56671333329956,-1934.432899999855,691.9458399999694,3
H1,week,selected_atrH,trend,down,1044,581.9325339559356,149.05484881005302,998.1357952458862,24
H1,week,selected_atrH,trend,up,911,88.87814237102076,-301.9320017752381,417.61902398811804,23
H1,week,selected_atrH,structure_regime,post_20240613,1663,332.6076828322276,37.60488767268151,630.0092553212525,28
H1,week,selected_atrH,structure_regime,pre_20240613,292,463.6266321917881,148.2076601587357,742.5918219596014,6
H1,week,selected_combo,side,-1,946,184.4588183403833,-256.9700919402429,647.0532140816937,33
H1,week,selected_combo,side,1,1007,510.2206691161803,213.21553641661862,808.0741268610104,33
H1,week,selected_combo,volatility,high,926,603.5048313714814,105.82603171783757,1103.8721605354735,24
H1,week,selected_combo,volatility,low,1027,126.04165735151331,-145.50167655668142,394.7111757735818,25
H1,week,selected_combo,session,10to19,1372,55.99605389941753,-305.9509214390715,397.0582574776411,33
H1,week,selected_combo,session,after19,567,1091.3355338624256,526.4903266580927,1699.9557891960892,33
H1,week,selected_combo,session,before10,14,-523.1126928571455,-2349.3103749999545,691.9458399999694,3
H1,week,selected_combo,trend,down,1044,581.9325339559356,149.05484881005302,998.1357952458862,24
H1,week,selected_combo,trend,up,909,88.83684323432266,-301.9821107266884,418.4348364237597,23
H1,week,selected_combo,structure_regime,post_20240613,1661,332.87855469596263,37.792217118287084,630.035827019945,28
H1,week,selected_combo,structure_regime,pre_20240613,292,463.6266321917881,148.2076601587357,742.5918219596014,6
H1,week,selected_fixed,side,-1,947,311.8449863780375,-278.6139043174722,830.0910535577124,33
H1,week,selected_fixed,side,1,1008,839.971606249994,415.0040820033051,1264.96861736978,33
H1,week,selected_fixed,volatility,high,926,648.5815021058257,-8.645481318480721,1372.841144417324,24
H1,week,selected_fixed,volatility,low,1029,526.1633724489806,108.03103509154235,922.4471232802103,25
H1,week,selected_fixed,session,10to19,1373,158.51222920611653,-329.5139706865211,610.1760464314029,33
H1,week,selected_fixed,session,after19,567,1612.9703140211593,999.0823190871156,2265.6438592028576,33
H1,week,selected_fixed,session,before10,15,654.4748300000222,-667.4752999998913,1771.1797399999464,3
H1,week,selected_fixed,trend,down,1044,621.2175161398437,161.60447178339734,1104.7553972576611,24
H1,week,selected_fixed,trend,up,911,541.6657457189888,-27.657106197613068,1000.0205988462537,23
H1,week,selected_fixed,structure_regime,post_20240613,1663,580.3118888153905,175.92279804821877,974.8470660490773,28
H1,week,selected_fixed,structure_regime,pre_20240613,292,605.992842808223,166.08638467434332,1049.9110099056531,6
H1,week,selected_price,side,-1,947,289.06254736008617,-231.8873676439408,759.6086013386237,33
H1,week,selected_price,side,1,1008,781.9426568948355,406.5753718329891,1134.4194457424492,33
H1,week,selected_price,volatility,high,926,640.5946555075542,11.47269552341598,1268.9738238710472,24
H1,week,selected_price,volatility,low,1029,455.53914431486936,62.32411663345951,807.5181734062203,25
H1,week,selected_price,session,10to19,1373,166.04805371449353,-310.1389593213365,587.981383413538,33
H1,week,selected_price,session,after19,567,1473.169496472655,851.5838820352602,2125.5621715455054,33
H1,week,selected_price,session,before10,15,-88.71011666660827,-1051.6708399999777,1196.245450000012,3
H1,week,selected_price,trend,down,1044,614.9960143678137,141.2950985628141,1083.8191211347917,24
H1,week,selected_price,trend,up,911,460.905149835344,-102.48472134642358,868.8488801778756,23
H1,week,selected_price,structure_regime,post_20240613,1663,541.2129539386619,166.0653079333077,907.1890043779252,28
H1,week,selected_price,structure_regime,pre_20240613,292,554.4633154109617,196.67658899220044,984.3046783734641,6
H1,week,selected_q,side,-1,947,-128.19358949313263,-947.0236422047448,590.940817781642,33
H1,week,selected_q,side,1,1008,1268.792552430548,421.6854739809761,2095.427750927164,33
H1,week,selected_q,volatility,high,926,646.8084781317426,-53.6440094442298,1470.6007095295379,24
H1,week,selected_q,volatility,low,1029,542.856086345969,-45.53579355077877,1105.6349934606437,25
H1,week,selected_q,session,10to19,1373,91.0956704297156,-493.15761153630575,648.7410001497483,33
H1,week,selected_q,session,after19,567,1789.5468091710684,1008.9509930748154,2562.2190556120586,33
H1,week,selected_q,session,before10,15,1186.4111533333694,-2574.886240000012,5313.312979999968,3
H1,week,selected_q,trend,down,1044,891.2769927681973,383.99625583021276,1498.8788066567904,24
H1,week,selected_q,trend,up,911,249.23203419319208,-630.0575661660333,897.1517121048886,23
H1,week,selected_q,structure_regime,post_20240613,1663,509.0856793746213,-37.54851410158849,1045.1226947855337,28
H1,week,selected_q,structure_regime,pre_20240613,292,1064.8427356164405,627.6006015570986,1504.0418563829746,6
